id,prediction
2tpi,5.4248
5tln,7.1055
4tln,6.5914
6rsa,5.1536
1rnt,4.3615
6cha,2.8908
4ts1,4.2264
4tmn,7.8807
2tmn,6.2752
1tlp,5.352
1tmn,6.2957
5tmn,7.4994
4fab,6.3039
1p01,5.7089
3at1,6.7026
1p05,8.0843
1p10,6.7307
6gch,5.6456
7gch,6.9655
1p04,5.5082
1p06,8.0692
1p03,6.7307
1p02,6.2401
8abp,4.7682
1rbp,7.3646
7abp,3.4353
6abp,5.7958
1fkf,8.934
9icd,4.8601
4er1,6.0269
5er2,5.9236
4er2,8.8486
2ypi,4.0573
4er4,6.4021
5apr,5.3023
3er5,5.2168
4apr,4.5514
5hvp,8.7995
6cpa,6.9399
2er9,5.905
2er0,5.9184
4sga,5.8909
2er6,5.7076
3er3,6.8774
5er1,5.3429
9abp,4.7682
1bap,5.7958
5abp,4.7682
8gpb,4.0962
1apb,3.4353
7gpb,4.0962
1stp,10.9956
5est,8.157
6tim,4.3495
6gpb,4.9238
9hvp,7.5868
4tim,4.251
4est,7.5261
4phv,6.7132
1rne,5.8705
1ind,7.5593
1igj,7.0733
1fkb,7.815
1gca,4.932
1l83,3.07
2avi,9.4318
1rin,4.932
1dmb,4.4188
1atr,5.3982
1dbb,6.9641
1pop,5.2687
1gpy,4.352
1abf,3.4353
1rgl,4.3615
6rnt,3.9403
1rgk,3.9403
3gst,5.106
1cps,4.345
7hvp,6.2065
2gst,5.106
2lpr,6.7307
3lpr,8.0843
1ppm,10.6998
1hos,7.6258
1ppl,9.6209
9lpr,6.6939
8lpr,8.0692
5lpr,6.2401
1bcd,4.5163
1ivp,6.2947
1trd,7.5682
6lpr,8.0843
7lpr,6.6939
1mns,3.4145
1ths,6.1998
1htf,4.7735
2hmb,6.3202
1him,5.3187
1dbj,7.8512
1hte,4.2081
2dbl,5.1847
1htg,3.9637
1thr,5.3961
1acj,6.2901
1dbk,7.8688
1hsl,5.5538
2drc,7.6345
1sre,4.1302
1sri,5.5262
1tka,6.2078
1abt,5.2685
1lst,5.382
1tkc,5.5688
1avd,9.4318
1ctr,4.3144
1hgi,3.2016
1hgj,2.9227
1dhj,7.6345
1tys,4.8428
1sps,5.9757
1pyg,4.0962
1adl,7.3198
1mfd,4.6237
1hge,2.9683
2cgr,6.9644
1dhi,7.6345
1srg,5.2713
1erb,7.6346
1mfa,4.4358
1tni,4.3787
2ctc,4.9224
1add,5.3158
1tmb,4.1719
1elc,6.3747
1wht,6.0185
1tsi,5.0697
1cil,5.6266
2sim,4.258
1thl,6.2887
1tnh,4.9141
1ela,7.1288
1cbx,3.8608
1inc,5.5452
1ppc,5.6741
1hps,7.5967
1fig,4.4862
1tet,6.0436
1azm,5.6617
1rpa,3.2956
1tng,4.7414
1pph,7.127
1ett,6.0161
1cim,5.4699
1csi,4.7666
1cin,6.1724
1fki,5.7864
1rpf,3.9388
1gbt,4.5517
1apw,8.8489
1fkg,5.265
1tkb,6.467
1nnb,4.2054
1tnj,4.2737
1ent,5.5588
1hvl,7.2467
7cpa,6.932
1epo,6.3353
1hvk,7.2467
1hvi,7.2467
1tnl,4.6785
1bra,3.6838
1hgt,5.0112
1els,3.3653
1eed,6.3164
1heg,8.7078
1sbg,6.2237
1apv,8.8493
1hef,8.6144
1agm,6.5204
1ppk,8.8486
1csh,4.7665
1iht,4.7793
1lyb,9.098
1tnk,4.4263
1dwc,4.1235
2cht,4.9091
1aaq,8.0978
1hvj,7.1368
1epq,6.4382
1dwd,5.6741
1epp,7.1388
1ets,5.6741
1elb,6.1955
8cpa,6.6741
1fkh,6.0255
1siv,8.0978
1mnc,6.58
1fta,4.0962
1shd,5.5211
1tps,7.2919
1idb,7.3414
1hrn,7.1617
1drj,4.955
2dri,4.955
1drk,4.955
1flr,6.3039
1tyr,6.8877
1hmr,7.4175
1hms,7.4175
1cbr,7.12
1hmt,6.3202
1cka,4.6172
1utr,6.338
1ahx,5.3826
1cny,3.7289
1laf,6.3954
186l,2.3298
1cnw,4.1541
184l,5.7103
1lcj,6.0558
1yda,5.6617
185l,3.7607
1pgp,5.2697
1lah,3.8915
187l,4.9075
1cnx,4.025
1ahy,4.3635
188l,4.4391
1ckb,4.7439
1ydb,5.6617
1lag,5.5538
1prl,6.9925
1prm,6.9925
1rlp,5.0265
1rlq,5.0265
1ydd,5.6617
1cgl,6.2134
1ele,7.1847
2ada,4.9823
1fpc,4.9013
1eld,5.6774
1lcp,4.9599
2srt,6.0349
1pdz,4.0573
1tyn,3.944
1hvr,6.3124
1atl,6.4065
1tpw,7.5682
1hpv,8.0081
1css,4.5656
1ctu,5.4728
1gar,7.1118
1eat,8.4111
1ebg,3.3653
1hdt,4.6275
1bty,3.6838
1eas,6.6023
1ibg,8.2386
1fiv,8.3265
1bma,5.661
1ctt,5.6252
1csr,4.5657
1hbv,8.1309
1std,6.3703
1qca,6.9434
1hvs,7.2467
1hii,7.318
1lan,4.112
1hti,4.0573
1ppi,6.6608
1hih,7.318
1vrt,6.7063
1vru,5.2382
1rth,7.5729
1bil,6.4715
1pig,8.952
1bim,7.1186
1fpi,4.0962
1inf,3.6801
1cwc,7.7839
1rti,5.3185
1gym,5.4891
1cpi,5.6872
1mik,7.2314
1inh,3.3848
1qwf,4.9856
1nja,4.2169
1qwe,4.9111
1njb,4.5892
1gaf,5.3194
1sts,6.9927
1tsy,4.5892
1cea,4.5366
1dar,6.5028
1slg,6.1354
1lkk,5.5211
1lkl,5.845
1tsv,4.5892
1nje,4.7403
1str,6.2361
1ceb,3.0411
1njd,4.5892
1njc,4.2169
1mai,6.1764
1zsb,5.6617
1sld,7.0514
2olb,6.1558
1pot,5.8808
1btn,5.693
1det,4.3615
1kel,5.723
1sle,6.7513
1swi,3.07
1mmq,6.5822
2upj,6.4824
1lhc,3.8781
2csm,4.5336
1grp,4.1998
1fmb,7.1069
1sln,6.0349
1lhd,5.4621
1lhe,5.4271
1hsg,6.6874
1hsh,6.6874
1igb,5.3175
1jrs,5.3446
1aht,4.5145
1mmp,6.211
1pbk,7.815
1jao,5.5213
1gai,5.1067
1tcx,6.2237
1cwb,7.8146
1rdn,6.1108
1amn,5.5343
1dud,4.9624
1gah,6.5204
1gno,4.6463
1rdj,4.7736
1gnn,4.6463
1dif,7.2824
1bmn,4.5955
1rev,5.648
1jaq,5.8088
2csn,4.5558
1mmr,7.2515
1mtr,6.9297
1hpx,6.1533
1rdl,4.8782
1gnm,4.6463
1pro,5.0854
1noi,5.3195
1noj,5.3195
1nok,5.3195
1bmm,6.8791
1lhg,5.4623
1lhf,5.4619
1rdi,5.822
1mdl,3.8253
1rnm,3.9388
1tcw,6.2237
1fkw,4.437
1kvo,4.2338
1tze,5.5103
1lt6,4.2902
1jlx,5.0119
1bkm,6.2309
2rox,9.2258
1jld,6.1915
1lt5,3.3906
1tvr,5.648
1uwb,7.0671
1dth,6.8487
1rt2,5.8476
1aq1,7.9548
1rt1,5.8385
1lfo,6.3202
1avn,5.4201
1rbo,5.1903
1drv,4.6494
1aqj,5.509
1bxl,5.8661
1okl,5.0146
1ao0,6.1022
1nlp,5.1075
1avp,4.8698
1jev,5.3406
1aj7,5.3194
1jeu,5.9515
1ag9,8.9664
1ado,4.3997
2adm,4.879
1aqi,4.693
2h4n,5.6617
1nlo,4.8074
1gbq,5.2706
3gbq,5.2706
2mas,7.1617
1rst,6.4343
1aqc,6.017
1shc,6.5737
1jet,6.2815
2hrp,7.395
2aac,3.4353
1irs,5.8244
1mpa,6.6127
1nox,8.9664
1uvt,6.5067
1qbt,6.5651
1qbr,5.4383
1ajq,4.7359
1qbu,6.7777
1ai7,5.341
1ai6,4.128
4vgc,7.4027
1hxb,6.4653
1sqc,4.888
3mbp,3.0808
1ai5,5.5588
1ad8,6.5829
1dmp,5.4308
1qbs,5.2287
1pau,6.7365
2kce,7.8492
1hpo,6.5573
1af2,5.4972
1vgc,6.4277
1yds,4.9736
3gss,5.5223
1dub,5.2064
1uvu,4.6965
2gss,5.9025
1ajx,6.1994
2rkm,6.7009
1h4n,2.4639
3aid,6.2887
1aid,6.5473
1al7,5.8667
1ajv,6.0887
1ajn,4.4242
1fwe,4.0228
1vfn,4.3168
1juy,5.0807
1vot,4.6314
1ydr,6.6496
3vgc,7.4027
1ai4,5.0441
7upj,5.3935
1anf,3.0808
1al8,6.3271
1fax,7.4855
6upj,4.4038
1ydt,4.7197
1uvs,6.8516
2vgc,6.829
1ajp,4.1441
1amk,4.0573
1ml1,4.0573
1tom,5.6702
1sme,8.8486
5upj,4.4038
2jxr,6.3353
1rtf,3.6838
1bm2,5.9447
2pax,5.8943
1vik,7.0925
4aig,7.0028
4pax,5.9739
1a2c,5.7794
1bmb,5.8347
1aq7,6.1839
1bl4,4.9968
1fgi,5.1976
2aig,5.852
3pax,4.3096
3aig,6.0176
1agw,8.1074
2qwg,4.2054
1bji,4.2054
1bmq,7.0529
1ao8,7.6345
1skj,5.6183
1err,7.2082
1a5v,4.847
1akv,7.5582
1b7h,6.4105
1b6h,6.3347
1a4k,5.9129
3pcj,3.7416
1b1h,6.7355
1ax2,5.5394
1b39,5.6014
1bcj,4.8548
1b0h,6.9469
1b38,5.6014
1a7x,7.9809
1a09,6.288
3pck,4.7658
1x11,5.292
220l,3.07
223l,3.07
1a07,6.1485
1a1b,5.8407
1a1c,6.1013
1ax1,4.4
1bcu,5.7149
2nmb,7.2252
1wdn,4.5191
1b3h,7.0315
1axz,4.932
1a9q,4.3168
1ax0,4.2622
1akq,7.5582
1akr,7.5582
1jmg,4.5892
1jmi,4.5892
1b5h,6.1606
1a4h,4.064
1aj6,4.9587
1yet,4.064
1bbz,5.4125
1vwn,7.0514
1jmf,4.5892
1gux,6.6162
1b3l,6.0083
1b3f,4.9372
1af6,4.0026
1azg,4.9618
1axs,6.6276
1br8,4.9111
1a1e,5.5167
2izl,10.127
1vwl,7.0392
1azl,7.5582
1a08,7.4849
1akw,7.5582
1b3g,5.1505
4tmk,5.6305
3pcn,5.0441
1amw,5.3982
1b2h,6.1552
1a99,5.5264
1akt,7.5582
1b4h,6.1545
1a3e,6.2303
1bm7,4.5585
1vwf,6.1967
5tmp,5.625
1bhf,5.3468
1swg,9.708
4rsk,5.1536
1a0t,3.4151
1at5,5.5711
1aku,7.5582
1b05,6.1597
1b32,6.039
1at6,5.5711
1awi,4.2513
1usn,4.7329
2qwe,4.2054
1bv7,5.4383
1a5g,4.9603
1xug,6.2993
1bxo,5.9056
1bv9,5.4383
1a52,6.6418
1bhx,8.9705
1tbz,5.4455
1bdr,6.2237
2usn,6.1006
1moq,3.0698
1alw,4.2367
1bdq,6.236
1met,5.2287
10gs,5.8836
1br6,7.0539
1ayu,6.8402
1tsl,5.1984
1awh,4.994
1meu,5.2287
2wed,7.3521
1awf,3.5283
3pcf,3.9395
1tsm,5.0482
2pri,4.3167
1a4w,4.9053
1bdl,6.236
3tlh,7.6574
2amv,5.9202
1a8t,7.2495
3pce,4.6658
1ayv,7.2491
1b5g,5.3323
1mem,7.7801
2wec,10.1549
1a9m,4.6463
1hvh,5.232
1au2,7.1953
1ilq,6.4744
2qwd,4.2054
1b4d,3.4337
1hxw,7.0656
1bju,6.4113
2qwb,5.7102
6cgt,6.23
2qwf,4.2054
4mbp,3.0808
1a61,4.6282
1bwa,5.4383
1bjv,6.2963
1a46,6.633
1b0f,5.7701
1mes,5.2287
1bjr,6.0326
1au0,6.7723
5fiv,7.9721
1a7t,3.4299
1afk,5.7428
3pcc,4.9973
3jdw,4.2619
2hpa,3.9935
2qwc,4.2054
1hfs,6.9511
1ohr,7.0468
1a8i,4.3242
1bwb,6.5651
2prj,5.1754
1lox,4.6417
1b11,7.9721
1bxq,8.0253
3pcb,4.1173
1bq3,6.5566
3pch,4.5287
1a28,6.515
1auj,6.9915
1a30,5.3996
1afl,4.6341
1axr,5.2983
1ibc,5.3388
3pcg,4.128
1a69,7.1665
16pk,5.5771
1bq4,3.5574
3bls,5.3492
2web,9.7343
6fiv,7.9721
1aw1,4.0573
1stc,7.9948
1jfh,4.592
1a4g,4.2054
1bl7,7.8727
1bmk,7.1704
1qf5,5.9751
1bqm,5.6815
1a9u,6.8539
1db4,5.6827
1db5,5.6858
1bl6,6.857
1qfs,6.3827
1qti,4.6775
1vij,7.0758
1c3r,5.0378
1bqn,5.6815
1qf4,5.9751
1cj1,7.0341
1a86,4.4885
1biw,7.3289
5prc,6.6064
2cbr,8.2354
1cx9,4.4599
6prc,7.9369
1bqo,6.0097
3erk,7.8727
1qs4,5.1406
1bio,4.1717
1b9v,5.7819
1zfp,6.2949
1qpf,8.7754
4erk,6.0334
1czq,6.5691
1qpl,8.5148
1b2i,3.0411
1a4q,4.2054
1a85,6.0172
1c50,6.3169
1bug,5.7901
3znc,7.0551
1c9d,6.4684
1eve,6.9686
3cbs,7.3563
7prc,7.9369
2cbs,8.3109
1cw2,5.3215
1c5f,7.7866
1b9t,4.2609
1bnm,5.1002
1bnn,5.4186
1d3v,6.1883
1swr,10.9956
1a42,7.2067
1bn3,5.0821
1bnt,5.4673
1bkj,7.297
1b2m,5.1942
5fwg,5.106
2a2g,6.2216
1bnu,5.4907
1a4r,6.0206
2ay3,4.1665
1a50,5.3286
1bnq,6.3105
1rpj,4.8782
1ct8,5.1421
1bn1,4.8113
1bn4,5.1895
1azx,5.2614
1d4p,5.416
1czl,8.9664
2ay6,5.1088
1bnw,4.7447
1czr,8.9664
2ay4,4.6564
2ans,4.9432
1ork,4.4696
1bnv,5.1002
1c12,3.8535
2bow,3.233
1fpp,6.2902
1b9j,5.7954
1qka,6.5198
1d4w,5.9118
1vr1,5.639
2ay2,3.9286
3tmk,6.6069
1bky,5.1696
1bux,5.2459
1mxl,5.4225
1d2e,5.594
2ay5,5.0183
1bgq,4.5301
3kiv,4.5366
1qsc,5.8813
1sm3,5.7551
1d7i,4.5677
5a3h,4.2376
1b58,6.3592
1d04,8.9664
1czo,8.9664
2pcp,5.6103
1bt6,5.1837
1yei,5.1368
1yej,8.1227
1b5j,6.2663
1bzy,8.0904
1b55,6.2207
1qja,5.8434
1b51,6.0807
1qkb,5.6619
2ay7,6.3573
2ay1,4.713
1clu,5.3828
2ay8,4.1252
1d7j,4.6742
1b46,4.9866
1b40,5.9686
1b4z,6.3048
1bzf,5.9771
2ay9,5.2841
1evh,7.5854
1aze,4.9424
1qk4,4.114
1d4t,5.7073
1qk3,5.9813
1qaw,4.7784
1b52,4.634
3mct,5.1053
3mag,4.5108
1bwn,6.2207
1m6p,5.0994
2mpa,6.6127
1b5i,7.2343
1b42,4.2276
1d4y,6.6906
3erd,5.2459
2std,4.8895
456c,5.9139
1bzh,6.1207
1sfi,6.249
1ch8,6.945
1oth,5.8397
3ert,5.2168
1bo5,5.4993
1dfo,5.0777
1ca8,5.9165
4yas,4.0099
1bxr,3.7478
1pme,6.3749
2bpx,6.6874
830c,7.077
5yas,6.2226
1a5h,5.413
1ba8,6.2547
1ekb,5.6413
1cet,6.6112
2bza,4.7045
11gs,5.5223
1dg9,2.8997
3amv,5.9202
1qin,5.9338
1cp6,5.5056
1qf2,7.8917
1bzc,7.5814
1xka,4.913
1bm6,4.0413
1a94,5.8821
1b8y,8.1867
1d5r,3.2956
1ce5,3.6838
1caq,6.4881
7std,4.8895
6std,7.1418
1mfi,4.8516
2sfp,3.4483
1bai,7.7138
2bpv,7.0078
1c3x,5.0771
1bzj,5.5025
966c,5.9695
1b8o,8.6322
13gs,5.1787
1upf,5.2779
1c3e,7.492
1a0q,8.1394
1c3b,6.0134
1qhc,5.3689
2tsr,7.8492
2fmb,6.7241
1cr6,5.7339
1bgo,7.31
4fiv,7.3561
1qcp,4.6849
1b8n,7.0515
1d6n,4.9316
5std,6.1811
1ciz,6.4881
2bpy,7.8052
1bb0,5.9165
1hwr,6.3556
7kme,5.459
1qbv,7.0581
1qjb,7.1251
1qf0,5.2939
2fgi,6.4597
4std,6.3703
1qf1,6.3271
1qbq,6.3314
1icj,3.6655
3std,6.0009
4prg,4.987
2toh,4.4036
3usn,5.8148
1zzz,4.5078
1b56,6.0161
1yyy,4.5078
1ody,6.7241
1qr3,8.1071
1eei,4.2902
1d5j,7.0169
1e02,6.6077
1e00,9.7921
1eef,7.6979
1dzj,4.3697
1c3i,5.2422
1bzs,7.8244
1fv9,5.0642
1efi,7.3327
1qhr,4.2445
1ftk,4.0058
1fd7,6.7876
1d8f,7.6134
1qj6,5.0897
1c8k,6.6859
1di8,6.9402
1cqp,6.6744
1fyr,6.3868
1e06,5.6602
1e1y,6.6859
1qpe,6.0659
1d8e,6.2158
1dmt,5.352
1d8m,6.8985
1qkn,7.2082
1dzp,4.9078
1dzm,4.931
1d7x,5.6311
3gwx,7.2802
1exv,7.1392
1c29,5.1143
1c8v,4.4566
1qtn,6.1184
1ezf,7.537
1dtt,6.5149
1di9,6.8632
1c8l,5.9202
1dx6,4.6775
1dtq,6.0965
1em6,5.4817
1dm2,5.2891
1ftj,5.0702
1qj7,4.7381
1fsg,4.7585
1ftl,4.475
1qj1,5.6154
1fao,6.6024
1fl3,6.7055
1d2s,8.1752
1df8,10.9956
1qku,6.6418
1g52,6.238
1d3q,8.331
1c7f,7.5582
1dl7,5.1591
1g1d,6.3895
1flm,7.5582
1e03,5.6439
1db1,6.087
1fcz,6.4612
1fbm,7.0125
1d3d,8.9078
1f4y,4.6977
1dzk,6.0316
1g53,6.238
1qkt,6.6418
1czc,3.8958
1czk,8.9664
1g54,7.2472
1g46,6.238
1duv,5.0868
1ggd,7.5215
1qft,3.7008
1ddm,6.2119
1fhr,7.2021
1f8a,4.1167
1ql7,6.1251
1c5c,5.3442
1elr,5.399
1ff1,6.1797
1qng,7.7866
1qiw,4.1855
1dpu,4.7551
1f40,7.765
1g4j,7.2472
1dkd,6.5825
1e8h,5.5346
1g45,6.3895
1cze,3.2315
1f4x,5.0485
1fo0,4.895
1om2,5.6051
1e5a,4.6237
1ftm,4.4174
1fzq,6.5028
1fj4,6.6847
1g1e,6.268
1e4h,6.859
1g48,6.238
1fcy,6.3076
1bp0,4.5892
1d3p,8.5019
1qpb,3.9613
1g4o,5.8355
1c7e,7.5582
1ej4,6.1106
1g6g,5.1402
1g6r,6.7233
1etz,6.535
1f3j,6.0041
1fcx,6.4899
1d6v,6.6276
1fch,6.1057
1d6s,3.2587
1dva,6.866
1qnh,7.7866
1c1u,5.495
1c4v,6.3794
1b57,5.656
1c1r,5.1388
1c1v,6.2993
1f7b,4.4018
1c4u,6.9576
1c70,6.609
1fjs,6.4204
1fh8,5.1816
1fhd,4.9422
1gfz,3.6554
1e37,4.8558
1c5x,5.0696
1d1p,2.8997
1f3e,5.8368
1c6y,6.6874
1fh9,5.517
1c5q,5.0696
1e6s,4.4765
1d4k,7.3316
1d9i,6.3413
1ec9,3.8856
1fq8,6.3295
1f74,5.9204
1ezq,7.423
1eoc,5.0055
1ecq,3.8856
1c5s,7.4784
1f4e,4.6618
1doj,4.7638
1e34,4.9653
1qm5,3.2315
1fkn,5.8733
1d4l,7.5657
1b6k,7.2456
1f0t,7.4855
1dqn,7.353
1e2k,2.6971
1d6w,6.9694
1exw,6.3474
1b6j,5.7464
1c4y,6.2388
1fq6,6.4261
1erq,6.4796
1qbn,4.5588
1c83,4.9317
1ecv,3.8819
1qji,6.6502
1gfw,6.154
1qb1,7.189
1eoj,5.2084
1ek1,6.7911
1f0s,6.3659
1qbo,7.6192
1qaq,5.8948
1ylv,3.5331
1f57,5.3189
1hlf,4.0611
1ejn,7.0898
1c5n,5.0696
1c86,6.5461
1c5p,3.6838
1f0r,7.2376
1c85,5.0612
1f4f,8.1412
1c2t,7.492
1d09,8.5998
1egh,4.0573
1ggn,4.3242
1fq7,5.6181
1c5o,3.6838
1f4g,7.7447
1qan,5.168
1fw0,4.0058
1qb9,7.5434
1eol,5.219
1fq4,7.8305
1b6p,5.877
1fq5,6.1451
1f73,5.3908
1ql9,6.1251
1qi0,3.3526
1dy4,8.926
1b6m,6.9297
1c88,5.866
1fh7,4.9491
1ero,7.705
1b74,5.5168
1qm4,5.2394
1e2l,2.6971
1b6l,7.2566
1ek2,7.0326
1ft7,5.4035
1c5y,3.7212
1c87,6.5461
1f0u,7.423
1bsk,7.0144
1e55,4.8041
1gfy,6.3202
1enu,5.3497
1qq9,4.7804
1eix,5.8677
1dgm,5.2144
1c5t,3.7212
1qb6,4.1217
8a3h,5.0362
1c84,5.0142
1ci7,8.0688
1c5z,3.6838
1dqx,9.0169
1jlq,5.0135
1h8y,6.1307
1joj,6.0437
1jbd,5.5673
1g37,8.5553
1i7m,4.463
1ft4,5.225
1hvy,7.8492
1jik,5.9922
1fo3,3.1522
1jq3,4.5447
1i7c,5.6841
1k2i,5.3297
1i91,6.09
1i8z,6.1119
1i90,6.3587
1jvp,5.5289
1jj9,6.428
1hc9,6.2111
1iep,6.1656
1fvv,6.319
1g2a,6.8635
1k1p,6.6156
1g49,6.2572
1h5u,6.3169
1jii,5.2918
1f0q,5.5657
1g4k,5.8889
1ikw,5.0168
1cs4,4.6384
1fo2,5.881
1haa,6.0033
1i32,4.9543
1hbj,5.2299
1g05,6.8985
1jje,3.1534
1fls,6.1434
1e9h,4.8602
1i8j,2.3025
1jij,5.3506
1jk7,9.4263
1hs6,7.8246
1g5s,7.9464
1jil,4.9135
1iky,7.1191
1ikv,5.0168
1i72,4.8903
1fvt,6.9666
1ikx,4.768
1i33,5.0579
1g27,7.0224
1jjt,2.8845
1j7z,6.321
1jd6,6.3096
1ie9,6.087
1j81,6.321
1hn4,5.5082
1fwv,4.9787
1fwu,4.9787
1jd5,6.4798
1j4q,5.1627
1i80,3.6532
1j80,6.321
1k3q,6.0493
1g3f,6.1022
1ex8,4.7128
1g7v,5.6139
1i7z,6.1741
1ka7,5.8234
1h6e,4.636
1hiy,5.7212
1e3g,5.7751
1hn2,4.4155
1h8s,4.0288
1j4p,5.0536
1k3n,5.0536
1j4k,7.2021
1ih0,6.7836
1f90,5.2619
1k1l,6.4924
1fzo,4.7936
1h61,7.457
1k1n,4.9551
1h62,7.8529
1k03,5.4509
1hq5,6.7192
1i9n,6.824
1ha2,5.2315
1fzm,6.4726
1h60,8.9292
1f47,6.5018
1if8,5.6669
1ii5,5.5264
1joc,6.2235
1k1i,6.7808
1k1j,6.0607
1i8h,5.0717
1jgl,6.6418
1i9l,7.2406
1i9m,6.824
1i9o,6.6609
1h9z,5.2315
1i9p,7.2609
1i9q,7.2401
1imx,5.4128
1if7,5.6669
1ewj,6.6915
1iq1,5.2009
1fl6,5.723
1ikt,6.7971
1k1m,5.8474
1jmq,5.0733
1ilh,6.2759
1e3v,4.7011
1fe3,6.3202
1fzk,4.7936
1h6h,5.5275
1k9r,5.8849
1fdq,7.0472
1i5h,5.0873
1idg,6.1498
1k9q,6.4834
1gny,6.538
1g6s,4.2323
1fzj,6.4726
1i1e,7.5528
1j4r,6.0053
1f8c,4.2054
1e66,5.5652
1fsy,5.4879
1g7g,6.9713
1jzs,4.5406
1i37,5.9449
1hp0,5.8417
1k9s,4.1023
1fsw,5.5548
1i00,7.8492
1hnn,5.6479
1hqh,5.6782
1f92,6.7813
1e72,5.4516
1jp5,4.848
1h9l,5.4878
1e6q,3.4622
1g42,5.5653
1hqg,4.4706
1iih,4.1529
1e1x,5.3743
1hdq,5.2336
1f1j,6.7122
1g3c,3.588
1g3b,4.5966
1eub,4.0413
1e5j,4.6626
1juj,7.2713
1hlk,5.1276
1hqf,7.2864
1i6v,4.8435
1g2k,5.5886
1f2o,6.5914
1f2p,3.9272
1e1v,5.68
1g30,9.5651
1f8e,4.2054
1ga8,4.22
1f28,5.814
1f5k,3.6838
1fm9,5.0214
1fpy,2.8288
1i48,5.9799
1g5f,4.36
1jak,6.1715
1g3d,4.5966
1i43,4.1715
1iem,6.1717
1iew,3.1642
1iig,3.1419
1dxp,5.9143
1i41,4.3612
1hp5,5.7438
1g2o,8.6322
1f9e,6.5024
1g98,5.6915
1g9r,4.4223
1jsv,6.8543
1g7f,6.8129
1hi4,4.598
1ik4,7.5682
1f8b,4.2054
1g3e,3.588
1hee,5.2336
1k06,6.0956
1k08,6.0956
1f8d,4.2054
1g2m,9.1255
1jh1,5.0686
1jut,6.519
1f5l,6.0038
1jd0,5.6617
1f9g,3.6929
1g2l,9.5651
1hv5,7.5153
1hi3,4.356
1k1o,4.6444
1g36,9.1255
1efy,5.7715
1jr1,8.0535
1g35,6.2628
1gcz,5.1764
1gag,6.2383
1g32,9.1255
1jtq,7.4895
1jjk,5.7393
1iau,4.71
1ga9,5.2055
1hyo,4.2469
1hi5,6.1022
1l6y,3.9714
1kkq,6.0798
1i7i,5.9405
1il9,5.9161
1m5c,4.4058
1kz8,6.7063
1gzg,4.1025
1h1q,5.75
1i7g,5.9405
1kat,6.2974
1ld7,7.9542
1il4,5.9888
1ktt,9.2138
1jyi,4.9483
1kmv,5.1594
1klg,5.6765
1m5f,3.8228
1juf,5.4429
1iyl,7.0383
1ke8,6.0916
1jiz,4.0413
1il5,6.2677
1h1r,5.7305
1lev,4.7903
1m7q,7.3447
1il3,5.6483
1m5e,3.8228
1hww,5.107
1klu,5.1418
1kak,4.4401
1ld8,7.6272
1ijr,6.3668
1eou,7.1545
1l6s,2.3025
1hy7,4.8791
1kyn,4.9705
1hxk,5.1866
1hty,2.4639
1gmy,7.1754
1nd5,4.4299
1jg0,6.4986
1ke6,7.6352
1inq,5.7041
1ke5,6.2048
1jdj,4.6005
1lqf,6.7159
1g9a,6.2993
1g9b,5.0145
1g9c,5.0145
1g9d,6.2993
1k3t,5.8321
1ke9,6.0772
1mzs,6.1775
1ljt,5.0986
1ke7,4.9939
1m5d,4.4058
1m5b,5.046
1llb,5.5411
1m7y,3.4517
1lbf,5.4943
1jyc,6.2056
1n4k,5.7094
1lrh,5.4428
1li6,3.7683
1kv2,5.9215
1is0,5.746
1gz9,4.9135
1gzc,4.4
1esz,6.0951
1gx8,7.3646
1m83,5.6014
1g50,6.6418
1gui,5.9528
1lhw,7.1028
1lgt,3.9518
1kdk,8.1752
1kl5,5.7689
1kv1,7.0554
1lhv,8.2845
1kzn,5.6408
1kyv,6.0722
1kl3,6.1493
1lek,5.605
1lhu,7.5744
1guw,4.9654
1m74,4.431
1lgw,3.7435
1l5q,3.6554
1jm4,5.6353
1jpl,6.607
1leg,5.605
1k6v,6.5378
1mwt,5.3555
1h2t,5.6082
1h2u,6.7526
1h79,5.0086
1l5r,6.1962
1h7a,4.8954
1lvc,4.1953
1kf0,3.668
1mwn,4.9614
1l2z,4.9979
1i8i,6.3486
1l0a,5.4589
1j5i,5.4136
1k6t,6.9133
1gwr,5.5921
1mq1,4.9614
1jyq,6.6773
1g85,5.8274
1jq9,6.658
1lf8,6.5771
1h0a,5.693
1k6c,6.6874
1k2v,6.6933
1k6p,6.2478
1n5z,5.9812
1jlr,4.7596
1gu3,3.3526
1fd0,6.3051
1l5s,5.6091
1li3,6.0088
1kll,4.2582
1jif,7.1584
1lxh,6.1498
1lbk,5.0286
1lkx,5.3982
1gwq,5.605
1m48,8.1957
1gni,6.707
1lxf,6.4019
1lb6,5.2812
1g7q,5.6413
1ez9,3.806
1kmy,4.094
1g7p,5.3469
1gnj,7.1865
1li2,5.341
1l7x,3.6554
1ghy,5.0836
1gj7,6.9883
1izh,5.6016
1gi4,6.0337
1d4h,6.8866
1ec2,3.9258
1gj6,6.9883
1gj8,8.3207
1mto,5.6036
1kuk,6.1584
1m0q,4.4855
1kug,6.233
1kui,5.9084
1h1b,5.493
1ihy,5.1154
1kqb,4.6808
1eby,6.8895
1ke3,6.2681
1izi,5.6016
1gzv,5.6915
1gz4,5.309
1loq,4.4146
1kf6,6.0248
1koj,5.3334
1gpn,7.0814
1j01,5.1789
1jqe,5.9304
1m4h,4.8635
1ebz,6.6087
1lol,5.5421
1gjb,5.0474
1gjc,5.0474
1ksn,7.0625
1gqs,6.3115
1gi6,4.7106
1ew9,5.057
1l8g,6.3294
1gvk,6.1405
1h22,5.6428
1ebw,6.1988
1ec3,6.847
1jq8,5.8613
1fv0,5.6689
1ec1,6.2772
1h2k,4.247
1mui,7.4337
1d4i,7.1688
1k4g,5.0318
1kpm,7.2131
1kav,3.7823
1kds,5.1051
1lf3,9.3241
1gvw,3.9969
1h5v,4.0514
1gj5,5.0474
1km3,5.148
1h1p,5.68
1jqy,3.4442
1j15,3.6838
1j16,3.6838
1me4,5.8687
1jwt,6.4516
1nde,7.1838
1ghz,6.9689
1lee,9.6946
1gvu,4.5965
1iup,4.8089
1kdw,4.3365
1h4w,3.6838
1m1b,4.4149
1gyy,5.6383
1g9s,4.1407
1l2s,5.7407
1n1m,3.3127
1ec0,6.6524
1gyx,4.0947
1gi1,4.2921
1gja,6.1927
1jys,4.7698
1lf2,10.4648
1gu1,4.8125
1gi7,6.9689
1j14,3.6838
1iiq,6.3436
1h8l,4.7249
1kti,4.0452
1eb1,6.4097
1kc7,6.099
1it6,4.9731
1k21,4.6444
1ke0,5.1636
1gpk,4.6314
1d4j,6.8932
1h23,5.6428
1m0o,3.6308
1kzk,6.5129
1mhw,6.6206
1ghv,6.9689
1i2s,2.2216
1k22,6.6156
1kfy,6.5945
1ew8,4.7262
1g9t,6.218
1j17,6.1251
1m0n,4.8274
1gi9,6.1071
1gjd,6.6084
1jqd,4.693
1gvx,5.7151
1ll4,7.0753
1kv5,4.0573
1ghw,4.2921
1me3,6.0673
1los,5.148
1h1s,5.6788
1h1h,4.356
1jcx,5.6139
1k4h,4.779
1jvu,3.9189
1lor,5.8677
1gi8,6.0337
1gj4,6.9883
1eb2,5.6381
1q6m,5.763
1q6j,6.7112
1q6n,5.0925
1j1a,5.0997
1onp,5.0759
1oir,7.2181
1ogu,5.8577
1nq0,6.7944
1mzc,6.7437
1nyx,5.558
1g3m,6.483
1ouk,7.7204
1n7t,5.0109
1okx,7.3716
1mqd,3.9582
1ms7,3.9582
1pqc,6.8491
1kwr,4.8172
1mqh,5.6489
1q9m,6.4022
1nl4,6.7566
1mqg,5.7603
1ol2,5.7979
1oyn,6.4022
1kwq,4.0191
1okv,6.0522
1ove,8.1031
1pxl,7.2151
1n94,6.8561
1n95,6.7151
1o5m,7.089
1nzq,7.9778
1n0t,3.6601
1p2a,6.265
1q6s,7.1763
1h0w,5.6479
1pxj,5.272
1h3b,7.3749
1p5e,5.6554
1pmv,6.2047
1q3d,7.9548
1njt,7.033
1mkd,7.5753
1pxi,5.8822
1m51,6.1879
1o6h,7.4359
1h36,6.1731
1urc,6.5818
1uom,7.2407
1npw,7.6596
1nhx,6.9893
1n9a,6.4093
1pxk,6.1989
1oiq,8.072
1mm6,5.9271
1mm7,5.9271
1pyw,5.1861
1ol1,5.7276
1q41,6.091
1h01,7.4487
1mqi,5.797
1o6q,5.0399
1h3a,7.0155
1h39,7.2513
1h08,7.2055
1h35,6.6741
1nnk,3.7712
1h3c,7.7054
1h00,6.7877
1q6p,6.6213
1h07,6.7686
1mxu,5.6489
1my3,5.6489
1ouy,6.7386
1mqj,5.8116
1rgj,5.7088
1o79,6.1185
1q3w,4.369
1okw,6.1838
1nmk,6.9365
1npv,7.2489
1pmu,6.5864
1h37,6.1533
1q6t,7.1641
1o0d,7.9779
1onh,6.5077
1oe0,5.0086
1gsz,7.4861
1pmn,7.0203
1pmx,6.5588
1pq6,6.6991
1o6r,5.2815
1ong,7.584
1nf8,5.0345
1o7o,5.9354
1gx0,5.9354
1nzl,5.8912
1mv0,5.3579
1oeb,5.6136
1q72,6.1741
1qyg,6.3042
1p1n,4.0058
1hk2,9.2258
1usi,4.09
1ugy,3.7232
1n4m,5.7468
1ov3,5.343
1o5p,5.8901
1gww,5.9354
1hk3,9.2258
1mrw,6.4577
1g74,7.4175
1o9k,6.5677
1gt3,9.7921
1ms6,7.0108
1gt4,6.6077
1h28,6.0421
1nzv,6.5785
1usk,6.6926
1m7d,6.2915
1h24,6.154
1mh5,6.4611
1njf,7.1696
1msn,6.5129
1ogx,7.3158
1ugw,4.529
1gt5,4.9078
1ogd,5.9216
1n8u,5.5544
1n8v,5.5544
1q8u,6.976
1ugx,5.3478
1ogz,7.3158
1ols,6.1628
1ntv,4.6666
1urg,4.4
1p1o,5.9271
1mjj,6.4611
1h25,4.4006
1n7m,7.1127
1obx,5.0134
1r0p,7.6794
1oai,6.0836
1r2b,5.956
1n3w,3.0808
1p1q,4.4174
1i3z,5.8309
1r0x,6.4288
1r10,6.4288
1jws,5.4142
1j19,5.6054
1q8t,7.2155
1oif,6.3364
1p93,6.1858
1gt1,4.4155
1lnm,7.8784
1ow4,4.7724
1hk1,9.2258
1h27,6.1749
1o9d,6.2579
1gwv,3.3526
1h26,6.3006
1ngw,6.7013
1oz0,5.4795
1h3h,5.4369
1ofz,4.7736
1mn9,5.4116
1q9d,7.0771
1nli,5.1881
1jwm,5.4142
1m13,6.9077
1uj0,5.4743
1q4k,5.855
1umw,5.7396
1oko,4.932
1uh1,3.965
1lv8,5.247
1oba,4.4648
1nu8,4.7861
1p28,4.0587
1lke,8.0523
1osg,6.6853
1ntk,5.6839
1msm,6.5129
1n0s,7.9206
1r17,6.2688
1olu,6.1628
1oe7,4.3876
1oe8,4.3876
1m7i,5.883
1mj7,6.4611
1jwu,5.4142
1lvu,5.247
1oim,5.207
1hk4,9.2258
1q4l,6.0342
1py1,5.4613
1p7m,4.5234
1olx,6.1628
1ow6,4.7321
1ow7,4.7321
1ow8,4.7453
1pz5,5.5794
1hk5,9.2258
1q8w,6.2728
1oqp,4.9396
1mfg,6.1832
1ppx,6.186
1pun,6.186
1puq,6.186
1pus,5.9815
1gx4,5.9354
1m5w,3.5876
1mrx,6.4577
1mau,5.6014
1p4u,4.5864
1pdq,5.4007
1ucn,4.431
1ox9,6.6112
1nw5,4.9242
1q5l,5.7576
1odi,4.6298
1nu1,5.8651
1o9e,4.8975
1l6m,4.5711
1om9,6.5477
1nw7,5.7726
1iwq,5.8282
1maw,5.6014
1gwm,4.2166
1odj,5.4212
1jn2,4.9736
1onz,3.6965
1o3e,5.2967
1o3f,5.2967
1o3g,5.2967
1o2t,7.0307
1j07,5.0309
1o2q,9.0914
1lyx,4.0573
1lzo,4.0573
1pf8,6.8006
1n46,6.3128
1oyt,7.1533
1nhg,5.8928
1o3h,6.3943
1o3i,6.3943
1o2h,7.6297
1o39,4.5477
1o3b,4.5477
1o3c,5.0474
1o3d,5.0474
1nz7,6.4637
1nm6,5.5366
1m9n,4.9932
1o2j,7.3648
1o2k,7.3648
1pvn,4.3881
1nnu,4.8476
1o37,5.8057
1o38,5.8057
1nlj,6.2902
1nq7,7.817
1mpl,5.5106
1o30,5.8418
1o3j,5.3741
1o3k,5.3741
1ony,7.2542
1gz3,5.309
1o3p,8.1075
1n7i,4.8797
1o86,7.9331
1n4h,7.8481
1o3l,5.1318
1nms,6.6252
1m2r,4.5381
1n7j,3.5449
1nax,5.0344
1o2o,8.0886
1pbq,3.9572
1iy7,5.1763
1o6i,7.2687
1k1y,6.5204
1qwu,3.9337
1nc1,6.1636
1o2g,5.2967
1m2p,5.4852
1o2z,4.5055
1m2q,6.1661
1o2n,5.8154
1nhz,6.5702
1pu7,4.306
1pu8,5.7645
1os0,7.7757
1k27,9.7255
1p6d,5.2846
1j37,4.8152
1nfw,8.242
1nl9,6.4456
1o36,6.1414
1p6e,5.4586
1ms0,4.2054
1o0h,6.1022
1n3i,9.1943
1nfy,6.2775
1nt1,4.3368
1ny0,5.016
1o2u,7.0566
1o2v,4.8541
1o2w,4.8541
1o2x,4.8541
1o2y,4.8541
1q54,6.4288
1ny2,4.4154
1lq2,5.1676
1pxh,7.3886
1o32,4.5024
1o33,7.3181
1o34,7.3181
1mf4,5.664
1p0y,3.9272
1nu3,3.8474
1my4,5.7603
1nc6,4.8618
1kr3,5.1276
1nc3,5.5703
1o35,4.7621
1jn4,5.5834
1oyq,9.5651
1mrs,5.5126
1ndv,5.5482
1ph0,6.6954
1pr5,5.2543
1npz,7.6843
1nhw,5.9035
1n1t,4.2054
1n1v,4.2054
1n51,4.9271
1o2p,7.7901
1lqe,7.0281
1njs,5.9556
1nvs,7.6706
1oss,3.6838
1my2,4.5336
1j36,7.9331
1nfu,6.3851
1mcz,3.8253
1mq5,6.1404
1mxo,6.9984
1lf9,4.9346
1o8b,4.2941
1n5r,5.1607
1nhu,5.6538
1nhv,6.3718
1lrt,3.4987
1h0r,4.8125
1nyy,5.9494
1nny,5.8136
1owk,5.6949
1pb9,4.7021
1no9,6.0915
1orw,6.2583
1lpz,5.5175
1nj1,8.3282
1pcg,6.7817
1pa9,5.1374
1h46,8.926
1np0,5.9402
1owi,7.8462
1lpk,5.0599
1i5r,6.3538
1nfx,6.5146
1pyn,6.707
1o2s,6.0337
1pq3,6.7192
1mrn,7.1159
1my8,6.438
1ozv,5.0966
1no6,5.2733
1nym,6.7743
1nwl,5.6384
1lzq,7.3699
1nl6,7.3561
1jt1,6.7789
1owh,5.501
1ocn,5.2501
1owj,6.3489
1o1s,6.2907
1ps3,5.8609
1nvq,7.2517
1nj5,7.6915
1nqc,7.2211
1ndw,3.953
1o0f,4.598
1pr1,7.1665
1h1d,6.8962
1o2r,6.857
1owd,5.785
1ocq,5.6132
1q1m,6.0046
1n3z,5.1536
1owe,4.6806
1nxy,7.9199
1me7,4.3798
1me8,4.3798
1ndy,6.3802
1pb8,4.7342
1o0m,5.1536
1p2g,4.1432
1qx1,4.237
1ndz,6.7685
1nvr,7.9948
1m2x,6.7789
1mq6,8.784
1lpg,6.7123
1o0n,5.1536
1n2v,5.2372
1ui0,4.3622
1njj,5.8044
1o0o,4.356
1od8,5.1789
1qxk,5.7802
1lqd,6.3274
1uv5,5.0117
1xom,5.7883
1xbc,8.4344
1vjb,5.2168
1xon,6.375
1vjy,6.8995
1xlx,5.7883
1q1y,8.5142
1r5g,6.8692
1xm4,6.375
1xdg,6.508
1rs4,6.2821
1py2,6.6381
1unh,6.091
1r58,6.9524
1vj5,6.7911
1v0p,6.3673
1rv1,6.1923
1ung,6.6948
1r5h,7.0206
1rwq,4.9632
1unl,7.0324
1oiu,5.5714
1tkz,4.6941
1xnz,4.3167
1o45,6.225
1snk,6.4652
1so2,6.5682
1xdd,6.5224
1rsd,6.0505
1pzj,4.1272
1t46,6.1656
1tl1,4.69
1xor,7.5753
1o4d,5.2892
1o4f,6.0108
1xm6,6.8616
1xp6,6.9905
1tow,3.4426
1xn0,6.4022
1o4e,5.2413
1xp1,6.9905
1tl3,4.0882
1x81,7.8532
1xoq,7.7999
1tkt,4.7009
1uu3,7.0153
1rhk,6.6989
1tu6,6.0248
1xmu,7.7999
1sj0,7.2971
1ni1,6.1789
1xlz,6.7512
1o41,5.1827
1pum,4.932
1xp0,5.4501
1uze,6.6884
1o4k,4.6674
1xoz,6.6604
1xp9,7.6105
1tqf,6.5129
1utz,5.572
1rri,5.6683
1ros,5.4606
1xpc,7.6105
1hkm,5.6802
1s9v,5.4009
1tlo,6.7428
1o46,5.1917
1sqb,6.5503
1o4a,4.9227
1tg5,7.7072
1wdy,5.1995
1uyh,6.8119
1uu7,6.5766
1uy9,6.0022
1qxy,2.3997
1uyk,3.9036
1rhq,5.295
1rhm,5.4048
1w22,4.6937
1qxz,3.9622
1tou,6.3791
1uvr,7.0726
1uym,5.1522
1npa,7.6596
1tve,6.5533
1o43,5.8164
1o4i,5.1536
1o4p,4.1047
1hkj,6.2293
1rtl,5.0745
1szm,5.7257
1xos,6.0098
1oq5,5.928
1uwh,7.5428
1t49,6.524
1soj,4.3395
1v3x,8.0884
1q6k,6.6783
1vcj,5.7212
1riw,7.518
1rrw,5.1448
1vyz,6.1567
1tkx,6.3526
1o4b,5.6321
1rhu,6.0921
1tl9,6.0849
1xh3,5.05
1o4q,3.5716
1o4o,5.795
1o4h,5.2923
1xot,5.4675
1o4r,4.4628
1uyf,5.1522
1t48,6.0272
1v1k,7.4104
1vyw,7.5219
1rsi,4.986
1rq2,3.4766
1o44,4.9397
1r78,7.523
1uyi,6.838
1o4j,5.4924
1hkk,6.0681
1uyc,7.8144
1o49,5.2382
1o48,5.4574
1o47,7.0226
1w4l,6.6089
1t1r,7.2622
1tv6,7.5588
1uu9,6.6943
1v0o,4.8602
1xmy,6.4022
1w51,6.9191
1ppw,6.4157
1rs2,4.1666
1py5,7.3028
1uyg,7.1189
1u59,8.4344
1okz,7.9554
1v2h,4.5954
1oky,7.563
1w6j,6.8835
1q0b,5.7439
1uk1,6.0565
1re1,6.4984
1oiy,5.7555
1oi9,5.7687
1pw6,6.6123
1rhr,6.9274
1w6r,4.6869
1w76,4.6869
1rxp,5.7774
1uy8,7.9779
1pfy,8.218
1tfz,6.3281
1qxw,6.3085
1t1s,6.5216
1rry,4.3587
1uk0,7.1195
1t4j,6.2093
1rhj,5.4065
1u32,9.4263
1o42,6.0944
1uu8,6.7961
1tfq,7.7524
1xsc,5.4784
1xzx,5.7774
1sr7,6.3277
1toi,5.3826
1utj,4.7045
1os5,5.6848
1oh4,6.2987
1s3k,3.4674
1vjc,6.4288
1ujk,5.4613
1vjd,6.4288
1nki,3.3879
1s19,7.0679
1utn,4.7045
1ru2,4.3562
1q4x,6.0444
1qy1,5.844
1toj,5.3826
1ukh,6.1498
1sqn,8.1364
1xow,5.7751
1udt,5.6232
1tpz,6.541
1tq4,6.541
1tog,5.3826
1uho,5.9808
1xb7,5.6273
1uod,4.0685
1xxh,7.1696
1w9u,4.6826
1oj5,5.3256
1ujj,5.8661
1t7d,6.4409
1utm,4.2737
1udu,6.6604
1t29,5.1597
1t7r,5.0471
1oay,6.9688
1ule,5.6786
1u1w,5.8813
1p17,4.1407
1ryf,6.2676
1qy2,6.2157
1v11,5.8159
1rmz,5.3858
1vyg,7.3198
1xws,6.7961
1sbr,8.0104
1v1m,5.8159
1pg2,4.1818
1uz8,5.5115
1nlt,7.0037
1v16,5.8159
1vkj,4.598
1rd4,6.4059
1ru1,4.3562
1pfu,3.9346
1ux7,5.9463
1xt3,6.1646
1uti,6.7504
1q1g,9.5116
1r5w,7.1503
1oau,4.9348
1ryh,6.1776
1w80,5.2696
1utc,6.891
1szd,5.4672
1xap,6.7349
1y0x,6.234
1xxi,5.5346
1t08,5.579
1uef,5.8453
1utl,4.4263
1tok,4.3635
1r5n,5.594
1u2r,6.698
1vea,5.8277
1xa5,7.078
1osv,6.3979
1r5v,5.9526
1qvu,5.4342
1utp,4.3787
1t2v,7.1488
1oar,4.8817
1r6n,8.1915
1qvt,5.4342
1td7,5.6615
1uw6,7.6582
1ttm,4.9125
1sv3,4.0645
1t37,5.8613
1w3j,4.6325
1r9l,5.3462
1s5q,6.268
1uto,4.2737
2bfr,4.431
1opi,5.2633
1sw1,4.3746
1u8t,5.0792
1uxa,3.969
1oxr,4.7873
1sw2,4.888
1pzi,4.3585
1ulg,4.3507
1q7a,5.236
1sje,5.9452
1w2x,5.6777
1uv6,3.3745
1p19,4.1407
1uxb,3.969
1rzx,5.5534
1nw4,8.5064
1x8s,5.2067
1u9l,5.023
1r4w,5.017
1sjh,5.6681
1vyf,7.4175
1rp7,5.3849
1vja,8.5652
1w1g,6.6777
1oxg,6.5503
1v0l,5.1816
1v0n,5.1816
1vj9,7.6731
1sqo,6.1673
1sc8,7.433
1ua4,4.6602
1pxm,7.4311
1xd0,4.6054
1pxn,7.0479
1sb1,7.5127
1pkx,4.9932
1vcu,4.9999
1om1,5.4574
1nh0,7.1547
1wc1,4.5488
1wc6,5.7202
1rjk,6.29
1pxp,7.4792
1qw7,5.6872
1uys,7.0985
1w1d,6.6777
1s4d,4.693
1xjd,7.9948
1q4w,4.561
1r5y,4.4215
1o5a,5.2967
1re8,6.6132
1t69,6.4118
1w3l,3.9612
1px4,3.408
1phw,2.7202
1pwp,6.795
1wm1,5.4897
1sqa,6.3486
1sqt,6.1369
1v2k,6.1251
1ta6,5.9825
1u0g,4.1057
1s26,5.948
1o5f,6.857
1uj5,3.6316
1uj6,5.0359
1xbo,6.2548
1s63,7.089
1uwu,5.0442
1uwt,5.0442
1mu8,8.1605
1v2n,5.0445
1r1h,7.9472
1u6q,5.0116
1ugp,5.9712
1sl3,6.8825
1q63,5.0318
1m0b,7.3699
1w5w,6.5712
1rql,6.2145
2bet,4.4699
1o5b,5.0696
1q66,4.2814
1ur9,7.4694
1o5e,6.9883
1u0h,5.1582
1qxl,6.5831
1o5g,6.857
1pwq,5.8323
1t3t,6.1022
1tl7,5.1582
1uz1,4.9466
1v79,6.2792
1xff,5.5264
1v48,5.2866
1pi5,6.9984
1v2o,6.3412
1v2p,6.3412
1sdv,6.6874
1u2y,5.0442
1txr,6.2558
1v2t,6.3412
1rm8,5.5497
1ssq,4.6786
1pxo,7.242
1pwu,7.6476
1mue,8.2301
1r1j,4.0891
1r1i,6.3271
1rdt,7.4492
1rek,7.1351
1s39,4.9728
1uou,6.4399
1v41,5.5027
1xs7,6.1775
1w8m,4.103
1u33,4.9329
1v2r,6.3412
1pk0,5.3661
1q95,8.5998
1w5y,6.5794
1q65,6.2399
1t4s,5.4408
1xxe,7.4717
1uml,6.8136
1w8l,4.1416
1ro6,6.4022
1pi4,6.438
1pye,4.9628
1q5k,6.821
1ta2,6.8005
1xkk,6.9531
1w5x,6.6692
1mu6,7.4034
1uz4,5.582
1p57,6.0337
1q83,5.5312
1sgu,6.6874
1v2u,3.6838
1v2v,3.6838
1rwx,7.9461
1pzo,3.3884
1pzp,5.0718
1s64,7.7343
1xbb,6.1656
1s89,4.0573
1w3k,5.4695
1v2l,3.6838
1v2m,3.6838
1sdt,6.6874
1v2j,3.6838
2bes,4.3687
1rej,7.1189
1rww,5.9699
1o5c,6.857
1ogg,7.5116
1ro7,4.709
1v2s,3.6838
1pl0,5.3372
1s38,6.3626
1w5v,7.1729
1thz,5.4809
1o5r,6.9354
1q91,4.3093
1pf7,8.6322
1v2q,6.3412
1sdu,6.6874
1q84,5.5129
1tuf,4.4993
1p4r,7.7578
1v0k,4.9491
1v0m,4.9491
1v7a,6.1928
1pwy,4.8866
1sh9,7.0656
1v2w,6.3412
1yt9,7.9444
1tt1,4.0058
2a5u,6.5356
1z6j,6.9339
1waw,4.4112
1yhs,7.543
2b54,5.8339
1y2k,5.5755
1y2j,5.5755
1y2h,6.9762
1y91,6.4986
1w83,6.9226
1z4u,6.9783
1yvf,4.4715
2a3x,7.1264
1yt7,6.6719
1s9t,5.9271
1y2e,4.8877
2ai8,5.2017
1rw8,6.9351
2c1a,4.8321
2a4z,6.8525
2byh,5.9651
1y2c,5.3592
2c6l,6.8248
1zz3,4.8503
1z6q,4.7538
1wbt,7.6857
1wbn,6.8135
2c6m,6.6896
2c1b,6.0272
1z34,5.6716
2byi,8.0306
1xhm,5.1661
2ai7,5.1143
1wzy,5.1561
1zh7,5.6996
1r6g,5.1526
1wbs,6.0645
2b53,6.3957
2c6k,6.677
2bz5,6.2512
1xo2,5.4633
1you,5.4183
2b5j,7.0049
1zz1,6.8782
1z6p,5.2778
2a3i,5.5819
1yc5,4.309
2c4g,7.5212
1w1t,6.2143
1u3s,5.1861
2bro,7.1419
1zyj,7.1508
2bge,4.7239
1wug,6.8515
1zuc,6.4815
2c68,6.9688
1x76,5.3203
1z3c,6.1502
1x7e,5.011
2c6i,6.7139
1zp5,7.7682
1wqv,8.6012
2f6y,5.769
1ywr,6.211
1x78,5.011
1ymx,5.0627
1yw2,7.7396
1yhm,5.5929
2a3a,5.0853
2b8l,8.3421
1ttv,6.6775
1wbv,7.1716
1y57,6.8784
1xh8,7.7039
1wss,8.6267
1x7q,4.6475
1wu1,6.0525
1x70,6.5353
1w82,5.8956
1yk7,6.545
1wbg,6.9905
1z9h,4.9925
2ban,5.2445
1zgv,6.5498
1y2d,6.6762
2aie,6.8418
1w1y,7.0638
2bbb,7.4362
2f71,5.2411
1x0n,6.9026
2bts,7.5797
2brh,7.0993
1y6a,6.1202
2c69,5.5879
2bmc,7.1904
1svg,7.2149
2be2,5.5501
2bpm,7.1168
2bw7,7.7142
1u3q,5.8239
1u9w,6.8489
1ynd,7.027
2a3w,6.2403
2aia,5.4165
1z5m,6.8062
1zkn,4.5659
2f70,5.3768
1wok,7.0984
1wcc,4.9611
1w84,4.99
1svh,7.0427
2f6v,7.0936
1y6b,6.5088
1veb,7.0941
1yi3,5.5558
1x7b,6.7934
1yvz,6.8093
1wb0,6.6369
1u9q,6.0836
2f6z,6.5151
1way,7.7742
1xog,5.6341
1xoe,4.2424
1wbw,4.5814
1yrs,7.1257
2a3b,4.1284
1w1p,7.6376
1zzl,8.2296
1wum,4.6487
2brn,7.962
1u9e,5.5371
1zrz,5.9779
1wv7,8.1124
1sve,6.5828
1u3r,7.2249
1w0x,6.0334
1zz2,6.2953
2brg,7.1436
1w1v,7.2687
1sqp,7.1512
1wun,5.5544
1xqc,6.9249
1xur,4.3928
1xuo,7.2913
1u9v,6.806
1xuc,5.0274
1u9x,7.8892
1yvx,3.5519
1zkl,4.5659
1wxz,7.4351
1zgb,7.6809
2brc,6.1778
1y2b,4.5642
1wax,3.9249
1xud,7.1949
1zxc,8.2848
2b52,7.6154
1zaj,5.7977
1wtg,6.6555
2btr,6.4397
2b55,6.767
1x8b,7.4633
2b8v,9.4464
1x7r,5.1551
1tft,8.3317
1t13,5.3357
2bfq,5.4672
1xt8,4.6786
1tr7,4.8663
1uwf,4.8663
2f01,10.9956
1tmm,4.3562
1zub,5.9687
2bmz,3.5336
1ysg,5.779
2aa6,6.515
2bys,8.4546
1w9v,6.2705
1z2b,6.5085
2ao6,5.7751
1s5z,5.1006
2bt9,4.7608
1y8p,5.4784
1yy6,5.4504
2byp,5.6885
1kjr,4.5836
1ws5,3.0329
1ws4,3.0329
1xk5,6.4152
1y8o,5.5346
1ydk,5.2385
2a29,4.8248
1wdq,3.0808
1vyj,4.9725
1ycm,5.0407
1z3j,5.0407
1yid,5.4784
1ykp,4.3805
1x9d,3.5501
1z3t,3.0808
2a58,6.0722
1y2f,6.7521
1xfv,4.7151
1xh7,8.1515
1sqq,5.461
1y3p,4.1129
2a0t,5.7758
1ywh,5.2164
1u1b,5.6478
1y19,5.475
1xh9,7.1438
1y0l,5.2066
1t7j,8.0081
2bz8,5.3003
2byr,6.8841
1y3n,4.2327
2c2l,5.2892
1xge,6.0527
1xr8,6.0386
1w70,6.1101
2bjm,5.7019
2agv,5.8267
2arm,7.0336
2a25,5.7393
2c3i,6.7304
1wva,6.7192
1yc4,4.941
1wdr,3.0808
1y98,5.5384
1w96,8.1464
1y3a,5.6168
1zhy,6.8898
1xz8,4.4146
2a4m,4.7784
2br8,6.504
1zkk,5.5633
1xh5,6.1482
1xh4,7.1438
2bj4,5.8931
1zhk,5.5875
1ywi,4.0232
2bak,7.1208
1tjp,4.3536
2baj,5.9343
1w6y,7.3158
1yvh,5.6963
1we2,3.24
1y2a,7.1142
1xq0,6.001
1zm6,5.8613
1xh6,8.1488
2bal,5.8303
2az5,7.4794
1x07,5.9794
2f8i,5.3797
1rr6,8.6322
2aeb,6.1883
1x8d,4.7736
1yc1,3.4331
1xr9,5.2323
1z3v,3.0808
2c1n,4.578
1t4e,5.4896
2f7i,3.6508
1y2g,6.1326
1xpz,5.3779
1vj6,5.7979
1zhl,5.5875
2b9a,4.2469
1w7x,6.3749
1wuq,5.5273
2ajl,6.2788
1yly,6.9328
1t4v,5.8293
2c3k,6.4275
1ysi,8.0624
1xn2,5.8553
1s50,5.0702
1x8j,7.8512
1tvo,4.5222
2etk,5.5082
2etr,5.6982
1wur,5.6992
1w31,2.5797
1ws1,6.8635
2bok,6.505
2a5s,5.0702
1w2k,7.0421
2b07,7.9415
1w0y,7.5515
2ax9,5.7736
1yys,5.9923
1yvm,5.4701
2ayr,7.8366
1yyr,5.9923
2ael,5.9923
2esm,5.7772
1wcq,4.2054
1ym1,7.9199
2b17,6.562
2c3j,5.3654
1z71,7.8686
1x6u,3.9509
1x39,6.6285
1z1r,7.6119
1y1z,5.6415
1zxv,4.8659
1xgj,4.8819
2br6,5.7139
1yms,5.016
2brm,7.1459
1x38,5.1676
1zp8,7.5292
1zdp,6.5151
1zyr,7.5516
1zoh,5.507
1w2h,4.66
2ad5,5.6806
2brb,6.9398
1x7a,8.513
1z6f,5.3193
1xk9,6.3264
1xgi,5.7026
1ya4,7.2061
1y1m,5.6415
1wkm,5.8394
1v1j,4.0927
1y3w,4.1164
1x8t,4.1667
1ybg,6.8266
2afw,4.5582
2aou,4.0551
1wvj,3.9958
2adu,5.5209
1w4p,5.308
2bvd,6.2352
2a14,5.168
2erz,6.1199
1t31,7.955
1z9g,5.0914
1ze8,3.9289
1wn6,6.0789
1y3v,4.0477
1y3y,5.3489
2azr,4.6634
2bo4,2.968
1yqy,7.1654
1t5a,3.4422
2f6t,5.769
1tx7,5.7342
1u65,6.6397
2ax6,5.3633
1w2g,3.3038
1y6q,9.0055
2bgn,6.6087
1z4n,4.3919
1z4o,4.3919
1u71,5.2041
1syi,5.9504
1wvc,4.7544
1vzq,4.0632
2a3c,4.1979
2aow,7.8804
2aox,7.8804
1t32,7.955
1syh,5.9504
1z6d,4.3158
1zgi,6.9734
1y20,5.6337
1vyq,5.4379
1xn3,5.8707
1zoe,6.394
1xnx,7.2601
1yfz,4.1407
1z6s,3.4784
1z1h,6.8762
1zpa,7.3904
2al5,5.797
1w4q,3.8328
2b7f,5.9254
1rt9,8.6322
1y4z,7.8181
1yxd,5.1866
1t5f,5.7846
1xhy,3.8084
2c6o,5.6025
1w4o,5.1536
2afx,5.4691
2br1,7.1434
1yqj,7.5689
1zog,4.9252
1y3x,4.5358
1x8r,4.1667
1z95,7.663
1y6r,8.049
2exm,5.2772
2c3l,4.0063
1x1z,5.8677
1yq7,6.3395
2d06,9.2162
1yci,4.6589
2aov,7.0192
2bqv,7.1711
2bed,6.3031
2bu5,7.9387
1ym2,5.5615
1ym4,6.6324
2f4b,4.0894
2nsx,6.3708
2bdf,6.7284
2evo,4.7582
2bcd,7.4554
2ewp,5.1702
2fq6,3.2108
2g1y,6.2694
2h03,6.9006
2gm1,7.7681
2hha,6.7584
2axi,6.3853
2iw6,6.8509
2ath,4.2916
2f3e,6.0663
2f3f,8.4871
2ie4,8.2833
2etm,6.768
1zeo,5.4345
2c5n,7.4792
2h96,7.1297
2gtk,6.1659
1zpc,8.4557
2c5x,5.9915
2c5y,5.9915
2gg2,4.2497
2gg5,4.9754
2cv3,6.7837
2evc,4.1223
2ggx,3.6567
2h02,5.5458
2auz,6.2835
2fyv,5.601
2gz7,7.0857
2bdj,7.6552
2f2c,6.752
2fm0,7.3982
2a4l,7.0324
2fda,7.3151
2aux,7.5489
2hai,5.9937
1ykr,6.9904
2fix,7.2689
2gg3,5.6343
2f3r,6.0824
2i5j,5.8294
2evm,3.933
2g6p,5.4542
2ccu,8.1713
2fde,8.0049
2ewy,7.0916
2gfs,5.5222
1zpb,8.4735
2c6e,6.7612
2fum,5.4906
2ggu,3.386
2fes,6.7571
2c0o,7.2028
2g01,5.0474
2ew5,5.2091
2aa9,3.776
2aay,3.776
2cm8,5.6213
2feq,7.968
1ztq,7.5113
2j9a,5.5158
1yw7,6.1546
2g19,6.1236
2i40,7.3935
2ckm,7.1699
2giu,5.7558
2nq6,4.7463
2cmc,5.5133
2gg7,4.1265
2cne,7.0027
2j7x,6.6418
2gg0,6.9451
2h44,5.4472
2anm,5.9424
2ew6,5.2565
2f1b,7.9612
2brp,7.9582
2c8y,6.8372
2iw8,5.6788
2fme,5.8193
1yw8,5.8149
2ama,8.0183
2cng,7.5537
2igy,5.7976
2hny,6.7063
2gga,4.0684
2irz,7.2973
2c93,8.3116
2ggb,5.5146
1zd5,4.6439
2cgu,6.0102
2f3k,7.37
2j50,7.4814
2fjm,6.8489
2gnh,6.976
2j87,4.9686
2cgx,5.2047
2bdl,7.6924
2euf,8.4828
2i0v,6.7898
2ggd,4.0684
2chz,6.2553
2cgw,6.4704
2bdy,7.6342
2chw,7.4691
2azc,7.5829
2cma,6.2271
2chx,5.9545
2b7a,5.1269
2am1,6.2976
2fl2,6.3696
2ccs,7.2756
2gpp,5.6618
2hwh,5.143
2bb7,5.1105
2gni,6.2728
2i47,8.4257
2f4j,7.1049
2h42,6.0098
1yy4,4.843
2fky,7.6052
2iit,6.2501
1yye,5.1289
2h8h,5.8716
2nq7,7.0961
2a2x,6.7642
2fwy,4.0117
2is0,7.3883
1zaf,4.6671
2c4f,7.4656
2g1r,5.2338
2ica,6.542
2cm7,3.3714
2bve,4.2949
2cni,7.1587
2g0h,6.0145
2c8x,6.6721
2az9,7.6574
2fj0,6.5686
2nyr,6.1394
2exc,8.0216
2bkt,7.5973
2cnf,6.0778
2i0y,7.645
2i1m,7.645
1zd4,4.6439
2gg8,7.3105
2cgv,4.4412
2cmf,7.1699
2hwi,5.4187
2gc8,4.227
2cn8,5.012
2fie,6.8107
2gg9,6.8876
2c8w,8.7769
2am9,5.9449
1zom,7.0908
2c6c,6.7878
2bua,5.5528
2c90,4.5386
2c9t,5.6885
2bks,7.6423
2fl6,7.7657
2fjn,6.8489
2b1p,7.2177
2hfp,7.2839
2gcd,7.307
2gz8,6.8287
2fjp,8.1914
2dq7,8.4344
2fdd,8.0049
2ddf,6.6643
2c6g,5.8074
2np8,6.9879
2fm5,7.3982
2g1q,7.5306
2g9x,5.6598
2dxs,5.3445
2hk5,4.9765
2ank,7.1924
2boi,4.1768
2g24,6.7898
2chm,7.1953
2aq7,6.452
2aqb,5.5042
2hd1,4.5659
2a0c,5.7786
2fwz,4.6647
2g0g,5.1784
2igx,5.1709
2gnl,6.976
2cnh,6.4138
2gv2,6.2886
2c5o,5.272
2iiv,6.8935
2bv4,3.0329
2fv9,6.8861
2j83,7.8437
2azb,7.6574
2cmb,7.1858
2j4z,7.0153
2a8h,8.2837
2az8,7.6574
2gnf,7.2155
2gnj,7.2155
2d1x,4.957
2alv,5.3192
2f1a,4.4811
2gmx,6.3175
2b1z,5.9184
2ayp,7.261
2bkz,8.14
2go4,7.4717
2i7c,4.4369
2iw9,5.6788
2f18,4.5442
2auc,5.3125
2aei,5.2624
2hiw,7.6989
2am2,5.8746
2cct,6.6618
2i1r,6.2368
2bub,6.8813
2i0h,6.8264
2f34,4.542
2c94,6.1908
2fb8,6.3002
2ceo,5.551
2gh7,10.9956
2iwx,4.768
2ews,3.7478
2euk,8.0857
2fgh,5.1282
2h21,4.9204
2eum,6.29
2evl,7.1792
2cgf,4.7453
2iws,4.612
2c9d,8.4211
2izx,4.2251
2hdx,4.9153
2f14,7.7621
2fgu,6.4653
1zc9,4.6867
2c97,6.2222
2cvd,3.7362
2ivz,7.4386
2ce9,6.93
2df6,5.004
2j79,4.4765
2fkf,4.3297
2fw6,2.2216
2fwp,2.2216
2iwu,4.612
2g83,6.8426
2g6q,5.4274
2boj,4.3983
2fl5,5.8232
2gfa,5.4564
2h2h,4.507
2j7g,6.2206
2buv,4.3805
2flh,4.7124
2bmv,4.3518
2ewa,6.8539
2a5b,5.5389
2cbz,6.4288
2j77,5.207
2foy,6.9459
2haw,4.3783
2clv,6.7392
2g2r,6.7708
2g97,7.3383
2hu6,4.4663
2o4n,6.6906
2gl0,3.9598
2gzl,4.7069
2ccc,6.3248
2fx9,5.7971
2b4l,5.4718
2o4p,6.6906
2ha4,2.9755
2fr3,7.12
2c92,8.4211
2cbu,5.2773
2azm,6.252
2bmk,4.8904
2fuu,5.1134
2c9b,6.0323
2idk,5.7841
2a8g,5.5781
2flu,5.5012
2fx7,5.3709
2hmv,6.1022
2hmw,6.4288
2hmu,6.4288
2cex,4.258
2h23,5.282
2fqw,6.3473
2aoj,6.6906
2j75,6.7016
2ca8,4.3876
2ha2,3.8505
2j7b,3.4622
2a5c,5.3977
2fsv,4.9246
2fqy,3.9598
2aof,5.7754
2fov,6.9459
2b4m,5.3968
2frd,5.0572
2h3e,8.9004
2g5u,7.2526
2cbv,3.0168
2hf8,6.5028
2f35,4.5139
2fx8,5.7511
2o4s,7.4337
2nm1,6.0321
2ccb,6.1962
2iko,6.7898
2o4k,7.1299
2h9m,4.6739
2aoh,6.3363
2amt,5.0476
2cia,6.4438
2ha0,3.4262
2j78,4.4765
2ez5,5.2592
2h6b,4.4976
2h2j,5.5662
2h2d,5.9632
2fxv,5.5858
2h13,5.4581
2c80,5.1366
2ez7,5.4746
2ha7,3.6328
2j7f,4.1571
2fys,5.7568
2ha5,3.5009
2j7e,5.2766
2ha6,3.1356
2c1p,6.869
2a4w,6.4039
2g96,6.0536
2ces,6.3776
2gph,5.281
2gz2,4.8601
2f5t,3.386
2o4l,6.6906
2ci9,6.7141
2fo4,5.3374
1yon,5.4993
2j7h,4.7925
2doo,4.8317
1zea,5.8385
2h6q,5.5026
2fr8,6.0504
2bba,6.0824
2fci,6.1766
2hmh,6.3795
2fqx,4.7368
2j7d,5.9847
2fgv,6.4653
2o9k,5.0892
2iku,6.7559
2il2,7.1625
2fxu,8.9052
2gtv,4.4862
2h6k,5.2128
2fou,4.6454
2hnx,6.3202
1zsh,5.807
2ate,3.3516
2h5a,5.1739
2d0k,7.841
2cet,6.2626
2cc7,3.9022
2fts,5.8984
2ha3,3.5197
2aoi,5.7754
2cf8,6.1441
2cf9,6.422
2f0z,8.5778
2aoe,5.7238
2d1o,5.6601
2hh5,7.0932
2f7o,4.6282
2f81,7.7962
2fzz,7.7478
2f9u,5.9413
2i3h,6.7145
2i3i,7.7789
2a4g,6.9436
2a4q,6.1185
2bq6,7.9848
2bz6,5.7102
1zsf,6.8578
2d3u,5.7742
1zsr,6.8578
2b1i,4.2011
2d41,5.8177
2g00,7.0969
1z6e,7.8855
2i0g,4.0429
2b1g,5.6201
2d3z,6.394
2f7p,5.0898
2hwg,4.0883
2jbj,3.9597
2f10,8.3768
2bzz,5.5701
2fqo,4.8914
2g94,7.1872
2gvj,7.3383
2hoc,7.259
2f9b,6.8406
2h4g,4.2241
2aqu,7.1299
2jbk,6.8215
2aog,5.1192
2avv,6.6874
1w6h,6.3696
1zvx,7.371
2fqt,4.8914
2g5t,6.6474
2i0d,7.6358
2ewb,4.9546
2i03,7.1759
2ien,7.7962
2fhy,5.9798
2h5i,7.1029
2idw,7.7962
2avo,6.6874
1yz3,3.8525
2b1v,6.0595
2flb,7.2159
2d2v,3.386
2gvd,6.4523
2b1r,3.386
2g8r,5.1536
2hds,3.8416
1ypg,4.5631
2anl,9.5625
2fpz,5.0471
2e1w,6.7388
2h5j,5.4017
2gvv,5.2926
1zfk,4.4887
2gbf,7.2536
2aoc,5.1192
2clx,6.3827
2gvz,6.1969
2c6n,7.9331
2gv7,6.6134
2a4r,6.1906
2j34,7.3644
2hb1,5.2176
2hd6,5.7921
2i19,4.0778
2ajd,4.0271
2dua,3.4422
2bmg,9.0439
2am4,4.4223
2f94,5.6106
2fzc,8.9004
2hdr,4.8512
2j4i,5.4431
2f8g,7.7962
2avm,5.1192
2nw4,7.4173
2aod,5.1192
2an5,5.3526
2c4v,2.0618
2i0j,4.0429
2iuz,4.3108
2bvr,6.3373
2fx6,5.0471
2c4w,6.6023
2dw7,3.2956
2cn0,7.2761
2fzk,8.9004
2fs8,6.7675
2fxr,6.7675
2gsu,4.0962
2b1q,3.1872
2fdp,6.98
2avs,6.6874
2i3v,5.0702
2f1g,6.5962
2b7d,7.6338
2bvx,6.5801
2i0e,6.6378
2i3z,6.2168
2f2h,3.5877
2ajb,5.2879
2ieo,7.7962
2ihq,7.6268
2h4k,3.6134
2ioa,6.2726
2hs1,7.7962
2aez,5.0398
2g5p,7.2696
2j47,6.1486
1zfq,5.8528
2f89,5.5949
2c57,4.8125
2ivu,7.0744
2isw,5.3026
2isv,5.3026
2cmo,6.0537
2boh,6.7215
2bqw,6.2709
2bxt,7.1152
2fs9,7.3635
2fvd,6.7054
2gbi,5.2453
2hb3,8.2462
2hs2,7.7962
2hdq,3.591
1y3g,6.485
2j9h,5.2385
2hzy,4.2556
2avq,5.1192
2fzg,8.9004
2aw1,5.0903
2gv6,7.0041
2j2u,6.701
2i0a,7.9746
2i80,6.6113
2cbj,6.7136
1zge,3.8044
2aq9,6.1692
2ceq,5.4632
1zky,5.4024
2gbg,8.461
2fai,5.4972
2gmk,4.6602
2hdu,4.1684
2ff1,8.6322
2ff2,8.6322
2h5d,6.0663
2h65,7.8303
2f80,7.7962
2g63,6.5366
2hnc,6.0455
2aj8,5.0848
2g8n,5.703
1z9y,5.7098
2cji,7.2935
2hxm,4.6314
1zs0,7.371
2bxu,6.1064
1yp9,5.1143
2d1n,5.6601
2fm2,5.5268
2bvs,6.6503
2f9k,6.6247
2bq7,7.0535
1ype,4.1164
1w7g,6.4871
2c02,6.1022
1ypj,4.5358
2in6,6.7631
2j4a,4.3358
2io6,7.2467
2uzn,7.9687
2obj,6.6605
2hwp,5.0272
2duv,5.4533
2hwo,5.0555
2p3g,6.3526
2uzb,4.9419
2r9s,8.1185
2jdt,4.8321
2uzd,8.3686
2rjp,6.5162
2va7,4.6021
2of2,5.7682
2jdo,4.8321
2pgj,5.5504
2pgl,5.5504
2uw6,5.4575
3b8z,9.1471
1vsn,8.2102
2ofv,7.7725
2gdo,7.0429
2o64,5.2301
2ohv,4.5664
2fw3,6.086
2oj9,6.5495
2hog,6.4453
2pvw,3.9597
2q6b,7.5219
2off,5.3827
2owb,7.6917
2qpj,7.3502
2uyi,7.0944
2v10,6.6589
2e98,6.4844
2og8,7.9552
2uzl,5.1062
2gmv,6.3576
2p98,6.1921
2hy0,7.0786
2o65,5.8464
2ozr,5.3091
2va6,5.7606
2e99,6.9711
2v0z,7.3397
3b2w,7.4247
2uue,8.0691
2o63,5.1376
2g9r,3.5545
2g9u,3.5545
2q1j,7.2995
2pzi,5.812
2e9a,7.0642
2o48,6.8991
2i6a,6.7038
2v12,6.3494
2r0u,7.5825
2p99,4.9879
2e9c,6.6185
2o3p,5.1715
2o7v,4.3032
2g9v,6.3708
2uzv,7.8024
2e9d,7.0149
2jbl,5.8599
2ooh,5.5745
2ork,5.5777
2ghg,6.6567
2r9m,7.6311
2qe5,5.1414
2q2y,7.4827
2q7m,7.0769
2p3o,5.6931
2pg2,6.4864
2veu,6.7978
2ohr,3.2521
2qcg,4.1031
2p4i,8.204
2qcn,8.5742
2gh6,6.7439
2ieh,4.2619
2ojf,6.7029
2hiz,8.205
2e2b,6.513
2oah,8.6738
2p83,6.907
2qk8,7.6345
2q1l,7.4824
2hxl,6.7806
2qd9,7.3584
2hxq,7.2317
2gfj,4.0842
2ou7,4.8248
2o5k,6.3248
2o7n,7.2966
3bi6,6.309
2hb9,6.1031
2ilp,5.7834
2q6c,6.7075
2oph,6.628
2hyy,6.1656
2osc,7.9235
2qe2,5.411
2vex,5.77
2oh0,6.9122
2uw7,5.1854
2pjl,6.1241
2iok,7.1893
2ofu,6.8189
2oo8,6.8284
2ow1,5.7692
2r6n,8.4276
2rgu,6.2015
2q72,3.4947
2q2z,6.4187
2v0c,4.9596
2r3c,7.279
2qt9,7.6178
2gu8,5.463
2j2i,7.0153
2ow0,5.32
2qoh,7.3286
2uw0,5.4885
2h9t,6.1394
2jc0,5.209
2rcu,5.8986
2p8s,5.7651
2vcj,7.0436
2vci,7.3024
2oq6,4.5506
2q6h,3.7899
2qch,4.273
2qoe,7.529
2jaj,5.7668
2ohq,4.3184
2ph6,7.8322
2uzo,7.2174
2hvx,4.8313
2hm1,8.7506
2ovx,6.6686
2uym,7.1374
2nww,3.7692
2ds1,7.3926
2oh4,7.1646
2vev,8.6521
2ow9,5.0183
2gfk,3.9552
2h1h,5.5772
2ohm,3.8369
2gj4,6.6199
2uw5,5.4575
2qcf,4.2122
2fvc,5.589
2hz0,7.1643
2nqg,5.8084
2hz4,8.246
2pzy,6.6232
2p2i,4.5126
2poq,2.7733
2gd8,8.2357
2v11,5.9231
2vf6,6.6378
2ohu,4.7386
2vd7,4.6944
2gqn,3.2189
2qtb,7.3359
2jbu,4.3097
2q8i,7.6921
2qcd,4.3184
2o9i,7.1802
2ohs,5.1215
2gm9,4.6804
2hzn,7.2347
2q9n,6.2468
2pvv,4.5249
2vey,6.1154
2qcm,8.7792
2uze,5.0731
2oic,7.307
2pe2,7.7089
2uw4,2.9549
2os9,5.7134
2gde,6.3543
2pix,5.1609
2p33,6.9158
2r8q,4.5659
3biz,6.8532
2iqg,7.5998
2nv7,5.4716
2pe1,7.5541
2rfn,7.7145
2p9a,4.9879
2imb,5.2718
2q9m,5.0809
2vew,6.6862
2p2h,6.2155
2ow2,4.3666
2i5f,6.8044
2hzi,7.8794
2p8h,9.0818
3bcn,5.6837
2uw8,4.4565
2nqi,5.8084
2ywp,7.689
2o5d,6.0634
2ooz,5.3428
2jbo,7.7387
2jbp,7.7387
2pe0,6.2423
2qju,3.9226
2uw3,4.6868
2of4,5.6987
2ogz,6.7264
2va5,4.5015
2q8g,7.8062
2iog,7.4272
2oht,4.6903
2or4,6.8215
2pcu,5.7566
2ohp,3.695
2no3,6.9805
2z60,7.3286
2v7a,7.1574
2e7l,5.6505
2gek,5.5074
2nnv,3.3431
2uxi,3.6991
2pl0,6.1656
2r5d,6.2717
2v8w,5.2783
2jdu,4.1768
2c1q,9.4318
2p0d,6.1764
2v00,5.3929
2gej,5.3817
2oi3,7.0467
2jdp,4.1768
2jbv,5.3053
2jdk,5.6543
2py4,5.3473
2jdh,5.3013
2qki,5.9943
2nn7,3.3431
2pfy,5.0767
2qqs,5.3732
2hkf,5.4141
2qpq,2.968
2e27,6.4588
2nno,3.2847
2gfd,5.2383
2nxl,5.1567
2jnw,5.1139
2qx0,7.3405
2e7f,4.8543
2p8n,5.0166
2j3q,7.2135
2pze,6.4288
2fxs,5.0216
2nnd,5.844
2nns,4.3808
2r7g,5.1402
2hug,6.1314
2z5o,4.3097
2joa,5.1031
2peh,5.4434
2pv2,6.9572
2oqs,5.9456
2ph9,4.6775
2qm7,6.3894
2e5y,4.405
2nn1,3.2847
2qta,5.0658
2itt,7.5839
2pgz,6.9817
2v25,4.8184
2j6m,7.5839
2q8y,6.5943
2odd,6.3491
2r58,5.8529
2oiq,6.1656
2itp,7.5839
2g78,7.12
2g79,6.8932
2ito,7.617
2oei,3.9771
2vhj,6.0504
2pk6,6.1637
2vhq,5.6014
2j4k,4.3088
2o9a,4.1561
2jup,4.5139
2jg0,5.2096
2hr6,4.9624
2nsj,5.2118
2clk,4.8222
2jsd,5.0407
2qm9,5.5697
2dwx,5.694
2ov4,5.6014
2uxu,4.5145
2i4z,6.3841
2i4p,6.3841
2q8h,3.6742
2v3u,4.7342
2gh9,4.4
2uyq,4.1695
2z5s,5.6884
2nxd,5.6682
2z5t,5.9832
2r5a,4.4034
2r5b,6.1192
2itz,7.617
2jdn,3.0329
2nmx,4.3808
2nsl,5.2118
2pk5,6.2156
2j9n,3.6838
2v5x,6.7921
2pem,7.7009
2v87,6.0129
2vba,5.9703
2vb8,6.6847
2nn8,4.4
2hzl,3.3783
2rly,3.9813
2hrm,5.6194
2cle,7.0158
2clm,7.0158
2clf,7.0158
2o9v,5.1503
3b50,3.2748
2uyn,4.3621
2nwl,4.8184
2oi9,5.6505
2o3z,5.5075
2r0z,5.3728
2isc,9.2064
2jdm,4.1768
2ntf,5.5104
2opy,6.5151
2puy,5.493
2ra6,5.8378
2ogy,4.8543
2jq9,6.8513
2v83,6.0649
2v86,5.8356
2v85,5.6631
2j4q,5.034
2hj4,5.0067
2qhd,5.6586
2nng,2.8955
2uwd,5.9115
2gj5,6.0496
2hjb,3.1647
2jqk,5.9941
2jdy,3.0329
2p09,5.1282
2iv9,4.6014
2p0x,5.1282
2igw,5.1149
2v95,7.3414
2pv3,7.1081
2e2r,5.5785
2h5e,5.594
2igv,5.2024
2oi2,6.5994
2p15,7.1505
2cli,5.9825
2cll,5.9825
2jo9,5.5846
2ity,7.617
2pql,4.6283
2imd,5.0286
2pll,6.1883
2q7q,2.9378
2o1v,5.5346
2nxm,6.315
2i4j,6.3841
2i6b,7.7749
2qbx,5.3614
2hqu,5.3473
2ovq,6.2096
2pv1,5.545
2jf4,5.7184
2r05,5.238
2r03,5.1689
2ipo,8.9004
2v88,4.8821
2clh,5.9092
2clo,6.9574
2r02,5.9169
2jmj,5.832
2ohl,3.3961
2rm0,4.3575
2e94,6.3127
2i2c,4.4264
2ftd,6.2849
2o4j,6.4386
2p16,7.4193
2e95,6.1601
2uvm,4.3138
3bgp,5.5834
2e93,6.0113
2e92,7.1983
2iu0,4.9685
2oxd,6.0182
2ot1,6.8516
2oxx,5.4917
2j4g,7.0119
2e91,7.0912
2jj3,6.1458
2pog,5.1394
2nt7,7.5257
2oxy,4.95
2oz5,5.3063
2j27,4.0573
2v3e,5.522
2p95,7.6056
2z4b,4.779
2op3,5.3841
2o4r,6.4386
2g9q,4.5827
2o2u,5.8803
2qtu,5.0535
2ok1,6.0935
3bgz,5.1616
2yxj,8.0244
2oyl,5.4731
2v0n,6.0524
2p94,7.6433
2o7e,4.7473
2p2a,3.7004
2z9g,3.07
2flr,5.8666
2ql9,5.0659
2q54,6.8363
2hw2,4.7885
2on3,5.5944
2p4j,7.4045
2onz,4.6159
2eg7,6.1732
2qlb,5.4234
2obf,5.703
2qlf,5.3022
2oc7,6.3297
2pu1,5.9497
2z94,4.5487
2hvc,4.3313
2p93,5.9807
3b7i,5.4035
2uz6,5.7685
2psx,5.3674
2opb,5.7948
2uz9,4.6533
2i4x,7.6033
2hob,5.101
2qrl,4.1354
3b3c,5.4035
2hah,7.9721
3b92,8.0909
2oym,6.4675
2qe4,6.1458
2v3d,5.5045
2oc9,8.6322
2p3a,7.5829
2q15,6.4346
3bgq,7.1092
2o9j,8.5675
2oa0,8.5675
2cem,7.1584
2ovv,6.9949
2jnp,5.0407
2ovz,7.6303
2fle,7.3832
2oz7,7.3215
2p8o,5.1757
2uwp,7.8444
2f9v,6.5088
2oc0,6.2479
2ptz,3.3653
2pu0,3.3653
2jal,6.2025
2pwg,5.6438
2nta,5.0986
2on6,8.6322
2iyf,6.8499
2g70,5.0269
2jh6,7.8444
1vso,3.6601
2p3d,7.5829
2e2p,6.0504
2o1c,5.9248
2i4t,9.2906
2rcx,6.4366
2q55,7.1381
2i4d,7.3216
2oax,5.8634
2op9,7.2572
2ojg,6.1436
2cej,6.9496
2i4w,7.6033
2r5q,7.0468
2i4u,7.4322
2np9,4.4809
2onb,3.7991
2itk,5.7537
2jew,5.1005
2psj,6.3517
2fu8,6.7789
2ony,4.6159
2za3,3.972
2h15,7.3318
2o9r,3.8863
2uy4,5.9518
2hl4,5.9601
2z3h,6.5385
2it4,4.3705
2vfz,4.5723
2p3c,7.5829
2psu,7.7497
2ihj,4.2494
3b3x,3.37
2gvf,6.589
2o8h,7.1273
2q80,6.974
2jiw,5.8988
2r9b,3.3775
3b3s,6.891
2oi0,7.9674
2v96,5.3071
2jh0,8.4683
2nnq,5.1192
2oaz,7.3346
2ojj,7.0452
2uwo,8.4683
2oqi,5.0061
2o0u,5.9924
2uy5,5.2499
2p3b,7.5829
2r5p,6.6874
2oag,6.8083
2i2b,4.6526
2ima,4.1382
2o4h,7.189
2eg8,5.7244
2g72,5.7948
2cfd,5.6938
2hhn,7.0932
2r2w,6.0483
2g71,4.6585
2p53,2.3584
2jh5,8.469
2cfg,5.6938
2oxn,7.831
2i72,5.4612
2pou,3.3173
2oc2,5.796
2qu6,7.1659
2nnk,6.4653
2nnp,6.4653
2nmy,6.4653
2nmz,6.4653
2glm,6.326
2oc1,4.7739
2qlj,6.8387
2gkl,4.7004
2j62,5.9986
2pwd,5.223
2j95,8.6936
2ovy,6.7857
2oqv,6.8347
2uwl,8.469
2pbw,4.7782
2qft,4.0684
2jfz,5.7148
2nwn,7.0641
2uxx,5.1563
2j94,8.6025
2ql7,4.5055
2qzr,5.6881
2qrk,4.6602
2o4z,5.982
2obo,6.5159
2psv,7.9693
2q38,5.4739
2cen,6.5982
2q5k,7.4337
2oyk,6.1748
2jds,6.8425
2jdv,6.8425
2i4v,7.4322
2qdt,4.8393
2uy3,3.8485
2h6t,9.2869
2q3z,5.8105
2pow,4.3807
3b3w,6.891
2qfu,4.0684
2o22,7.8628
2v2q,5.1964
2pov,4.5547
2q1q,4.2378
2q70,4.779
2qu5,7.2574
2z1w,5.2372
2v2v,4.1683
2oc4,8.6322
2oji,6.5809
2jfh,5.9866
2ql5,5.0659
2glp,4.6563
2q11,7.8356
2q8m,4.0962
3bea,6.9733
2ow7,4.5994
3bel,6.4434
2vv9,8.3447
2vcx,4.6147
3ctj,6.6621
3cst,7.9868
3d4q,6.4238
2r64,7.4055
2rgp,5.7588
2w3l,6.4051
3bmy,7.5177
3c1x,6.8458
3cp9,7.6658
2rc9,5.6337
2vwx,7.4229
3dog,7.7295
3br9,6.2067
3d7h,5.7885
2r7b,5.8784
3ddp,6.6935
2vwy,6.8575
2z7i,6.6724
3dct,4.6544
3bjc,8.5314
3cth,6.2976
3bi1,7.4446
3cwe,4.8748
3ej1,8.069
2vd1,6.0763
3f5p,8.0015
2vgp,7.0881
3e7b,8.0089
2q8s,4.769
3bm9,7.6099
3e7a,6.5788
2qc6,6.2442
3di6,6.5497
3c45,7.2475
3ddq,7.0324
2vx1,6.8847
3eoc,6.6888
2vww,6.1173
3drp,5.3543
2vwu,7.5222
2jdl,4.4945
2q94,4.8376
2z7r,7.9948
2rc8,4.7342
3c10,5.0378
3bv2,7.5204
3eid,8.0271
3bv3,8.1701
3el7,6.7875
3e2m,7.5618
3drr,5.3543
2q93,4.155
2qyn,5.2669
2qu3,7.1865
3b8q,5.5866
3bys,6.592
3d7f,7.0729
3drs,4.0369
2w4i,5.0498
2qyl,5.2669
3dwb,5.352
3b8r,5.6042
2ze1,6.0765
2z4y,5.6913
3db6,7.2536
2z78,7.2202
2vwz,6.8628
3bhx,3.9764
2zdz,6.2387
3byu,6.5922
3ds6,7.6831
2vcq,4.6498
2z4w,6.1363
2qa8,5.1551
3f66,7.4417
2q92,4.6323
2q96,4.6569
3c6u,4.4606
2viq,6.3667
2rib,6.0728
2r4f,5.9969
3bz3,5.4565
2vtr,6.3572
3bet,7.3959
3dpd,5.8577
2vcg,5.4306
2q95,5.1599
3e63,5.8523
3cs8,5.5272
2z4z,7.0186
3ce3,7.1728
2viy,9.2283
2pjc,6.9076
2vtj,7.0525
3c4f,4.5255
2r3k,4.7752
2r3l,5.0294
3c4e,5.3413
2uup,6.2953
2r3j,3.8528
2r3m,5.7921
3dej,5.3979
3fc1,7.2664
2z50,5.6913
3bh8,5.6359
3bpr,6.2879
2rjr,4.091
2vd0,5.5035
3bh9,6.3476
2zva,6.1465
2pks,7.7643
3ccn,5.4086
3e7o,7.0823
2vth,5.7241
2vte,6.3106
3dy6,4.8422
2pj9,5.7604
2pj2,4.3237
3chd,5.757
2zas,4.0468
3dda,4.9664
2onc,5.592
2pj4,5.2577
2vj6,7.2
2vto,6.0867
2vtq,8.1936
3deh,5.6278
3bi0,5.9882
3cib,7.8216
3d7d,4.5356
3ehw,5.3473
3cqu,7.187
3eqb,8.0421
2pj5,5.0817
3c4c,7.1674
2vo7,8.0346
2ea2,6.8435
2vwv,6.9129
2jkm,6.5656
2piz,6.2672
2uuo,5.7904
2pj7,7.3272
3chs,6.2041
3d7g,3.185
2qn1,5.1685
2ph8,7.0851
2vj9,7.302
2vta,5.2036
2pj8,7.9068
2vd4,6.7972
2pjb,7.4812
2zjf,5.6596
3c43,7.3769
2vin,4.3662
2vtm,6.1622
2r2l,6.9448
2w05,6.8387
2qh6,4.4952
2r3i,6.9295
3f69,8.258
2k31,6.598
3c6t,7.2789
2pja,7.2149
2rg6,6.6508
3cjo,6.6024
3dt1,8.4018
2qnx,7.0525
3bqn,5.6231
3cbp,5.8892
2z52,5.6913
2zlg,5.7174
2ria,6.0728
2qo1,4.9181
3daj,4.9899
3f07,5.4879
3bwf,7.4268
2e9o,4.3672
2piy,7.2442
3chq,5.4998
2r3h,7.8678
3c7q,7.7601
3c72,6.4747
2zm1,6.5855
3eio,4.566
2pre,5.6837
3d14,7.393
2qlq,7.0992
3eyl,6.9044
2zp0,9.2022
3el8,7.589
2v13,6.3501
3cgf,6.8494
3cm7,6.96
2qzk,8.0038
3dek,4.5212
3cho,4.6832
2qn2,5.0389
2ow6,5.0636
2vnn,8.4443
2w17,8.3102
3be2,6.8284
3cn0,3.4176
2rg5,6.5689
2qyk,5.2669
3bhb,5.8915
3bx5,6.8057
2rf2,6.2832
2qu2,4.1342
2qnz,6.435
2vts,6.4499
2zmj,7.2102
3e01,6.8942
2vl8,4.2442
3ccb,3.7432
2zlf,5.4061
3d4l,4.8334
2vie,8.8229
3bsc,7.9828
2pt9,4.9815
2vqj,6.3272
3dm6,7.0708
3bgm,5.3537
2ow3,5.9134
2qmf,7.3868
2vaq,5.3364
2vnm,7.5824
2vtp,6.0419
3cic,7.3705
3dcv,6.7304
3dya,8.1501
3cgo,6.9985
2v22,5.8907
3chf,5.6289
2qaf,3.972
3bgl,7.0989
2qve,4.91
3eql,7.0612
3e62,5.2763
2vj7,8.3605
3ctq,7.2925
3ddu,5.8171
3dei,5.32
2vio,5.4493
2ei6,7.0708
3cqw,4.9031
3dbd,7.4825
2vtt,7.6188
2vrx,7.3995
2ea4,6.2992
2vu3,7.7176
2pj6,7.2437
2rl5,6.5473
3bl7,6.3633
3efw,7.7799
3ekn,6.0597
3elj,7.5631
2rku,7.3928
3che,5.2532
2vip,5.4033
2rjs,6.009
2qq7,7.0992
2vvt,7.585
2r3f,7.1121
2vgo,7.9824
3ch9,3.938
2viv,8.1984
3chp,4.49
3d27,4.3375
3cj3,7.0091
2qmd,7.4093
3bc5,6.6246
3cid,7.3756
2vj1,4.0947
3b9s,3.7942
2jkk,6.7329
2e9n,7.1015
2vvo,4.3158
3cjf,6.2051
3dcr,4.741
2pmn,7.3243
3c5u,7.1861
2pj3,8.1462
3eht,5.35
2r3o,3.892
2viz,7.1866
3cy2,4.6459
3chr,6.2215
2zdx,6.454
2rip,5.3107
3ee2,5.218
2vti,7.5104
2r4b,6.8485
3bl9,6.3784
3ecn,4.5659
2qzx,9.2869
2v16,6.1038
3bym,6.4719
3bki,5.512
2jko,6.4916
2jkq,6.785
2r3n,3.8961
2viw,7.9875
3dbs,6.8055
2zof,6.8692
3byo,7.3424
2pj0,5.385
3ens,8.0333
2r3g,4.9158
2vle,6.8815
2qiq,5.693
3chc,6.1379
2w06,7.8431
2vtn,5.6863
2vtd,6.3609
2pjt,6.9094
2vcw,4.3849
2qk5,7.342
2qp8,7.4517
2qzl,7.5083
3ccc,4.5829
2zdt,7.3707
2pj1,4.8199
2r3p,8.0579
3ddb,5.4354
2vqm,5.3653
2vtl,6.4662
2qhn,4.6173
3db8,6.3336
2jjk,6.8275
2zv9,6.0659
3cd8,5.2567
2z8e,4.0007
2q2a,5.9312
2rkn,5.2975
3e64,6.6568
2vt3,6.4288
3c49,6.3138
2zmd,6.1436
3exe,5.0658
3cow,8.2226
3bu8,5.769
2vpn,5.2992
3bxz,5.3982
3diw,5.5616
2uyw,9.4318
3dab,5.5415
2qky,6.5773
2jgs,10.256
2vwc,4.0541
2qpu,4.9548
3bb1,5.6172
2p7z,5.2168
2p7g,5.5785
3d0b,7.3755
3exf,5.0658
3c7n,6.0504
3bva,5.1192
2jkt,5.23
3cj4,4.9076
2phb,6.7226
3bum,5.4154
2p3i,2.9683
2q2n,5.6011
3cph,5.3012
3d2e,5.6014
2jql,5.0932
2w0p,5.9725
2q2c,5.358
3c2o,4.886
3cj5,4.9732
2zb1,6.3713
2pvu,5.0966
2vx0,6.8972
2w0s,5.5942
2jg8,4.8117
2or9,4.9585
2q89,5.9016
2vrj,7.0492
3ebl,4.5817
2zm3,6.1899
3bun,6.3428
2qbu,5.168
3bti,5.3113
2p7a,4.0939
3c2r,4.2008
3ce0,5.6139
3dst,5.5466
2jkr,6.1304
3buo,5.5381
2z92,5.861
3cii,5.3215
2vmd,3.835
3coy,8.2997
3cfv,7.041
3ckb,3.3526
3btl,5.5158
2rcn,5.5074
2z97,6.0813
2vmc,4.5118
3cfs,5.3063
2pmk,7.3313
3bim,6.3509
2k2r,5.2106
3bu6,6.3644
3eeb,5.807
3buw,5.7124
3e5u,4.4976
2zju,5.9504
3e1r,5.0145
2q88,6.058
3btc,5.5158
3d1e,5.5768
3eg6,6.7963
2vyt,4.4034
3eml,6.9611
3bzi,6.1055
2pqc,4.0859
3d1f,6.1284
2oz2,7.7195
3bt9,5.8217
3c2f,4.745
3bxg,4.352
3bbb,5.2427
2rin,2.9755
3chg,3.8096
2rnw,5.2534
3c39,3.9982
2r6f,5.3982
3c9e,5.0916
2jqi,5.3869
2vpe,5.1914
2vo4,4.7386
2eh8,6.0524
2jb6,7.7249
3cd5,6.2344
2vuk,4.1549
3exh,5.0658
2z6w,7.7866
3ccw,5.6702
3cd7,7.4824
3ds0,5.8218
2vmf,5.5234
2k4i,6.1461
3ck8,5.1686
3e6v,6.1883
3c84,6.5802
3cj2,6.4988
2jk9,5.5504
2pym,7.0468
3bl2,7.2737
3cyy,5.3023
2rcb,4.7342
2r1x,4.0679
2zpk,4.5886
3cpj,5.3012
2w68,5.1018
2r23,4.625
2vfk,5.1508
3d9k,5.0121
3f9w,5.5633
3bze,5.3215
3ds1,5.5835
2k0x,5.9895
3b5j,7.3313
3f17,7.0539
3bux,6.2301
2qry,5.976
2reg,3.5197
3btj,5.8217
3c6w,5.7684
2jst,3.816
3bex,4.4133
3coz,8.2332
3bxf,5.9296
2rio,5.3982
3bra,3.0762
2emt,5.2499
3clp,5.008
3f3e,4.112
2k62,5.5472
2qfo,6.0315
3ew2,10.9956
2rny,5.3806
2qv7,6.0504
3f8c,7.6229
3fat,4.4174
3ery,5.6765
3buh,5.5725
3cf1,5.5346
3f8f,6.2623
2z4r,5.3982
2k00,5.4353
3cwk,7.12
2pyy,6.1124
2r1w,4.0166
3d7k,3.6797
3cda,7.2291
2k46,5.4691
3cd0,7.3102
2v7d,5.6246
3cct,6.1444
2jiu,7.5839
2pyn,7.0468
3b2q,5.309
3d9p,4.8326
3brn,4.6944
2zbk,7.6921
3c4h,4.9171
3eks,5.7962
2q64,7.0468
3c1n,4.5027
2qtr,6.3892
3bvb,7.7962
3bxe,4.0685
2qic,5.4274
2zkj,5.5346
3d2r,5.5346
2vc9,5.8223
2vpo,5.2022
3bzf,5.6115
2r0h,5.0794
2r1y,3.6815
3f9y,6.3476
3d9m,4.867
3d32,6.9442
2zit,4.786
3b82,4.786
2qtn,4.1049
2zdm,7.5434
3f18,7.2929
3bf1,6.1022
2vw5,4.7091
2vnf,5.7942
3b4p,4.1518
3f6e,5.2726
2zdl,7.5454
2rnx,4.64
2qhr,5.2415
3c3r,5.9683
2pr9,6.5352
2zdk,7.2045
3dp4,4.4174
2zif,5.037
3c3o,5.7702
3feg,4.4257
3c3q,6.3245
3bbf,5.5074
3coj,4.0661
2oz6,5.008
2vcb,7.831
2k3w,4.683
3f16,5.3144
2vvn,7.2357
2q7y,8.0858
3ccz,6.7285
3f48,5.3056
3cr4,6.3104
2zdn,7.2334
2qbw,6.4569
3bjm,8.3056
3btr,4.9043
3ds3,5.8218
3b2t,6.0561
2pqj,3.7517
3blr,5.9594
3ctr,6.5098
2jb5,7.2293
3cyu,6.9125
3f80,5.1944
3f1a,6.7819
3b8h,4.786
2pqb,4.1662
3c79,5.9504
3eov,7.697
2r2b,4.4541
3ds4,5.8218
2pmc,5.5627
3cr5,6.3104
3f19,7.6617
2qhm,5.7254
3bug,3.6797
2q63,7.0468
2pl9,5.0133
2vxj,4.3202
3d9l,4.8403
3f3d,3.9318
2rfy,3.0808
3bu1,4.3895
2zjv,6.6283
2k2g,6.4858
3f15,5.1301
2pnx,5.3195
2r75,4.8352
3cgy,7.6921
3d2t,4.1554
3e6k,5.6832
2zg1,5.7102
2zg3,6.186
3d62,6.1897
3buf,4.5336
3b78,4.786
3ck7,5.1686
3d9n,4.8473
3bxh,6.237
3dsu,5.5466
3eyf,5.8915
3cdb,7.9926
2qbp,6.3236
3e0p,5.5165
3c56,5.9879
2qi5,7.2522
2qi6,7.6157
2qi4,7.4029
2qbq,3.9077
2r38,7.0993
3ekr,5.5878
2p59,7.4749
3c52,5.3026
2qi7,7.3225
2qi3,7.4479
2qnn,7.4962
2r3w,7.3815
2vnp,5.7845
3bc3,7.4868
2rfh,4.1902
2zq0,7.321
2v2h,4.0573
3e8r,5.2073
2qbs,5.3737
2za0,5.6922
2zb0,7.7219
2pwr,7.0993
2pvh,4.8324
2z4o,8.1054
2pwc,7.3815
3bm8,4.1145
2vh6,7.3077
3eko,4.887
2p4s,9.1943
2r6y,7.23
2qf6,5.512
3blu,5.1372
2pvn,6.4969
3c1k,7.5104
2pvm,5.4218
2v2c,4.0573
2qnp,7.3472
2vw1,4.258
3ckp,8.9714
2r6w,7.2901
2qbr,4.1121
2w26,6.7831
2zaz,6.9226
3b65,5.7984
2vw2,5.0602
2osm,5.491
2qrp,6.6109
3bkl,5.8601
2ri9,5.0367
2qnq,6.9008
2qmg,7.7106
3d91,5.292
3bh3,4.4004
2qd7,8.1054
2rkf,7.4337
3bkk,4.4625
2qd8,8.1054
3cke,6.2907
3bgb,7.3875
3d04,4.752
2vqt,5.214
2z7g,5.3639
2qhc,7.4337
3c2u,3.0097
2v6n,4.2796
3b67,6.1266
3e93,8.7532
2r3t,7.0993
2zcq,5.5442
3d1z,7.7962
3b5r,7.655
3bqc,5.5657
2vkm,7.7647
2rkd,3.1311
3ckz,4.2054
2qg0,5.9848
2w54,4.7924
3cyx,6.4653
3e92,6.7682
3d1g,4.3831
2vi5,5.6265
2z7h,6.616
2vjx,5.2142
3d67,5.7571
2e9v,7.0045
3cf8,5.7016
2uy0,6.6509
3bl0,5.7108
2qw1,4.3416
2q7o,8.6322
3d7z,6.9358
3f0r,5.0378
2zcr,6.3194
2zn7,4.6076
2vo5,7.5397
3d4z,5.5234
3cf9,5.4783
3ewj,5.6718
2osf,4.8853
1w12,6.7978
3dd8,5.3377
3efk,7.7239
2r9x,5.5681
2ra0,8.564
3c88,5.7926
3d94,7.7899
3czv,5.6617
3fas,5.0702
2pyi,6.5106
3cyw,7.7962
3d50,7.3031
2zc9,6.5433
2zgx,5.5494
2jt5,7.9033
3b7u,7.2981
2qrh,7.0968
3b9g,8.6322
2rka,4.1144
2p4y,4.5176
2r43,7.3815
3ddg,7.5502
3bar,3.972
2pqz,6.8204
2qd6,8.1054
2q8z,10.0019
2vr4,4.9313
3d1x,6.4653
2qlm,4.1988
3bl1,6.4418
3b66,7.2452
2qp6,4.4627
3b7r,7.0193
2ves,7.1583
1w0z,8.9556
2p1c,6.1903
3cs7,6.3992
2yz3,5.4293
3ddf,6.3001
3egk,5.6695
2rk8,4.168
3dln,5.0702
2pvl,7.5452
3be9,6.797
3cl2,4.2045
2jt6,7.5432
2zmm,4.3201
2v54,4.8882
3djk,7.7095
1w10,5.4137
1w13,8.1535
2vj8,5.5542
3bla,6.8193
3eqr,7.1871
3d4y,5.5234
2vh0,8.2904
3bmq,5.6213
2uxz,6.6426
2qo8,6.8631
2q6f,5.7281
2za5,6.895
2qln,6.4267
3bft,4.5386
2qhy,7.1734
3cm2,6.9046
2q9y,3.5642
2pu2,4.3672
3bgs,9.1943
2vr0,6.2618
3efj,7.5609
1w14,5.9954
2qg2,6.624
3d83,8.4607
2qn3,5.1418
3bv9,4.1738
3bc4,6.244
3e9b,7.1388
2qci,8.1054
2qnb,6.0956
3ds9,5.2796
2qi0,7.6466
2vc7,6.1425
2vl1,4.631
2pnc,6.2045
2vvs,6.9878
2r2m,7.2519
2z3z,6.2932
2qtt,5.2068
2vsl,6.0868
2zda,5.6174
3b68,6.888
3d0e,7.1474
3ckr,9.6095
3dyo,3.408
3bmo,4.6775
3cen,6.6883
3e16,6.0891
3e5a,7.2235
2qi1,7.4307
3d52,5.214
2qoa,5.2816
3bfu,4.5386
2qhz,7.2481
2ole,4.8762
2jkp,5.1818
2jke,5.881
2pvk,6.1011
2rd6,6.6111
3d20,7.7962
2vk6,4.2054
3bcs,4.5998
2r59,7.333
2qrg,7.5672
2zfp,5.9952
3b7j,4.6381
2epn,5.7438
2qmj,4.9346
3f3a,4.8206
3c8a,4.9674
2jk7,8.1401
3d3x,5.2517
1w11,7.7961
2zcs,5.3441
3d1y,6.4653
3d9v,6.3919
3b4f,6.0631
2pq9,4.1662
2e9u,5.6179
2qrq,6.0684
3bbt,5.5931
3d51,4.6618
2vot,8.875
3c8b,5.3713
2rkg,7.4337
2qtg,6.208
2v77,8.6315
2rke,2.5672
3cl0,4.2045
3c89,5.1697
2eep,6.2932
2rk7,4.5472
2pvj,7.4848
2rcw,5.826
3caj,5.4556
2r9w,5.5794
3bxs,6.3053
3bgc,7.3464
2vnt,5.276
2qrm,4.1009
3f3c,4.6833
3dc2,3.8856
2vl4,6.38
3emg,7.916
3fz1,6.9795
3h59,6.9901
3g9e,6.1181
2w1c,6.8319
2wev,7.242
3cvk,5.6907
3d5m,6.6141
3gur,5.2848
2wez,7.5395
3ii5,7.0277
3hmm,5.9726
3gxl,6.7867
3igv,7.5977
3ig6,5.4076
3hf6,4.0915
3fei,5.8623
3g8i,6.1181
3fyk,7.0613
3gyn,7.0649
3ff6,5.6777
3hp5,7.2664
3gol,7.081
2w3k,6.1534
3fxv,8.2645
2w6n,5.668
3jpv,5.3197
3du8,7.5002
3kvx,7.8988
3g42,6.4546
3fui,6.7459
3kb3,5.0626
3fv8,7.7175
3fun,7.6544
3hng,6.6395
2w3i,6.8404
3c7p,7.707
3hd3,7.6245
2wf0,7.757
2wtd,6.6541
3iej,7.1753
2wbd,6.6346
2wi6,7.4412
3kah,5.2949
3ej5,4.8386
3il6,6.253
3g6z,8.4715
3i06,6.6561
3k3b,5.1374
2wtc,5.4722
2w6p,5.7503
2w71,5.051
3hr1,7.0622
2waj,4.1126
2wmw,7.4278
3hqz,6.5087
3fr5,4.8878
3gw5,5.8891
3k48,6.7054
3g70,8.0672
3g3n,5.6049
2wo8,4.5282
2wqb,7.7475
3fqh,7.3111
3dv1,7.8893
3fr2,6.1542
2zv2,5.2245
3g1m,5.2591
3fr4,6.6248
3hp2,4.5603
3fnu,9.593
3gc7,7.3113
3fej,5.8623
2wtj,6.3096
3fpd,7.1958
3eq7,6.0561
3kaf,6.4939
2wmx,6.226
3hw1,6.2167
3fc2,6.6725
3eq8,6.8483
3g72,9.0777
3djf,6.5245
2wi5,6.3201
2w1d,4.0354
2wbb,7.4141
3jzb,4.6106
2zoq,6.3183
3ezv,7.4081
3fy0,8.4759
2woa,4.0754
3ft4,5.7804
3jzk,6.1767
2w1i,7.1607
3hyf,6.006
3a4o,8.4344
3e0q,4.6426
3f9n,5.7869
3fci,5.7198
3dp0,5.5112
3k3g,4.8778
3d28,5.2896
3duy,5.5055
3dp2,5.4638
3doy,5.2245
3dp3,5.7945
2wi4,7.1394
3fzs,7.7486
3ftw,5.8221
3eyg,7.5788
3idp,5.9383
3il5,5.113
2zvj,6.1075
3hj0,3.8297
3doz,5.6326
3k3i,4.7516
3fmr,6.3275
3fck,5.3795
3hy7,5.7848
3fu6,3.5245
3h2a,4.7627
3co9,6.3548
3cwj,6.168
3ezr,7.625
3fmq,6.3275
3hqy,7.4559
3hhm,5.6979
3jzq,7.7137
3ftv,5.8221
3e3b,7.149
3fzr,5.4022
3hxf,6.3902
2w70,4.7178
3dgq,5.6149
3hha,6.4763
2w1e,7.061
3fi3,7.1964
3fxz,8.3097
3h03,4.7098
2wf4,7.118
3a29,3.8748
3e3u,8.1721
3f8s,6.3194
3i81,7.7644
3h3c,7.5272
3fu3,5.1159
3e51,5.2395
3eta,7.3559
2w6z,6.1958
2v5a,5.1874
3fue,3.1339
3dz6,5.3177
3ft5,6.6664
3h0v,4.555
3fal,6.1416
3kba,6.204
3kce,4.0144
3fum,6.4187
3et7,5.6962
3hy9,8.9673
3h23,4.4727
3gwu,4.9697
3h21,6.3288
2wf3,6.9868
3e8n,7.1235
3eka,2.7733
3i0s,6.9694
2w0d,4.0413
3ik3,6.4826
3iw4,6.2425
3jsi,5.5787
3ha6,6.8071
3f88,5.289
3gwv,4.8734
2wgs,6.1593
2zis,7.8887
3g6g,6.49
3kfc,6.2707
3fkt,7.055
3jzc,6.7944
3hc8,7.5768
3ex2,7.8065
2who,6.4613
2zyb,5.6595
3eyh,5.1269
3dg8,4.3288
2w6m,5.4013
3fup,7.5788
3fhr,7.7387
3h2n,5.913
3fts,5.8854
3h2m,5.3538
3hrb,3.7782
2w12,7.1856
3cde,6.3055
3d25,6.6166
3dv5,7.3312
3hv6,6.18
3fuj,3.4833
2w0j,3.9292
3f7u,7.5283
3ftu,4.9394
2w7x,5.1704
3ewu,8.7349
3exo,5.8376
2w6q,6.1921
3h2o,6.7503
3ejs,5.0583
3eju,7.0939
3jzp,5.9382
2wcx,6.2293
3fi2,6.9987
3kfa,7.2688
2wf2,7.225
3dtc,7.2965
2wu6,6.6667
3dga,5.0508
3h06,4.8095
3hvg,4.4646
2wf1,7.1567
3da6,7.7953
3hwn,6.516
3d3p,6.042
3gfe,7.2629
3h0b,6.2215
2wei,6.7146
3kl6,7.1118
3gs7,4.8323
2w6c,6.5854
3kai,5.7419
3ft8,6.5395
2vur,4.7218
3g4f,6.7864
3ksl,6.2827
3hv4,6.0227
3fcl,5.3861
3h26,5.2706
3fqa,3.887
3fdn,4.4996
3f3w,6.6624
2wi2,6.0009
2wi3,6.0009
3gww,4.8734
3hqw,7.3154
3jzr,5.9382
3ex3,4.3184
3hfj,5.5059
2jle,7.3749
2wfg,4.7811
3igb,6.1369
2zzu,6.196
3fq7,5.7929
2w1g,7.0633
3h5u,6.1152
3i0r,6.8635
3ia6,5.1721
3e37,7.1261
3dpk,6.8729
3fc8,5.3174
3hxb,8.3243
3hab,7.8728
3h0z,7.2408
3hxe,6.547
3fcb,4.4949
3dz4,5.2951
3hdm,6.0981
3kf7,4.9743
3fcf,5.1336
3itu,3.9978
3ess,6.102
3eq9,6.5045
3fqs,5.63
3hhu,8.0403
2wmu,4.6999
3i7g,4.2474
3fw3,5.6266
2wot,7.0242
3ejt,5.0583
3ft2,5.7804
3ft3,6.6166
2wih,6.6628
3hv3,6.09
3coh,5.4798
3gz9,6.6425
3k9x,6.9743
3hxc,6.6599
3dcq,5.5291
2w1f,6.7497
3hdz,5.2017
2w1h,7.7034
2wmr,3.7357
3fu0,4.6874
2wu7,5.7457
3fl8,6.5631
3dpe,6.1575
3dpf,6.1575
3f2a,5.9337
2wi7,6.8605
3fyj,7.9834
3g86,6.7033
3h5s,8.1018
3h98,6.5733
3jzf,5.6784
3jzi,5.3262
3k23,6.5439
2zir,7.8157
3g6h,7.923
3kag,4.9123
3hac,6.8061
2w6o,5.2112
3h0w,4.918
3hvc,6.8522
3fty,4.3999
3i7i,8.5652
2w0x,5.4534
2wo9,5.0624
3kab,4.4307
3fzt,6.3553
3hdn,6.4489
3ig7,6.3408
3f7b,5.6451
3f7z,5.9165
3igg,6.0896
3jsw,6.2803
2wuu,5.7335
3ewh,7.8043
3h0y,6.0829
3hhk,6.4964
3i28,6.9901
3dng,6.7735
3kad,5.8451
3h9o,7.178
3dz2,5.4757
2wou,5.7372
3kac,5.4259
3fu5,3.6349
2wey,4.533
3fl9,6.2541
3ewz,4.2651
3dz5,5.2493
3frz,6.8066
3h0e,7.024
3i1y,4.2692
3fpm,6.5439
3f8w,8.7968
2wd1,7.1351
3h2f,5.183
3jzs,7.7137
3h22,5.011
2wmv,4.4889
3dp1,5.4826
2wti,6.6363
3gnv,4.0945
3hyg,8.9754
3hv5,6.4784
3fuk,5.3124
3hxd,6.7034
3dvp,4.8735
3ikc,4.0242
3csl,6.0289
3c8e,5.017
3gws,5.7774
2wjg,5.3012
3g15,5.7782
3fsj,4.1283
3bwk,7.6843
2vk2,3.2993
3fzy,5.807
3heg,7.8529
2w3o,5.9523
3a1c,4.3072
2w16,5.6058
3drf,4.5183
3drg,4.8458
3g2t,5.5595
3ie3,5.1791
3el1,6.6
3eky,7.1299
3jvs,6.6927
3imy,5.4847
3bwj,5.3201
3d1v,5.7106
3dla,4.4182
3d7m,5.3012
3ffu,4.7596
3e8u,6.3358
3ekx,7.0468
3ekv,8.0081
2w73,6.3411
3g2v,4.9718
3hjo,5.6149
3hik,4.827
3fvh,5.9677
3ed0,5.7137
2zx5,4.0752
3f33,6.4999
3hxi,5.0349
2w77,7.7153
3eu7,6.872
3f35,5.0165
3f34,5.0165
3g2s,6.1057
2zym,4.1432
2kgi,5.8035
3gnw,6.1561
3e73,4.2916
3a3y,7.7337
2k7l,6.6155
2v58,6.423
3iw5,6.9093
2w7y,4.8641
3ijy,4.0586
3esj,5.5857
3e12,5.6101
3dxm,6.8481
2kdh,4.9344
2w8j,3.8188
3img,2.9276
3i9g,6.1002
2weq,7.3608
2zyn,4.1432
3f36,5.491
3ekp,8.0081
3ghe,5.0362
3h1x,3.7035
3fxb,5.5407
3h6z,6.0303
3iue,5.0765
3k8d,4.7088
3ivx,6.7942
3hrf,3.9507
2vr3,5.1152
2w47,5.2929
3ekw,7.1299
3ime,6.8315
2wzf,4.2442
2kfx,3.9086
3ijh,3.7948
3hv8,6.0446
2k0g,5.008
3gkz,4.0598
3gvu,6.1656
3hx3,7.025
2kbs,5.7409
2vxn,7.5682
3cfn,4.7724
3dow,5.7634
3imc,2.9276
2weh,4.4299
2weo,4.7619
3jvk,4.5267
3g5d,6.1465
3juq,7.3272
3cx9,5.7679
3fgc,8.0798
3gk4,7.2692
3evd,5.1266
3evc,5.3012
2wor,4.9432
2wos,4.9432
3ehn,5.6386
3h9f,7.1146
3hv7,5.8698
3iw8,7.9149
3hwx,6.0592
3gxz,5.6649
3a1t,5.5074
3a1s,5.5074
2w4x,5.0771
3f70,2.2809
3h52,3.9698
3k41,5.0994
3gcp,6.8539
3fbr,5.4362
2zwz,4.1883
3f39,5.341
3gcu,6.6089
3bpc,3.9692
3iiy,5.2878
3dsz,6.0582
2w10,5.5302
3ekq,6.4653
3gm0,6.1743
3ern,4.285
3el5,7.0468
3dgo,5.1282
3h91,5.4007
3fjg,3.9982
2v59,6.6161
3dnt,5.309
3f3u,6.938
3hg1,6.2776
3fuc,6.8263
3fj7,3.4781
3d4f,5.3979
2wf5,3.556
3elc,5.8042
3dkj,3.8157
3iuc,5.3982
3d45,6.3059
3a1e,4.3072
3g2w,5.0787
3fwv,5.1151
3iw7,7.0807
2kfh,5.2732
3f38,5.1694
3f37,5.1694
3e3c,5.8697
2vxa,6.1962
3e6y,7.1446
3jup,7.3272
3gxy,6.8446
2w6t,7.4389
2w78,7.2202
3kjd,6.6111
3ggw,7.0887
3gl6,6.3756
3dp9,9.0556
3gf2,4.559
3g0e,6.87
3hy5,7.8451
3ij1,5.607
3k5i,4.6357
3isj,4.2312
3ioc,4.4294
3g19,4.6303
2w87,4.5631
3g0f,6.87
3h1z,6.9421
2zq1,7.4087
3d78,6.4996
3k5k,6.302
3ifp,4.7411
3iqg,5.3319
2kff,5.8452
3eyu,5.953
2rol,5.0331
3iux,6.8386
2kbr,6.3629
3iqh,5.16
3dgl,5.1282
2wp1,5.999
3ekt,7.7962
3f3t,7.957
2khh,5.6905
2zq2,7.4087
3gfw,6.4255
2uzj,6.4206
2zfs,7.4087
2zhd,6.6319
2w92,5.7434
3iub,4.343
3gk2,5.4943
3fhb,2.5008
2wn9,6.2102
3da9,6.1487
3iw6,7.105
3ga5,4.1588
3eqs,7.5377
3ivv,4.7997
2wa8,6.2212
3gqo,5.237
2zft,7.4112
3fdt,5.4101
2wl5,6.3575
2weg,4.5419
3eu5,9.3372
2wnj,6.4321
3gx0,4.8095
3hec,6.884
3el0,7.0468
3gcq,6.4402
2w2u,5.1197
2vx9,6.1962
3fea,6.9676
3gp0,7.6666
3k27,5.2749
3dri,4.7182
2wig,4.0116
2we3,5.0133
3iqi,4.9797
2w08,3.9415
3iob,5.1252
3jzo,7.3665
3eys,6.6516
3hqr,4.126
3el9,7.1299
3e85,6.4276
3g8e,4.9661
3efs,6.4288
3ftq,5.2778
2w9r,6.1934
3jzh,5.0007
3fn0,5.6154
3jzg,5.3803
2w9h,6.2541
3dpc,6.4497
2rok,5.455
3gjd,4.112
3kv2,5.6782
3dxk,7.4834
2wnc,5.5637
2wkt,6.3575
2wc4,6.0599
3g2u,5.437
3dpo,6.0866
3ivg,6.2536
2wuf,5.5519
2vzr,5.0968
3a6t,6.186
3jrs,5.7374
3ifo,4.7411
3ioe,5.2914
3cz1,6.4996
3gcs,7.8529
3h78,4.1717
2ke1,5.493
3gpo,5.237
3g08,7.8976
3cyz,6.5361
3dzt,7.1738
3dgn,5.3982
3hqh,5.0786
2wij,3.8357
2wl4,6.3575
3cft,5.2945
2wik,5.2258
3el4,6.4653
3h85,6.5014
2w8w,3.8188
2wfj,7.7866
3fqk,7.4011
3fql,7.4011
3f3v,6.6624
3gcv,6.3867
3fe7,6.9864
3hww,4.8628
3a1d,5.3982
3ivc,5.6899
3ivq,5.1248
2v57,5.7149
2knh,6.5661
3efr,10.9956
3ifl,5.6924
3juo,7.3272
2vwf,6.1526
3eqy,7.1712
3f78,3.6405
3gk1,6.6052
3iod,4.8433
2kmx,5.1282
2wej,3.9826
2wgi,4.5973
2zsc,10.9956
3kr8,7.3611
2w85,6.1037
2wji,5.2778
3gus,5.1791
2wer,4.5301
2w0z,5.173
3fzn,4.2996
2wgj,6.5376
3k84,7.3664
3iok,6.6059
3ggv,7.2512
3io7,6.1124
3h8c,7.4754
3g35,5.4985
3k83,5.9977
3h89,6.4528
3f5k,3.0808
3fkv,6.0134
2zjw,6.1792
3k7f,3.8852
3kcf,6.5344
2zy1,4.4872
3f5j,3.0808
3ikg,5.6219
3h5b,7.997
3jya,5.1002
3fx6,4.3453
3ikd,5.8609
3dk1,7.7488
3f5l,5.9773
3g32,6.4258
3elm,5.8731
2zz6,5.6019
2zo3,5.9674
2wap,5.0611
3gs6,6.7211
3blt,4.1145
3eyd,6.4973
3gsm,4.2311
3fv3,9.2869
3g0w,6.6914
3g5k,6.8635
2wcg,5.3019
3g90,7.1151
3ctt,6.0328
2wk6,4.9058
2zga,5.8806
3ckt,6.2103
3jq9,5.2698
3h8b,7.479
2znt,3.0697
2w8f,7.4559
3dxh,5.9354
3hk1,5.0929
2k1q,5.4706
3e9i,6.3545
2wb5,5.7355
3g9l,6.1768
3ibu,4.962
2w8y,6.5702
2wc3,6.3201
3gba,3.0697
3ffg,7.204
3kck,5.8062
2zu3,6.4527
3jqb,5.8357
3hb4,9.202
3iss,4.7662
3g34,5.4508
3dcc,5.7527
3g3m,8.3481
3ebp,6.6859
3egt,6.5193
2kfg,5.9228
3jq7,5.8436
2woq,2.4265
3g31,4.5802
3ehy,5.1651
2zxg,7.2471
3fcq,5.8054
2wkz,6.3545
3e4a,6.5541
3cso,5.7163
3jvr,6.4336
3g9n,5.8004
2wj1,4.2448
3gjs,7.3956
2wd7,4.8773
2kaw,5.1097
3dux,6.4413
3djq,5.9354
3g2y,4.106
2vwn,7.1707
3fur,5.703
3hs4,5.6617
3gbe,5.223
3dcs,5.8999
3daz,5.8999
3iww,5.7214
2w67,6.7354
3ibc,7.3956
3gbb,4.6213
2jjb,5.4335
3eft,7.9326
3eax,4.7148
3hfv,4.687
3khv,4.5992
2wks,4.3483
3hig,5.0348
3hfz,4.4837
3ibl,5.2057
2wzs,6.2778
3i7e,7.4322
2ww2,6.0248
3dx2,4.7242
3djx,3.9388
3eb1,5.9026
2zgm,4.4
2wl0,6.3545
3dnd,4.5342
3evf,4.6806
3gjt,5.4842
3ggu,7.7962
3hav,4.9449
3d6q,5.1536
3gep,5.9684
3d6p,5.1536
3g3d,4.2122
3jqg,4.5259
3gxt,5.207
3ebo,5.6978
3fnm,7.0136
3f6g,4.1134
3f6h,4.1134
3grj,4.5635
3dd0,5.4556
3dcw,5.4556
3jxw,6.9941
3jy9,6.0697
2w8g,5.485
3ggj,5.6329
3d9z,5.7527
2wky,3.9958
2wca,6.928
3fa3,4.0406
3kgp,4.386
3gvb,4.7221
3ibi,4.962
3dkf,4.9754
3ejq,7.0435
3ejr,7.0939
3ejp,7.1743
3d7b,5.1536
3ewc,7.3836
3eig,6.8634
3ex6,4.3184
3fee,6.8215
2zx8,5.365
3hl7,6.6145
3ibn,5.2057
3fk1,4.0684
3iph,7.586
2zx6,4.6145
3g0i,3.8474
3ehx,5.6592
3gc4,6.1267
3jwq,6.0098
3dx1,4.957
3bm6,4.7218
3djv,3.9388
3ff3,5.8074
3e9h,7.5976
3h30,4.527
2zns,5.0702
3hii,4.8439
2w5i,6.4288
2zz1,5.6464
2zz2,5.6796
3gsg,3.9545
3ge7,5.7255
3fdm,5.5338
3hvj,5.5986
3g30,5.3823
2wqp,3.4318
2wr8,5.282
3ggc,5.2648
3dx3,4.7574
3hio,7.3793
3c14,5.9248
2vwo,7.4812
2whp,5.2324
2zx7,5.7063
3g1d,4.4146
3h0a,5.2045
3fed,6.0322
3hl5,6.4309
2wbg,6.3201
3dx0,4.6282
2zu4,5.4249
3d8y,4.1601
3gr2,4.3788
2vvc,7.2084
3hvh,5.7835
3hvk,4.7882
3dxg,4.3088
3hkt,5.4739
2zxa,5.403
3g2z,4.6403
3hkn,7.9955
3hkq,4.253
3gtc,6.2474
3f82,6.3289
2wj2,4.2079
3gjq,7.1406
3dc3,5.6617
3djo,5.1536
3kmc,5.4335
3e90,7.8601
3d8z,4.1586
3f7g,5.6307
3i6o,7.2375
3f7i,6.8816
3ebh,6.912
3dhk,5.9781
3eos,6.496
2zxb,4.608
3ip8,4.726
3hek,7.2978
3hll,7.6318
3fl5,5.2259
3i4a,4.7385
2zx9,4.3495
3gc5,5.5688
3f8e,5.2526
3fqe,7.1881
3hku,7.3769
3hvi,6.1959
3jy0,7.2047
2ww0,6.0248
2zxd,3.9133
3hit,5.9228
3hpt,6.6855
2ko7,4.4812
3gqz,5.9184
3djp,5.1536
3k2f,5.5765
3g1v,4.7162
3gdt,5.3297
3kid,3.8427
2vvv,7.9525
3dne,5.2873
3d8w,5.8575
3faa,6.2379
3gv9,4.6617
3hiv,6.032
2znu,4.5892
3gpj,7.0423
3a9i,4.726
3ffp,5.4789
3kme,6.8984
3dx4,4.7045
3d6o,5.1536
3ebi,7.7542
3fmz,5.4934
3jwr,4.5659
3hiw,6.058
3f68,5.2637
3dbu,5.8575
3f7h,7.482
2w5g,6.4288
2w66,6.8634
2vvu,7.6555
3fjz,4.0684
2w2i,4.6944
2vwm,6.8941
2vwl,7.3534
2wvz,5.2058
3eou,4.8801
2zu5,5.3366
2jkh,6.8565
3m9f,8.0781
3i7c,8.2374
3mbl,6.7884
3inh,7.5675
3lhg,6.6994
3le6,5.3549
3in4,6.4717
3inf,5.0698
3i6z,7.5494
2xng,7.3305
3i7b,7.9098
3in3,4.144
3lp0,6.4323
2xcn,7.597
3kl8,5.2637
3lp1,5.7571
3kvw,4.8122
3ah8,7.1161
3ipe,4.8928
3kc3,7.2702
2x2m,6.1505
3ine,6.8363
2x9e,8.036
2xne,7.9878
2x8i,5.8695
3kyr,5.4805
3kry,7.4639
3l38,6.427
3lp2,5.9763
3oad,7.7673
3iu9,5.501
3ipb,4.8928
2x2k,7.329
3oag,7.5218
3ixj,8.9873
3ara,5.7309
3mj5,7.3621
3anr,4.3791
3i6m,7.3067
3ksq,8.3485
3is9,5.9125
3m8q,7.3518
3l3a,7.5933
3krr,5.6923
3lq8,7.7307
3lw0,4.7179
3g58,5.9188
3iu8,4.2817
2wxk,8.6021
3kwj,5.7435
3mvh,7.1729
3lmp,5.4011
2xd6,4.6953
3l3x,5.43
3gen,7.7544
2wxg,7.1425
3lkz,5.8948
2xkf,6.8986
3krl,6.6205
2x8d,5.7951
3lkh,7.4898
3max,4.9625
3g4g,4.6693
3g4i,4.6693
3lj3,6.5385
3irx,5.6358
3m1s,7.3672
2wzx,6.3961
3nef,5.4472
3neg,5.4472
3krj,6.6781
3lpu,7.1881
3km4,6.3566
3itz,6.7493
3nzu,6.6091
3ind,6.468
2xez,5.8738
2xk7,7.6807
3owk,6.5496
2xk6,5.8654
3pa8,5.6816
3njy,5.1197
3mks,4.6337
3kx1,5.4444
3mb6,5.7197
3l6f,4.9578
3gzn,6.0786
3l0e,7.0222
3fxw,6.2128
2xvn,6.4437
3ho2,5.0676
3lnk,7.376
3ndm,6.63
3nnx,6.1434
3lpt,5.9536
3k22,7.8674
3oui,5.2805
3ipx,3.3079
3lpj,7.7938
3lok,5.0272
3kbz,3.6848
3ljt,8.2452
2x6d,8.1285
3ivi,8.3453
3kc0,4.1007
3l3z,4.9617
2x38,6.971
2xfj,7.2
3mvl,7.7398
3lco,5.4404
2x8e,5.862
2xcs,6.6591
3ika,6.5748
3kqa,4.0546
3ncg,7.9098
3lce,5.3678
2x6e,6.551
2xfi,9.3631
3koo,5.9478
3l13,7.1146
3mj2,6.3477
3n51,8.0271
3ncz,6.488
2xk4,6.8676
3ihz,7.8737
3l0n,9.1364
3g8o,7.3805
3hq5,7.0281
3phe,6.1567
3iu7,4.3167
3mlb,6.183
3iop,7.4004
3k5c,8.2936
3kwb,7.996
2x4r,5.3405
2x4o,6.2817
2wxf,7.4691
3fh8,7.4777
3mv5,5.8379
2wa4,5.4217
3kfn,7.2084
3ful,6.3378
3hnz,5.0894
2wa3,4.3143
2wxj,7.9932
3iad,5.0622
3kc1,4.7543
3kw9,6.9003
3pa3,6.1455
3m8p,6.5214
2xk3,5.3295
2x39,8.0172
3p1d,3.6443
2xkd,6.186
2xk8,6.8553
3fhe,4.8761
3k5g,8.3161
3m6f,7.7243
2xkc,6.8658
2x7d,6.6529
3mb7,5.2246
3oyl,6.9163
2wxn,7.2439
3k3e,7.2342
3ow4,4.4085
2xg5,5.6047
2x6k,6.6297
3kig,4.0657
3l0k,8.7349
2x6f,4.2472
3lfs,6.9105
3kn0,3.7827
3mpt,4.8727
3oyn,6.9163
3kdt,5.1625
3msk,5.7693
2xh5,7.4981
3l5e,6.5958
3nnv,5.5981
3pjc,6.6468
3g4k,6.4022
3a4p,4.964
3khj,6.2095
2wxv,6.5658
3lvp,7.4183
3oot,6.7612
3oyp,8.0809
3pa5,6.6782
2x7c,5.5086
3g0c,7.0041
3n5h,6.076
2wxd,6.7711
3my1,4.527
3ked,4.1858
3k5f,7.5219
3frg,6.3308
3mvm,8.0601
3arn,6.4925
3k5u,6.9398
3mpm,6.7056
2xf0,5.3093
3lfn,6.9843
2xru,7.3449
3og7,6.9397
3ovx,7.016
2xct,7.5752
3mvj,5.8379
3h0j,6.2358
3nc9,6.6529
3l16,7.7474
2wwj,4.8418
3kdu,4.9644
2wxq,6.181
2x7o,7.8054
3gb2,6.1563
3oy3,6.7731
3kxz,6.5512
2x6j,7.097
2xch,7.7338
3l5r,5.7942
2wxp,6.4027
2xa4,6.5082
2xfk,7.2427
3ns9,7.2572
3ocg,5.9174
3pa4,6.1031
3i97,5.4147
2wzz,6.3961
2xke,5.4506
3g45,5.9188
2wxl,8.4562
3lj7,5.8091
2wxm,7.7206
3lcd,5.9688
3otq,6.5367
3oqk,6.1631
3krx,7.9035
3krw,7.9035
3lpb,5.5282
3nsh,8.5619
3ivh,7.8816
3nnu,6.1087
2x4u,6.5537
3kwz,6.3691
3nrm,6.7499
3ken,4.1168
3l17,7.3282
3nw7,7.5804
2x2l,7.3548
3okh,6.2863
3g4l,7.7999
3hmv,5.8191
3ls4,6.6386
2xml,4.5506
3n1v,4.8784
3n46,5.3642
3ipy,6.5728
3oc0,4.6168
3k5d,6.4624
3mww,5.0365
2x52,4.7065
3o8h,6.448
3kec,5.6985
3o96,6.3273
3n4l,6.0919
2x81,6.1644
3g0g,6.4753
3g0d,6.1038
3lxl,7.3953
3ly2,7.1665
3ocb,7.2346
3oct,6.1465
3ot3,7.8912
2xey,6.5953
3ixk,7.3828
3kwf,4.7686
3l5f,4.5709
3ma3,5.6117
2x9f,7.0662
3kga,5.1143
3h0s,6.1
2x4s,5.1423
3nok,5.8913
3my5,4.527
3owl,6.0418
3pup,7.4438
2xow,3.4112
2xwy,7.7854
3n5j,5.9752
3o6t,4.1812
3lxg,6.0404
2x4t,5.1767
3o8g,3.5074
3hnb,5.535
3gwt,6.8319
3l5c,7.7451
3oki,6.9832
2xck,6.7953
3odk,4.7802
3ow3,4.4085
3nzs,7.608
3msj,6.4407
3l5d,7.9737
3ho9,5.3333
3ouh,4.9078
2xuc,3.3094
2wxi,6.8599
3g0b,6.7193
3kb7,6.5363
3l54,7.4019
3nw6,7.6611
3nww,7.3499
3msl,7.3757
3n49,5.0937
3oxz,6.4826
3ovz,7.8214
2x6i,6.8095
3nw5,7.6611
3h0q,6.1836
2x5o,7.6004
2wd3,7.3586
3fh5,6.1072
3k3h,7.2342
2wpa,7.7443
3ion,7.4004
3l58,7.342
3l8v,6.2832
3l9h,6.5438
3lxs,7.4083
3nif,7.6841
3iit,7.4398
2wxo,6.9197
3oqf,5.7694
3nzc,5.6641
2wxh,7.5883
3mwu,8.0271
3nnw,6.1434
3ot8,7.7139
3lzs,7.7962
3lzv,7.7962
3myg,7.5629
3i02,3.6462
3m5e,6.2972
3mhl,4.82
3hu2,5.3382
3lzu,7.7962
3hu3,5.3382
3hu1,5.3382
3psl,5.0841
3kdb,6.169
3iet,5.6705
3m3x,5.5348
3lxk,7.5788
3m40,6.0852
3m67,5.1857
3fsm,5.1192
3hzy,4.4541
3kdm,6.9287
3mhm,5.2715
2kpl,5.8432
2xhx,6.7858
3ip6,3.6145
3kmm,6.8145
2kup,5.8655
3hzk,4.4541
3mhi,5.9477
3lhj,7.0657
2xjj,6.2918
3mho,6.5329
3nw3,5.5896
3ogx,6.2855
2xdx,7.4286
3hzv,4.2217
2xup,5.1262
3m3r,4.4188
3lnz,6.5261
3fw4,4.2297
3k1j,6.1022
3kdc,6.1318
2xgs,4.1018
2xab,5.519
3oap,5.5557
3hcm,7.7751
3k5v,6.4423
3me9,5.9831
3m55,5.4654
3ad8,4.4741
3m89,4.8862
3acl,4.9759
3ip5,4.6672
3ipa,4.6672
3p2e,5.168
3pb3,5.168
2xjx,6.0073
3ig1,5.0909
3ktr,5.8644
3otf,5.8964
3mo8,4.9156
2xui,5.1262
3k54,6.1465
3nex,7.7404
2xht,8.6817
3kgu,6.0629
3n5u,5.6938
3neo,7.7404
2y3p,6.8669
3m54,5.5013
3lka,7.4111
3k00,3.386
3gy2,6.1925
3kr1,4.5639
3o0e,4.5569
3lf0,5.1282
3k02,5.1702
3lle,4.8236
2kp8,3.9402
3huc,5.8902
2kvm,5.3756
3l8x,6.9475
3nga,7.4745
3new,6.5128
3omc,4.9315
3iqj,5.41
2wib,5.5074
2w97,5.2446
2l1b,5.5525
3kze,6.6814
3luo,5.7799
3a5y,7.5976
3m5a,5.4123
3mmr,5.4259
3nin,6.0677
3juk,4.4858
3m8u,5.5124
3nij,5.5321
3ies,6.2144
3l5b,7.4157
3lp4,4.8392
3obx,5.6472
3mo5,6.129
3lbz,6.5353
3kqo,4.3942
3lzz,5.594
3kpw,3.6741
3mo0,6.4192
2xjg,5.2893
3mj1,6.7653
2l0i,4.1227
2l11,6.0316
3kmx,4.0788
3kqy,4.6212
3lxo,4.2178
2rr4,5.5357
3nq3,5.557
3g5v,5.4357
3iqu,5.8062
3hdk,5.1192
3nim,6.7727
3kqm,5.6638
2xg3,4.583
3n6k,5.3269
2wq5,5.9734
3kpv,4.9006
3lcv,4.9204
3llm,6.1022
3ny3,6.1282
3lk8,4.3728
2x2c,7.697
2wzy,7.8025
3okp,5.594
3oka,5.594
3omg,5.7097
3jrx,8.1464
2l6e,7.1192
3met,5.0356
3nyn,6.3825
3al3,6.253
3p4f,6.0313
3l1n,5.7602
3gy3,6.3104
3hkw,6.8849
3ip9,3.8887
3nes,8.7299
2x4z,7.7952
3iqq,4.7305
3jyr,7.8442
2krd,5.4225
3kd7,5.7279
3l59,6.6329
3n7s,6.3519
3n7r,7.355
2wva,6.0882
3kr0,4.4292
3lm1,3.5162
3nkk,3.7956
3p2k,5.037
3lnj,5.3673
3miy,6.87
3oy8,4.1643
3mss,3.6501
2rqu,6.1466
3ljo,7.4087
2xs8,5.7203
3lgs,3.9759
3mo2,6.371
3jzj,5.1702
3o4k,4.7061
3ob2,6.193
3m3o,5.2533
2xdk,5.4791
3afk,4.9868
3fh7,6.7297
2wq4,4.6328
2l1r,5.5403
3adt,5.1561
3p8p,6.6482
3l81,6.7488
3obq,5.3005
2x7x,6.1362
3ad7,4.728
3kgt,6.0629
3i73,5.3982
3hmp,6.7711
3m58,6.6033
2xde,6.6685
3kdd,6.1334
3pd2,5.4688
3nam,6.2668
3pty,7.1066
3lp7,7.2864
2xbv,6.6165
3nhi,7.1738
3ng4,4.2166
3ob1,6.2203
2wsx,5.0893
3hmo,8.4344
3ljj,7.4112
3lcu,5.282
3gy7,3.6838
3o6l,6.4702
3l2y,4.3782
3kmy,4.6661
3pd4,4.058
3o6m,5.5144
3nil,7.0079
3o8p,7.0554
3nik,6.0762
3g5y,5.4357
3pd3,3.8178
3okc,5.594
3kqr,4.3782
3m3e,5.2533
2wyf,4.3001
3kqp,4.1407
3muk,5.306
3hzm,4.3432
3m57,5.5013
2xuf,5.2456
2wic,5.2986
3mf5,3.875
3lqj,5.7942
3ncq,5.1282
3npc,5.9215
3kqt,4.2969
3nee,8.7299
3nrz,4.939
2x00,5.7931
3ml4,5.3781
2xhr,7.8187
3m53,5.5013
2xtn,5.091
3m17,8.2797
3i5r,5.7663
3l6x,5.8756
3guz,4.5128
3nm6,3.2689
3ogm,6.2059
3nth,4.7339
3hs9,6.4688
3mxf,6.5976
2xyn,7.2323
3l6h,5.3462
2xzw,4.4368
3k8q,7.7997
3n9s,5.7793
2xl3,5.2701
2xl2,4.9674
3m59,5.2102
3mle,6.1022
3lq2,5.0658
3lq4,5.0658
3obu,5.3395
3l3q,6.4424
3iwy,7.2339
3ijg,5.4579
2xib,4.1956
3p5o,8.0138
3lk1,3.7317
2l12,6.0316
2ksp,5.0136
3nii,6.9604
3o84,6.2486
3hs8,6.0791
3p8h,5.9182
3ilq,7.7532
3nsq,5.9957
3kqs,4.361
2wtw,6.1644
3iqv,5.8062
3lqi,5.3133
2kzu,7.8627
3kyq,4.0972
3if7,5.8021
2won,6.8414
2xii,5.1275
2xto,5.5074
3kpu,3.6086
3lk0,4.0778
3nan,6.5764
2koh,5.9114
3ms9,5.1688
3n1c,6.3346
3nti,5.147
2xi7,5.1336
3kr2,4.3692
2kwn,4.8251
3hb8,4.5892
3nkx,5.491
3nx7,5.4015
3adu,3.9405
2wvt,4.226
3ncr,5.3982
3oyw,2.7908
2xdl,5.0392
3p8e,4.6224
3hub,7.0868
3hbo,5.1192
3k8o,7.7312
2y34,5.7465
3hky,6.8849
3m3c,5.2533
3le8,6.3451
3nal,5.1415
3gy4,6.2365
2xbp,5.1282
3ads,3.7035
3ouj,5.1792
3isw,5.9298
3n8k,5.0753
3nq9,5.557
3adv,6.7733
3kqw,3.4013
3nht,6.0004
3l8s,8.2178
2xcg,5.8167
2xeg,5.9106
2xei,5.7762
3liw,7.0908
3i51,7.9948
3hfb,4.8732
3l4u,6.9277
3mxe,7.8656
3i4y,7.7052
3l4y,6.1718
3gt9,6.8141
2xmy,7.078
3a2c,6.495
3iae,5.011
3l4x,6.1718
2xef,5.7762
3m36,7.4627
3nu3,8.0081
2wk2,4.8605
3nuo,8.0081
2xhm,5.5247
2xb9,3.8167
3anq,4.6314
3l4v,4.3552
3l4z,4.6253
3m2u,4.218
3aav,4.164
2wly,4.2214
3lc5,7.5004
3nmq,7.5324
3hf8,5.002
2xd9,5.7509
3p4q,5.4672
3kqd,7.0578
3nuj,8.0081
3iut,6.9531
3ioi,5.1539
3aaq,5.5643
3l7g,5.1026
3fv1,3.0697
3kqb,8.0072
3nu6,8.0081
3lpp,3.4863
2xb7,6.1648
3mn8,4.7249
3of8,6.1058
2xda,4.2809
3agm,6.0135
3p8z,5.7492
3a2o,6.3725
3fvl,4.6509
3owj,7.8536
3lea,7.1583
3lpk,7.8836
3mdz,5.4556
3m37,7.2451
3nu9,8.0081
3l4w,5.9656
3lmk,5.8074
2xaq,4.2835
3iaf,5.6972
3k8c,4.3687
3k37,4.2753
3kjq,4.3555
2xej,4.416
2wpb,4.6602
2wtx,4.4395
2xas,5.6966
3mxd,8.1343
3fvk,4.63
3nu4,8.0081
3fyz,6.8796
3k16,4.6561
2wtv,6.1644
3jyj,6.1422
3lik,6.9946
3p4r,3.6854
3i3d,3.408
3ldw,6.6247
2xbw,5.027
3k97,6.4604
2x95,5.5886
3mxr,5.6484
3lir,7.0578
2x8z,4.8152
3mhc,5.6777
3lbj,7.3793
3fvg,4.6213
3i6c,4.6292
3k15,4.6462
3kjf,6.243
3g2i,5.1668
3g2l,5.3818
3kr5,7.2887
3n2u,7.3782
3mz3,6.6013
3moh,4.1144
2xnb,7.8936
3h9k,4.0208
3ik1,6.9883
3k05,6.1974
3g2h,4.9367
2xbx,6.468
3g2k,5.3611
2x7s,7.3981
2xaj,5.3414
3fvn,4.576
3agl,5.7346
3gi4,8.1137
3acw,6.1993
3g2j,4.6354
2x09,4.0979
3mi2,6.8684
3abt,5.1804
3mkf,7.1621
3ljg,6.9888
2x91,7.9331
2wyi,6.0248
3g6m,4.1284
2xc0,8.2086
2wyj,7.965
3lvw,5.017
3kqc,8.1815
3nox,6.6174
3mke,6.9328
3fv7,7.595
3abu,5.9841
3oe0,6.4333
2wyn,5.4348
3lpf,6.1408
2x97,4.2773
2xj7,4.8883
2xba,7.1398
2x7t,8.2213
3l0v,4.8863
2xaf,5.9332
3lxe,7.3769
3itc,4.2656
3kr4,6.2558
3o87,3.8458
2wlz,5.1963
2x0y,3.4076
3k0h,4.6462
2xb8,3.8167
3hp9,4.9925
3ipq,6.6991
3ixg,6.0134
2xah,4.5816
2xag,5.9332
3fuz,5.0702
3mwe,4.1824
2wyg,7.965
3i60,7.8074
3i5z,7.2313
3l1s,6.6258
3lgp,6.1054
3acx,5.9555
3kku,4.8554
3i25,9.0417
3l79,4.9265
3mi3,4.726
3l7c,3.6658
3mjl,3.7619
3k0k,4.6561
3l4t,4.673
3oxc,6.4653
3mfv,5.5168
3mfw,4.9224
2wm0,5.5518
3n2v,7.9033
3aas,6.615
2xdm,6.2564
3nyx,6.0824
3hl8,5.0385
3ieo,4.6241
3l3l,5.1336
3pd8,4.8545
3own,7.4496
3lbl,7.8257
3nba,5.948
3k5x,7.7546
3lpi,7.7092
3iog,4.8907
3l7b,4.4118
3fzc,6.9522
3m1k,5.491
2xdw,5.1872
3kek,7.6687
3nu5,8.0081
3k4q,4.7387
3o88,6.2768
3l7a,4.8061
3ipu,6.7071
3mnu,4.9696
3mhw,4.8883
3o5x,5.19
3i3b,5.3686
3ok9,7.6331
3lc3,5.9811
3moe,4.1397
2x7u,7.3584
3gta,6.8887
3n3g,7.3265
3kgq,2.0618
3gjw,6.1411
3gn7,6.6111
2wzm,5.0419
3kjn,6.409
3l7d,4.2618
3l3n,5.5886
3oe9,6.3229
3krd,5.0436
3pd9,4.2578
3k99,5.4584
3m35,7.4627
3l08,7.7951
3nf3,5.7411
3mz6,6.6013
3ips,4.7438
3nsn,4.926
3lpg,6.1955
2xe4,5.3941
3l3m,5.5927
3le9,6.6112
3gi6,7.6932
3gi5,7.8385
3iof,5.3506
3ijz,5.8784
3odu,6.3229
3oe8,6.3229
3n2c,4.8129
3fv2,4.5892
3n9r,5.9074
3o86,4.7906
2xg9,5.3888
3n7o,5.5366
3kej,5.7261
2ksb,5.7845
3mkn,7.39
3k4d,5.498
3i4b,7.2313
3nxq,4.2773
3oaw,7.3184
3kqe,7.4275
3oe6,6.3229
3k39,4.2753
3lil,6.3386
3g2n,5.9722
3k3a,4.2045
3kwa,7.211
3mof,4.5472
2ksa,5.7845
3aho,6.6673
3ith,6.7854
2ks9,5.7845
3aau,6.3142
3mxs,5.2446
3ahn,6.4782
3lbk,6.54
3mtw,4.6711
3igp,4.629
2x96,5.796
2xz5,2.9755
2xc4,5.5281
3ag9,5.5712
2xvd,6.5424
2yac,6.2026
2xbj,6.351
2yj8,6.0811
2xm9,7.3468
2yj2,5.914
3p7b,6.6681
3twd,6.7212
3s7m,3.8949
2xu1,5.7902
2yjc,5.7902
3p7c,7.3024
2y1x,6.943
2yc5,6.5978
3apc,7.6924
2ycf,6.3787
3pj8,7.5947
2xx2,4.5494
3p5k,5.9216
2xk9,5.9716
3tge,6.9924
2xx4,3.5407
3s7l,5.4723
3uo9,6.1174
2yj9,5.5908
2yjb,5.5908
3r7q,5.2658
3qaq,7.5519
3qj9,7.8003
3zya,5.3491
3lq5,6.6935
3p78,7.5867
3qtf,7.3031
3r04,5.9634
3r0i,6.7374
2xu5,5.3353
3zrk,5.6276
3zrm,6.1721
2ycq,6.0284
2yc3,6.3327
3qcq,5.6456
2y1d,5.7597
2xm8,6.4442
2xnm,6.5357
2xu3,6.2452
3zrl,5.3811
2yir,6.4025
3r21,7.9197
3pix,7.9407
2xx5,8.2844
3o9l,8.1761
2y5k,6.5962
3ow6,5.574
3opm,7.4696
2yit,5.6889
3piy,5.63
3sl8,6.3102
3n5k,6.2828
3zs0,4.7027
3qcs,7.5289
3u6a,6.0583
3p3u,6.084
3qar,6.7145
2x24,7.6592
2y5l,5.8494
2xu4,5.6605
2xnp,6.6166
3qkk,7.2892
3qup,6.1807
3q4b,7.7772
3sfi,6.8702
3zs1,5.6756
3p7a,5.7488
3ti6,3.7769
3q5h,9.0031
3ro4,7.5526
3o23,3.9484
3qcj,5.3046
2ykj,7.4633
2yb9,6.0457
2ye9,6.0742
3s1y,3.9744
3qg6,6.2532
2xyr,5.5662
3r2a,4.3482
2ykc,7.5992
3rsv,7.5657
3sn7,6.4108
3snl,6.1767
2y1g,4.9397
3osw,6.9026
3rm8,6.9014
3mw1,7.1125
3rhx,6.3388
2yiw,6.5851
3qri,7.4356
3rcj,7.1348
3ti8,3.9038
3r0t,7.2999
2yg2,6.4983
3skh,6.0528
3tjd,5.7894
3ti5,4.4686
2xno,7.1119
3s7a,6.9203
2ykb,7.1282
2yke,6.0125
3mg8,5.9106
3qo9,3.0437
2ycs,4.151
3tic,4.4686
4a23,6.5545
3rxa,5.9261
3ppk,6.2658
3prf,7.5046
3r2f,8.5652
3nzw,7.1405
3sjo,5.0066
3qfv,7.6955
3skc,7.3013
3s3q,6.6019
3rz3,5.9196
2yis,6.3711
3ti3,3.9038
3q32,8.2637
3r7r,4.7275
2xk1,4.7856
3tku,5.7772
3t9t,7.8217
3b1u,6.1058
3rv3,5.5346
3qd3,7.0327
2y6c,6.4609
3r5j,5.7592
3tv4,6.7257
3svv,7.6797
3qi4,4.5659
3nwb,5.9585
3pp0,5.7344
3rvi,7.5114
3sni,7.6689
2xsb,3.4102
2yiq,6.2079
2xel,6.9123
3tib,4.2034
2y0j,4.9816
3o0u,6.5685
3qpp,7.4079
3szb,5.2421
2ylo,6.6799
3sie,5.6503
2yiu,5.8599
3py0,6.8006
3py1,6.8006
2xiz,5.0719
3src,5.0272
3npa,3.6386
3mg7,7.8782
3atk,5.9261
3pz3,8.1475
3ooz,6.2457
3qti,6.0541
3tl5,7.9284
2yem,6.1815
3rxh,5.989
2xj0,5.0416
2yc0,5.0525
3qbh,8.118
3tpp,8.3421
2xp8,6.0249
3as3,6.5192
3qi3,7.2342
2xtk,5.9518
3l9l,6.4086
3s0j,4.4028
3nuu,4.6394
3oy1,7.5236
3t07,5.655
2y2j,5.3905
3q3b,7.0891
3atl,3.6838
3rxe,3.6838
3qpn,6.4221
3r22,7.7885
3rcd,6.7577
3rq7,5.8477
3ske,7.5679
3pdq,4.5676
3s0n,6.7426
2xp4,5.372
3mrv,5.4081
3ati,4.5349
3rxd,4.5349
2yde,5.0525
3o9v,6.0997
3ohh,6.9572
3qk5,6.4861
2xzg,4.2057
3tpr,8.3421
3ms2,5.2639
3zst,4.4188
3owb,5.9023
3r02,4.8229
3sji,5.1109
3s3r,6.6596
2xpb,5.8549
3rxk,5.9959
3p76,7.9497
3rxb,6.0864
3b1t,6.2635
3oxi,6.7215
3p79,5.69
3qzq,5.1109
3rxl,4.8127
3qqu,6.8393
3rxf,4.8197
3nzi,7.2914
3so9,7.7962
3sdg,4.9375
3q96,7.4026
3sff,6.4366
3mrt,6.8797
3asx,6.2689
3olf,5.8343
3q0z,8.8695
3qcy,8.3195
2xp6,6.3621
2y2p,4.9611
2ybt,4.5779
3sl5,6.4588
3rme,6.4014
3mtb,5.0146
3px8,7.3405
3rxm,3.8582
3os3,7.2813
3poz,6.7577
3rjm,7.206
3qpo,6.7346
2ybp,4.051
2ybk,4.051
3p50,6.4999
3mt9,4.6711
2y68,7.0799
2y6o,6.139
3nwe,6.0439
3ptg,5.9403
3r6g,5.8843
3lkj,6.1152
3nc4,5.0792
2y2i,5.4098
2ybs,4.051
2ycm,4.796
3s3o,6.1359
3sl4,6.3704
2y2n,5.002
2y2h,4.9713
3p4w,3.6736
3soq,6.8741
3mt8,4.2317
3otx,5.9412
3pvu,7.8955
3nf9,6.7843
2y67,6.0996
3nf6,4.9189
2yak,7.5644
3qc4,6.927
3thb,7.6662
3b0w,9.236
3spk,6.6906
3zxh,4.1752
3tia,4.2054
3qd0,8.0301
3pp1,7.7874
4a22,6.1391
3qch,6.8344
3q2g,7.785
3piz,7.8751
3s22,3.6776
3qci,7.0739
3ogq,9.9802
3owd,5.7006
3q7j,6.591
3peq,6.2225
3srv,7.7319
3ro0,2.8775
3nus,4.8585
3oeu,7.9706
3p9j,5.1905
3tjc,6.1037
3pdc,6.7274
3ska,6.0516
2xln,5.1246
3mtd,4.9123
3nf7,5.6992
3nuy,4.1939
3zw3,7.1542
3shz,5.4757
3nlb,7.497
2ydm,5.174
2xiy,4.9673
2xp5,5.5888
3as2,4.8882
3ogp,9.8574
3qkv,5.395
3q4c,7.6438
3ms7,5.6123
3omm,5.6764
3q3t,7.136
3zqt,4.7979
3rl4,3.4238
3px9,5.6172
3qkm,7.9972
3p23,5.3982
4a7b,7.7565
3np9,5.3441
3u4r,6.0321
3psb,5.7067
3psd,7.7871
3sfc,6.0491
3qcl,5.5772
2xpa,6.6583
2xyu,7.2532
3tv6,7.8344
3mrx,5.859
3s3m,6.1359
3sc1,5.7687
2xni,8.5002
3m11,7.1272
2xo8,6.0331
3msc,4.297
3pj1,6.8033
3vhu,5.8634
3ook,6.6402
3qrj,7.4356
3r2b,6.9948
3ttz,6.9859
3o95,4.8784
3tdc,6.3725
3sz9,4.6679
3pj3,5.0227
3aw0,6.2352
3mqf,5.6965
3qck,3.3169
3r01,4.2365
3pxy,5.1103
3pxz,5.1103
3mta,4.5053
3l9m,6.5622
3oof,6.8996
2ylp,5.148
2ylq,6.3392
3vhv,5.5809
3ms4,4.745
3u4o,5.8627
3pka,6.3128
3rhk,5.9524
3pvw,7.9892
3ans,7.3928
3qrk,8.0088
3skf,7.8558
3vhe,8.2482
3qd4,7.3406
3nzx,7.1405
2y2k,5.2773
3sov,4.5757
3pkb,5.2196
3qsd,4.8086
3lzb,6.5936
3qcx,7.9055
3avz,5.8064
3srb,4.0412
3rl3,3.4238
3s2p,7.1567
2ycr,6.2306
3q2h,6.3326
3pz4,6.8907
3q77,5.6476
3osi,6.5505
3rxg,4.8664
3pj2,5.2873
3oev,8.3342
3q3k,6.7056
3tu9,5.798
2yjw,6.4794
2yjx,5.3118
3r7b,6.5219
3r7n,6.5219
3pz1,8.1778
3pz2,8.1778
3rtn,7.5375
3pkd,7.9536
2yig,6.08
3o57,6.6407
2y6d,8.4936
3at4,7.149
3s2a,6.6784
2yk9,6.2834
2y1o,5.7537
3rxp,3.5204
3qsb,6.5433
3ant,7.6067
3r2y,7.7387
3r00,5.2892
3l9n,6.5211
3s2o,7.404
3ty0,6.2085
3rxo,3.5766
3rkz,7.1961
3atm,6.8013
3rxi,6.8013
3rxj,4.5517
3s3n,6.1359
3skg,7.8517
3at3,6.7619
3rdh,4.8831
3n4c,7.8892
3shy,5.6697
3sfh,5.7848
3thd,5.881
3zvv,3.9613
3r91,7.0986
3mt7,5.3795
3ti4,4.2034
3ohf,6.95
3pi5,6.0468
3as1,6.0503
3np7,4.4028
3pkc,5.0955
3r92,6.986
3atw,6.1127
3qkl,7.5768
3txo,5.7232
3b28,7.0661
2yln,4.9028
3uvm,7.2203
3b24,6.0383
2xuz,7.2294
2x6w,5.9979
3arp,5.7318
3qx9,5.1282
3u0d,4.5711
3t2v,5.9224
3uvo,5.7591
3ap4,4.4
3r1v,5.584
3uex,5.557
2y57,7.0855
3rdo,10.9956
3s8o,6.2118
3qo2,6.0292
3tdz,7.4902
3uvk,5.448
3ao2,4.9126
3q6s,5.3764
3aqt,4.0478
3poa,4.9433
3rse,5.4506
3zyu,6.58
3shv,5.5544
3uat,5.7393
3b26,8.0722
3zy5,5.0741
3orn,8.0307
3ka2,5.1215
3m93,4.8596
2xzq,4.5442
3tl0,6.5292
3uvn,6.143
2lbm,6.0316
3ove,6.2118
3s0e,4.5875
3pgu,7.3466
2y56,7.6454
3r93,5.2264
2ygu,6.9696
3muf,6.664
3s0b,7.6211
2y4m,5.9672
2yki,6.6836
3zy2,6.2676
2y36,5.8467
2xxn,6.4245
3o9p,4.6071
3tf6,4.5711
3hau,5.1192
3qlm,5.6586
2y1w,6.8648
4a4e,7.2562
3rdq,8.451
3uew,5.557
3arq,7.4664
3ll8,4.4847
3rsb,4.7596
3szm,5.5544
3rux,6.4712
3rbq,5.294
3t1l,4.4213
2l6j,4.7931
2y4l,6.5186
3ql9,5.262
3s7b,5.807
3hlo,6.3416
3s8n,6.2157
3p9t,5.8928
3u5l,5.8934
2y07,6.4849
3qmk,5.8682
2y4s,4.1432
3arw,6.0503
3qxd,5.5064
2y06,6.1973
3b25,6.1784
3sjt,4.9099
3qc9,6.1022
3pwm,7.7962
2yay,5.0596
3mp1,5.341
3t1n,5.666
3t1m,5.2326
3shb,5.067
3ap7,6.186
2xhs,4.423
2l75,5.3195
3haw,5.1192
4a4g,6.1108
2xv1,7.5583
3rl8,5.7979
3arz,6.5192
3ary,6.6935
4a0j,5.637
3pm1,5.1056
3alt,4.7081
3rz7,4.9362
3mp6,5.3294
3rw9,4.8529
3uev,5.557
3r0h,5.8313
3tkz,5.6292
4a4f,7.2562
3tcg,4.8889
3qx8,6.2023
2y8i,5.3982
3ax5,6.0599
3iaw,5.1192
3ppr,4.2755
2y8l,6.0504
2y8q,6.0504
3qqa,5.394
3plu,5.3977
3rm4,4.1937
2xn6,6.295
3rt4,6.1516
4a4h,6.1108
2xp7,5.0573
3qxc,6.4288
3rz1,4.9333
2las,5.8195
3o1d,6.0799
3o1e,6.349
3pwh,8.8773
2y7w,4.529
2l7u,5.8833
3rey,6.346
3p9m,6.0556
2y7k,4.529
2xn3,5.2617
3n2e,4.8149
3rdv,4.7314
3te5,4.1427
3n75,5.2776
3qs6,4.8206
2xxy,3.8084
3rz9,5.5905
3rlb,5.3516
3qip,5.7939
2x85,5.9979
3od0,5.857
3pju,6.598
3pjt,6.598
3qin,4.9091
3pyy,5.9846
3rtx,4.7892
2ylc,4.6858
3rz5,6.9203
3njq,6.8742
3zyf,3.75
3ru1,6.7667
2yb0,5.6568
3qio,6.04
3qnd,3.2748
2xqq,4.9857
3s75,4.4585
3n5e,5.9546
3q72,5.7226
3q7p,5.7226
3odi,7.782
3nfk,7.3067
3ryj,4.9178
3o2m,8.3271
3stj,4.626
3twv,5.7039
2y9g,3.3526
3ard,6.9315
3rm9,4.0087
3rqe,4.5888
3rl7,5.9437
3pdh,5.6902
3puk,5.8923
3qs5,4.8206
3p7i,4.0497
3q6z,5.4672
2l84,5.3639
3uvl,5.841
2lko,6.6777
3tdu,5.8149
3sou,5.5005
3t6r,5.2025
3td4,4.5935
3s71,6.7624
2xzc,5.8114
3arv,4.8236
3s8l,6.2157
3ldp,6.4795
3u5j,6.0247
3ryz,4.9274
3twu,5.089
3qps,4.4315
3t8s,5.7094
3ovn,3.5102
2y7i,6.3954
3ujd,3.8924
2xn5,6.5068
3o75,5.5175
2y54,7.0802
3pab,6.6109
3tg5,6.2146
3qs4,4.8206
3tiw,4.9443
3oob,4.6875
2x6x,5.8201
3iny,4.9969
3q7q,5.7226
2ydf,9.2236
2l3r,6.148
3pkn,5.8804
3uj9,3.8924
3arb,7.8976
3rqg,4.8704
2yga,4.064
2l98,5.8854
3sk2,4.4273
3ubx,7.4693
3t2c,4.0685
3sl1,6.0659
3p3s,5.2486
2x6y,5.9979
3ujc,3.8924
3ocp,5.008
3q6w,6.6636
3rjw,7.2569
3mxc,5.9682
2xj1,5.7264
3rz0,6.2337
3aqa,5.7363
3as0,4.8236
3ppq,3.5197
3s73,4.3988
3pxe,4.767
3tws,6.2055
2y58,8.4916
2yix,5.8696
2y7p,4.529
2y4k,6.5186
3p2h,5.6913
3u10,5.8964
3qlb,2.1758
3tjh,5.902
3r6u,3.5197
3myq,5.5585
3n7h,5.7347
3puj,6.4182
3qel,5.7227
3m6r,6.8635
3ta0,5.1282
3s78,5.1729
3skk,5.5051
3atp,4.7342
3pqz,6.6614
3tsz,6.3042
3tvw,7.0299
3axz,5.2144
3art,5.7318
3pxf,5.1352
3pxq,5.1352
3rtm,7.5216
3rsx,5.6464
3mxy,4.9908
3ryy,6.0805
3rqf,7.2921
3n23,7.7337
2l8j,5.8974
3arr,4.8905
3qkd,7.9819
3tww,6.6066
3zyb,5.9123
3q6k,4.6367
3oj8,5.7451
3ay9,5.3982
3m6p,6.8635
3arx,4.8882
3tv5,5.6777
3s72,5.1783
3n35,4.2622
3zxe,4.9918
3lrh,5.7601
2ydw,6.1815
3ry8,2.968
3atv,5.3982
3aya,4.9868
3q5u,5.6767
3m6q,6.8635
3tpu,6.9621
3qt7,6.3858
3qxv,6.8578
3s74,6.9712
3pma,5.7086
3atu,5.3982
3pcu,5.7103
3r24,4.9204
3ao1,4.7693
3twx,6.2665
3tdj,5.001
3ueu,5.557
3qxh,6.1022
3ao5,6.2254
3zyh,2.9447
2yel,6.1815
3arg,7.4693
3q4l,5.8075
3tdh,4.1838
3p3r,6.5899
3ta1,5.3982
3p3t,6.5366
3ayc,4.7175
3zqe,4.7011
3p9l,6.3371
3ppo,4.5905
3ri1,6.3388
3q71,5.1154
3rth,7.6758
3ov1,6.2195
3t7g,4.8238
3twr,6.3245
3rz8,6.9189
3tc5,8.0024
3b27,6.9556
3aru,4.8905
3i8t,4.4
3m96,6.98
3qem,6.909
2yek,8.0138
3q4j,5.8176
3are,6.9176
3odl,7.782
3s77,5.7355
3arf,7.4693
3zqi,5.5077
2lh8,7.9302
3ayd,5.2533
2xj2,5.9337
3qfd,8.1999
3qzv,5.2737
3ppp,4.888
3qxt,6.8578
2xrw,5.341
2xs0,5.3286
2lct,6.2677
3tao,7.5682
3ryx,4.9243
2yaz,5.7536
3sow,5.7942
2yk1,6.3624
3ozj,5.976
3ujb,5.168
3zvy,5.2025
3q8h,5.0718
3t4n,6.0504
3mam,4.888
3o56,6.6251
2ygf,4.064
3o4l,6.1882
3qyy,6.0524
3m94,5.2897
3ao4,4.9463
2xm1,4.5238
2yge,4.064
3sxu,6.9312
2lk1,5.0791
3rlp,7.8102
3p0g,5.3984
3r42,6.1237
3ryv,4.9343
3q4k,5.8076
2xxt,3.8084
3aje,5.3123
3smq,5.4901
3tfk,5.9714
3s76,4.0335
3s0d,5.8944
3ay0,3.9598
3po1,4.9923
3s3k,5.2893
3qzt,6.5992
3zxz,6.6099
2xpk,5.8642
3rti,4.1154
3u8n,6.6005
3pbb,4.1726
2xwd,5.4677
3r4n,7.1076
3mv0,5.3686
3n76,5.7471
3pe2,7.521
3pe1,7.4745
3pwd,5.0415
3ozp,7.831
3tu1,5.5922
3pb9,5.4691
3opr,4.407
3qox,5.7726
3ama,6.338
3ppm,4.1193
3pr0,4.2847
3sr4,5.2614
3sm2,9.2426
3o9f,7.3604
3muz,3.408
2y59,4.8668
2xog,5.1413
2ybu,4.5675
2xoi,5.1406
3o64,6.3649
3mg4,7.5153
3p8n,8.3633
3opp,4.407
3nzk,8.1184
3mg0,5.7885
3rf4,5.7098
3o9g,7.8661
3o9b,7.6999
2xy9,7.4858
3ozg,9.402
3amb,7.1886
3rwp,6.0483
3o0g,6.2639
2ya7,4.2054
3qfy,6.3954
3aox,7.8155
3o9h,7.983
2xwe,5.3903
3zq9,5.9561
3o9c,8.0981
3r4m,7.4286
2y7x,6.248
3u8m,5.7765
3zze,7.0947
3qgw,5.9068
3o9i,7.7325
3oaf,6.5928
3mbz,6.9414
2ya8,4.2045
3pb7,4.1726
3m3z,6.5123
3p8o,8.2693
3oy0,6.5753
3oyq,7.543
3t82,4.4774
3slz,7.5086
3t83,6.6629
3t84,3.9034
3sio,6.8841
3qs1,9.593
3t85,4.4774
3pn1,4.9736
3svj,6.8053
2l8r,4.737
3r4p,8.2095
3n87,4.1458
3old,3.9541
2xpc,5.8488
3p3j,5.3972
2ydv,4.9538
3oe5,5.485
2y55,5.6448
3mg6,8.2146
3olg,6.4026
3ole,6.9906
3pn4,6.8635
3sm1,8.8496
2y5g,7.3186
3ohi,4.0922
2xyd,6.9395
3ai8,4.9254
3s2v,5.7123
3q2m,4.1739
3prs,7.0506
3n2p,5.0572
3o99,7.778
2y5h,7.0993
3qgy,6.104
3o5n,5.3326
3oim,8.371
3p3g,6.1009
3nb5,5.7237
3ps6,6.9214
3o9d,7.6792
3nw9,5.8586
3ui7,6.4981
3ucj,7.8126
3qk0,6.4548
3sn8,7.0231
3t19,6.23
3u8k,6.2948
3rf5,5.6164
3n86,7.0216
3qce,4.8268
3qcf,4.8268
3qaa,7.9598
3n7a,4.8125
3th9,7.2617
3o9a,7.1076
3oil,8.371
3tsd,5.5421
3mzc,7.3882
2yhd,5.7814
3sjf,6.0346
2xm2,6.284
3p58,4.8203
2y77,5.0833
3t8v,6.8903
3prz,6.2298
3rup,5.5346
3n8n,4.8519
2xxr,5.0702
3pjg,5.7704
3qvu,4.3976
3ni5,5.7841
3t8w,6.7486
3sl0,6.0492
2x2i,7.321
2y5f,5.8348
2y81,7.2798
2y7z,4.6604
2ya6,4.2054
3ml5,5.6617
2ydt,4.5048
3tza,4.5956
3u8j,5.8546
3b1m,5.4226
3n3j,5.7202
2xyf,5.9904
3tam,6.8649
3str,6.2826
2ydo,3.9598
3rlr,7.9532
3sw8,6.2232
3p17,5.3795
3nyd,4.4539
3qxm,4.5892
3t01,3.9531
3oe4,5.3618
3shj,6.761
3ocz,5.4364
3rwq,6.5876
3zuk,5.352
3pfp,3.5288
3p3h,5.3972
3mmf,6.3053
2xys,7.3273
3qvv,7.7606
2xxw,5.0702
2xxx,5.0702
3r17,6.2016
3sx4,5.4278
3ldq,6.4795
3t1a,5.3159
3qt6,4.5978
3ns7,5.806
2xye,6.2672
3qiy,6.6751
3sw2,4.0776
3qak,7.008
3q1x,4.577
3p5l,5.3884
3snc,4.7331
3o3j,6.0964
3pn3,4.8694
3rlq,7.0544
3snb,7.0905
3oli,8.6896
3u9q,5.6586
3mna,6.2267
3sh1,6.8841
2y71,4.3483
2y4a,5.0621
3q43,7.4654
2y76,5.0687
3oku,6.8542
3rt8,5.8947
3rtf,5.8947
3ozs,5.4512
3pww,8.4868
3q44,7.297
2y82,7.2798
3sww,7.2752
2yjq,4.6267
3u1i,5.7577
3pb8,4.5582
2xyt,5.1333
3n0n,6.4616
3r16,6.2068
4a1w,5.4347
3tfu,3.503
3o7u,3.7145
3rx5,5.9493
3qfz,4.9932
3okv,6.8542
3s3v,5.5125
3rv4,5.5346
3o9e,8.0368
3st5,7.9748
3pgl,4.2163
3qiz,6.9938
3tjm,7.254
3qj0,8.1987
3roc,7.4829
3rx8,6.1748
3n0h,5.5125
3o0j,6.6669
3q2j,4.0781
3ps1,7.2278
3oik,8.2213
3ljz,7.3677
3s9e,5.0702
3ozr,5.8473
3rt6,5.797
3sna,5.3329
3ozt,5.5646
2x2r,4.7932
3r4o,7.6472
3tu7,5.451
2yfx,6.5376
3p9h,6.1144
3u8l,6.7157
3p55,6.3738
3loo,5.9412
3po6,5.4855
3lox,6.4713
3p4v,5.9042
3p44,6.3738
3rx7,5.9493
3n4b,5.6503
2y80,4.6604
3ml2,3.6284
3oys,6.3726
4d89,7.1709
4at3,7.0798
4az3,7.0604
4emv,7.3531
4a7c,6.8286
3tyv,7.4512
4a4o,7.6876
3uh4,7.3611
3vw9,6.8591
4at4,6.9377
4a4l,7.5378
4fny,6.6958
4fnz,6.4052
3vqs,7.9102
4hcu,7.6135
4gh6,7.4641
3vrv,6.0586
2yer,6.1129
3qu0,6.3096
3qxp,7.1184
4gcj,7.1184
3zxr,7.2036
4dfn,7.7584
4dk7,7.0891
4b1d,4.3557
3rde,3.1943
3uvp,4.7475
4at5,5.1522
4az0,5.8728
3u2k,6.8163
4dij,6.8786
4d88,7.8672
3zxv,7.999
3v5q,6.3489
4hgt,6.6495
3vg1,5.7636
4d83,5.7636
4a4x,8.273
3tki,7.9692
3qtz,6.3435
4avg,6.5525
4afe,7.9454
4hct,7.6158
4b1c,5.7335
3rpv,5.9077
3qtx,6.9297
3qtu,7.4674
3tv8,5.207
4eny,4.9641
4aof,7.1452
4heu,6.2705
3vru,6.3929
2ym7,7.551
3rak,6.591
4awk,6.3323
4d85,8.4037
3voz,6.1227
4hki,6.0797
3uix,6.2254
2ydi,6.3763
3ufl,5.4957
4g2f,7.9995
4dce,6.2231
4b4g,6.6329
4hlm,5.8918
4dvi,6.9701
2yex,7.1015
3ral,5.3245
4b4m,6.2723
3ttj,8.3169
4h39,5.707
4e96,5.9124
4e8z,4.343
3umx,4.2439
4efu,7.0892
4ea3,6.6892
4ge5,6.076
4eox,7.3467
4fcd,9.2281
4frj,6.2056
3rk7,5.4209
4hlg,5.8707
3u8h,5.0997
3tnh,6.3827
4dgn,5.7924
3vjk,5.821
3vjm,6.4427
4b5b,6.7959
3rkb,5.4126
3v8t,7.1791
4hcv,7.6135
3vrw,6.6323
4a16,5.3344
2ym5,5.3302
4e5h,6.3486
3zzh,5.1568
3uwo,5.549
4hl5,5.7478
3u8d,7.6017
3ur9,6.199
4g31,7.1835
4e26,5.2421
4alg,6.58
4h3a,5.3819
3rk9,5.3345
4abu,5.8079
4enx,6.1982
3v9b,7.1422
4hld,4.725
3t4v,5.5991
4a9m,5.6216
4aaw,5.9356
4f63,6.7161
4b14,5.3173
4hmh,5.2751
3qtw,5.5484
3v8s,6.2823
4dfl,7.599
4an3,7.4978
4f4p,6.7823
3s9z,4.889
4e5d,5.7127
3tn8,5.6823
3v6s,5.8174
4akn,5.4793
3u18,6.4609
4e8w,5.2582
4f49,6.0764
4abv,6.1802
4hlf,5.7722
2ym6,7.0526
4gw8,6.7816
3uok,5.6655
3saz,5.2027
4ge2,6.1292
4h38,5.3025
4gg5,6.12
3qtr,5.0695
3ugc,7.3288
3tt0,6.7052
4an2,5.7976
4aqc,6.6438
3u8w,6.7653
2ym3,5.8568
3udq,6.2083
3uh2,5.6139
3ue4,8.2254
3sad,4.889
4awg,6.3708
4hlh,6.3905
4hlk,6.1828
4hkn,5.73
4fod,7.4815
4hdc,5.7347
3vqh,4.7197
4dgm,5.2002
3r6t,5.6677
3vf3,7.6667
3rin,7.4729
3v66,7.0699
4b71,3.9578
3vsx,7.3424
3r9n,6.2016
4ehm,4.6579
2ym4,7.7363
4a9n,5.6448
3vyf,6.0493
4f6v,4.965
4acf,5.7186
4dcd,6.0422
3qw7,6.7891
4d8n,6.115
4dk8,6.892
4gz3,4.2326
3vf9,5.9649
4h3c,5.8488
4a6w,5.4847
4a6v,6.1849
4awm,4.9344
4hbx,5.6458
4b12,4.5691
4gto,7.0914
3v5j,7.9728
4fhi,5.3945
3vbv,5.4325
3vp3,5.088
4gtp,6.9364
4g34,6.1644
4ac3,6.5078
4hv3,6.2827
3rwi,7.514
3t0m,6.1471
4e93,8.0328
3udr,6.6311
3unj,7.2893
4a9i,5.3647
4gts,8.1389
4h1j,6.268
4gsy,5.1412
4hn2,6.0754
3u4i,5.7594
3q92,6.0171
3rah,5.5069
4ael,5.9162
4g55,6.423
3azb,6.0931
3ntp,5.3658
3s00,7.378
3vsw,6.2785
3ti1,7.6284
4fgz,7.0558
4ajw,7.4105
2ym8,6.1564
3uzp,7.3862
3v04,8.1694
4eg4,6.5473
4ehr,7.5346
3twj,6.9069
4d9p,4.5977
3ril,6.631
4edy,6.8483
3ua8,7.6125
3vw6,6.9079
4avu,4.7831
4dfw,4.9096
4fs3,7.471
4e5f,4.6713
3vf8,7.3138
3sgt,6.4587
4egi,4.5069
4eh4,7.9064
3vv6,4.4761
3uph,8.0716
3qqk,5.4457
3unk,7.8292
4hup,4.8833
4dh6,8.1722
3sdk,7.1572
3rwj,5.7223
3s3i,8.2008
4a9r,5.0917
4aa5,7.4886
3vv8,5.6162
3vi2,4.4757
4hlc,5.5593
3s1h,6.1043
3tiy,4.8762
3vbx,4.6495
3ztx,6.5102
3vp4,4.6122
4anx,8.3627
4anw,7.0754
4azy,7.6114
4fzg,6.0114
3tkm,6.8359
4dei,7.2171
3s9i,4.8771
3udy,5.8881
4b13,5.7133
3vi5,5.763
3s68,6.8573
3vnt,7.6407
4bbf,6.8309
3sh0,3.8829
4ee0,7.5004
3upy,5.0759
4g9c,7.0534
4b11,5.4549
4dmn,7.1637
4b00,7.6525
4f65,5.2141
3vrt,6.331
4awf,5.6114
4fri,6.6698
3rwg,5.3565
4fcb,6.5098
3r8v,5.7258
4hkk,5.4783
3upf,5.3767
4d8i,5.2546
3uxm,4.152
4huo,4.5351
4e5g,5.6114
3sz1,5.5672
3qa2,6.069
3v1r,4.9872
4anu,5.7836
3qi1,7.9234
4hbv,4.6414
4a9c,4.0022
4hej,4.5636
3udj,5.4563
3vc4,6.5011
4avw,4.9541
4awo,7.7314
4ec4,8.3132
4dea,5.0235
3v01,8.0464
4g19,5.288
3sd5,8.3737
4hkp,4.5775
4anm,8.2396
4dem,6.4874
4dhf,7.905
4h5d,6.4874
4h5c,6.4874
3vby,3.4752
4eh3,5.0566
3avf,5.7523
4d8c,7.1709
4aa7,6.6324
4h4m,5.9444
4h2o,5.5616
3uol,4.9499
3qtq,5.5539
3qts,5.4333
3sgx,5.7686
3vp1,6.1227
3rik,5.3443
3t3y,6.4345
4fli,5.2196
3uhm,6.606
4bbe,6.7101
4drp,7.7241
4dro,7.7412
3r0w,7.8337
3qw6,5.9364
4hv7,6.1429
3rwf,6.9527
3tv7,6.4389
3t0l,5.2154
4af3,7.1886
4hni,7.0492
3udk,5.5527
3vbg,5.8946
3s0o,5.295
3udm,5.014
4eh6,5.2071
4h71,4.5118
4aa0,8.8372
4fhh,5.3945
3sgv,6.0682
4deb,6.193
4d8a,4.7605
3vqu,6.8884
4aq3,7.5225
3vbt,5.0321
4ded,6.5661
4fpf,7.2031
4gtv,8.1733
3ava,5.3333
4afj,6.5124
3vb6,4.7838
4e3f,6.2906
3umw,6.9909
4foc,6.9332
3rk5,4.463
4ere,5.6236
4ebv,6.5253
4el9,5.7731
4hby,6.0069
3v3v,5.605
3vb5,7.5592
3vv7,5.2279
3sdi,6.6996
4b3u,6.0016
3rpy,7.1773
3sqq,7.1245
4h2j,6.1437
4hbw,5.3724
4ddl,7.1759
3vi7,5.3837
4acu,6.2278
4dpf,8.7303
3vyd,6.5005
3rwh,5.8146
3v4v,6.004
3av9,5.2183
3rwe,5.3489
4eg6,6.1044
4anv,6.4878
4an9,6.1815
4ewo,8.3557
4ez3,7.3338
4eeh,7.2681
4eg7,5.1769
4hco,6.3449
3vbq,7.1799
4awq,6.462
3tkh,6.9479
3uqp,6.3959
3r8z,5.2248
3vb4,6.1065
3vb7,4.7838
3s4q,6.5636
4fzc,5.5404
4dus,8.7351
4fll,7.3583
3t4h,4.882
4eb9,6.9789
4flk,7.9536
4di2,9.2618
3sb0,4.3537
3vjl,7.317
3rjc,5.5331
4drm,7.7241
4drn,7.7241
3qbn,7.5374
4ehv,6.856
4eh7,3.949
4b95,6.815
4h36,6.9835
4gb9,8.5786
4eh9,5.967
4egh,5.4183
3veu,7.5278
4e1m,7.0197
3th8,4.9114
3ua9,6.1106
3u4h,5.6362
3uqr,7.2042
4fpk,5.421
3uwk,6.1391
4f8h,6.2738
4dt6,4.5998
4e3d,4.0559
2ydj,7.3438
3rvg,7.0355
3tyq,5.6282
4ejn,6.7928
4fob,6.7395
4hgs,6.6495
3r8u,6.0523
3udp,6.2146
3up7,5.6876
4h2m,2.5972
3u6j,7.5177
4anb,5.7664
4h3b,5.5692
4aac,8.5825
3rni,6.8124
4ask,6.2207
4a9u,5.91
4deh,4.8305
4a9s,5.2158
3vid,6.3546
4eyj,6.7561
4eh8,4.4203
4f64,7.2843
3avl,5.3923
4ega,6.1063
4e1n,6.5696
4azt,5.9366
4eh2,5.1372
3tti,6.4315
3upi,7.3546
4deg,6.8239
4e20,6.967
4gtt,8.1773
3vbw,6.4159
3v5l,6.5887
4dbn,8.0643
3udn,6.8611
4flj,5.0955
3aza,5.937
3rwc,5.6741
3vye,5.1889
4em7,6.1754
4hai,6.5541
3v6r,6.3817
4a9t,5.91
4esi,5.7945
4hnf,7.0492
3r9d,6.996
4aw5,7.2166
4acx,6.2612
4dpi,6.367
4h1m,6.9602
2ydk,6.7894
4erw,8.1342
4e4x,6.8526
3vp2,4.8753
3qai,7.2111
3qw8,5.3356
4edz,7.1579
4f6x,4.4886
4drk,7.5269
4exg,8.2364
3v8w,6.1866
4ebw,5.174
4dgg,8.2325
4eh5,4.4075
4awp,6.3995
3rmf,5.9862
4daw,6.9761
4ec0,7.1664
4gdy,5.0116
3avb,5.3941
4eft,7.1097
4aml,4.9186
3uyt,7.3862
4eg5,4.9907
4frk,7.6952
4hgl,6.9417
4ejf,6.4041
4aa4,8.1536
3v4j,3.9982
4dgr,5.6094
4gtm,6.989
3v49,6.707
3rwd,6.0552
3t0t,8.0531
4dum,6.4791
4eym,7.413
4d8e,6.447
4e4a,4.6475
4b74,5.6348
4asj,6.1622
3uug,4.7561
4dy6,4.9548
3s8x,5.7185
4b73,6.5399
4ajn,5.7253
4arw,6.9859
4daf,6.5616
3u15,6.7553
4ajo,4.8227
4fcq,6.2851
4eki,6.25
4dew,5.5672
4i47,4.8173
4al4,6.7795
3rul,6.4537
3s9t,5.3327
4gy5,5.2961
3uib,6.8539
4b2d,4.8584
4gui,4.1836
3uzc,5.6055
3v3q,5.5672
4dkq,7.8937
4h75,5.3997
4db7,4.1434
3sax,6.8002
4a4v,5.5102
4aqh,7.2407
2lcs,5.9252
2lkk,7.4175
4ewn,5.4943
4dkr,7.8937
4fut,5.4784
4b5s,3.3783
4gby,5.7958
4glr,4.991
3ask,5.2961
3v3l,5.4875
3u0t,5.9981
4dve,10.9956
4dko,8.0316
3v7d,5.6844
3tay,3.7115
4f3h,6.0524
3ui2,5.3898
3t6b,6.0381
3t6j,6.0381
3tpx,5.7177
4b0b,2.8559
4b5t,4.268
4b5w,3.3783
4der,5.1191
4erf,5.1332
4fcr,6.8963
4eu0,5.9309
4f20,5.5656
4d8z,6.5531
3vhd,6.2328
4ay5,4.2326
4dj7,3.7235
4euv,5.9309
4etz,5.9309
4dma,5.5437
4aq4,3.9142
4gbz,4.7682
2y9q,4.8985
4e8y,5.2582
3sfg,5.1536
4h5e,5.738
4euc,5.8936
4gah,5.8823
4glw,6.4137
4e34,6.0408
4g0p,4.3184
4guj,3.5286
4ara,5.367
4g69,5.7979
4fm8,7.4214
3uil,5.787
3uza,4.1859
4dst,5.6001
4ai5,4.1671
3vhc,7.8346
4arb,5.367
2lnw,6.1331
4des,5.085
3udh,5.7797
2liq,5.891
3ual,5.0683
4dsu,4.5236
3que,6.6309
2llo,6.5595
2llq,6.5595
3r5n,4.9793
2ll7,5.8576
3v31,5.2189
3asl,5.5005
4b4q,4.902
4ekg,5.7724
3rum,5.0973
4fxq,6.873
3ut5,7.1967
4gao,5.78
4abk,5.4672
4dkp,8.3237
4dn0,6.6238
3qbc,4.8925
3zsq,5.1719
4aza,6.125
2y6s,6.8821
4es0,5.6458
4av0,4.3306
4agm,7.0381
4agn,7.4318
3uxg,4.7175
3t0x,7.539
4g8l,5.1995
4f1q,3.3495
4dmw,4.2442
4e9c,4.9078
4dai,6.8661
2lo6,5.0185
4hbm,5.3845
4g8m,4.4072
4f14,4.9342
3u6w,4.2498
2yim,5.0608
3uyr,6.773
3au6,6.2282
3sbi,5.5409
4g68,5.131
4aj4,4.6347
4dgb,4.5587
3u3u,7.6796
4ab8,6.2977
3zt3,4.9466
3uoh,5.8206
4djs,6.0047
2lsk,5.2519
3ttn,5.8808
3r0y,8.0388
3zt2,5.3682
4ago,7.3638
4gkc,6.8932
4fl3,5.0862
4aba,3.8582
4eqf,5.2803
3zt4,5.3682
3qn7,7.1814
4ahv,4.3775
3uo6,5.5664
4e6c,4.6081
4fys,6.4329
2lzg,6.396
4ajl,4.9577
3unz,5.7025
4glx,7.4462
4de7,5.1536
4ds1,5.5092
4fn5,5.7338
3uvq,7.4822
2y1n,6.0678
3ud7,7.1207
4auy,4.1233
3vjc,7.1994
3v30,6.1871
4flp,6.5976
4a4w,5.3076
4egk,4.5301
4fvq,5.4784
4fvr,5.4784
4det,5.4909
3u0p,4.9995
4deu,4.5176
4dru,7.8061
4f9g,6.6238
4htp,6.4685
4eqj,5.6837
3udv,5.1575
2yhw,4.5118
2yhy,4.5118
3r5t,7.8166
2lgf,5.5189
3ubd,5.4959
3v78,5.1176
4agp,7.01
4gwi,4.4435
4e9d,5.0787
3ud9,7.1517
4aje,6.0039
4aia,4.1671
4fl2,5.0862
4agl,7.0704
2yme,7.183
4gq4,7.11
4avi,4.5191
3umq,5.1141
4a4c,6.0678
4dbm,6.4715
3tcy,3.9526
3tk2,3.9526
3u90,6.6152
4abf,5.7292
4ad3,4.8296
4g0a,6.1034
4dcv,5.873
2lbv,7.1865
3sap,6.8971
4fnn,5.787
3ztc,5.9902
4abg,6.8426
4esg,5.9417
4aji,4.9999
3ued,5.637
3uo4,5.5534
4exz,6.8932
4b76,3.8184
4bd3,5.2025
3rqw,3.9176
4eo6,5.719
4g0q,4.285
3ttm,5.5264
3u51,6.821
3tz4,5.4986
4ah9,6.6238
3run,6.3909
4f5y,6.6238
2lyw,6.0859
4gzw,5.7068
4dcy,7.9561
2lp8,6.5875
4dcx,7.1897
4abb,5.1395
4emr,4.8661
4e67,4.874
4epy,4.8365
4aft,7.2053
3t2w,10.9956
4f3i,5.802
4avj,3.9873
4fmu,5.55
4b4n,4.3367
4ffs,9.0556
4hcz,4.4877
4axd,4.379
2yi5,3.8924
3uo5,5.3455
3tct,7.0699
3ud8,7.1564
4f7v,5.3769
2ltx,5.6102
3so6,5.3888
3tgs,7.5082
2lty,5.6102
3tif,6.1022
4g0k,6.4125
4ef4,6.6238
4ep2,5.5186
3r7o,6.1396
3u3z,5.9015
2ltz,5.6102
3r8i,7.1709
3v2x,5.0137
3zyr,4.9357
3rzi,4.9976
2yi7,5.2635
4g0y,5.1508
3v2o,5.5076
4abe,6.0855
3re4,6.9764
3up2,5.6164
3vha,8.0713
3unn,5.7276
3va4,5.776
4abd,3.5766
4aj2,7.1315
3uvu,5.8404
4ede,6.8932
3rsr,4.6925
4fi9,6.0473
3r5m,5.108
4azf,5.7398
2yq6,5.628
4a2a,5.9164
3uvx,4.5844
4gwk,3.8415
4ab9,3.2393
3uod,6.0703
4ahu,3.6399
3tkw,7.7962
3zrc,6.3813
3ug2,7.617
2lsr,6.6759
3tz2,3.3111
4e81,5.3156
4fk7,6.3492
4b1j,5.0395
3t0w,7.539
3upk,4.3943
4i3z,6.0504
3zsx,6.5211
3uoj,6.1186
4fl1,3.7478
3sbh,4.9727
3tzd,5.5173
4fak,4.879
4aoc,4.7897
4gq6,5.5714
4ewr,6.2005
4ery,5.6764
3v3b,7.6467
4efg,6.8932
4fm7,7.1335
4avh,4.8182
2ltw,5.9173
3zsy,5.8424
3upv,4.7888
4g0z,5.8912
4a6s,5.0723
3t4p,5.4262
4ahs,6.6118
2lha,5.502
4ahr,4.8009
4g0l,5.288
4duh,6.2765
2ynn,5.2184
3uvw,5.2615
2ltv,5.2865
4fqo,6.3104
4av5,6.7199
3uec,5.6548
4ad2,5.5338
4g8n,4.4072
3rg2,4.7226
4gzx,4.1038
3tsk,5.7707
4b9w,6.4688
2ymd,4.6944
4aci,4.2656
3u2q,5.978
4b0j,3.8654
2yi0,6.0227
2y8o,6.6705
4ay6,4.535
3zso,5.2899
4f1l,5.2897
4aze,5.7398
4eej,6.8932
4abh,3.4215
3th0,5.3015
3ttp,7.7962
4erq,4.4285
4ajk,4.5382
4aj1,6.0372
3v4t,4.3943
3udd,6.136
4eo8,5.7038
4dcs,5.594
3tb6,5.7958
4b0c,6.0269
2yfa,4.3468
4f8j,5.1801
4fxp,5.8531
4emf,5.2503
4aom,5.4724
2loz,5.6361
4fem,4.6788
4dxg,5.6032
4erz,4.9438
3u3f,4.9498
3tz0,5.4986
3usx,5.787
4dow,4.6456
3uda,7.1882
3vje,6.195
4agq,6.7208
4av4,5.2337
4fxz,4.112
3ztd,6.3894
4fe9,4.4
4b8y,6.7902
4fmq,6.2345
3uzd,5.0459
4euo,4.2247
4a7i,7.1037
4djr,7.7783
4aoi,6.4963
4ap7,5.8281
3vdc,3.408
3utu,7.4703
3uw5,6.9913
3vd4,3.408
4amy,6.6819
4gid,8.8255
3uw4,6.9913
4ase,7.4433
4agc,7.3755
3t5u,7.4593
4djp,8.0218
4an0,6.4858
4e7r,7.3352
3vd7,3.848
4dq2,7.596
4az2,6.4697
4djq,7.7224
4an1,5.5557
3t0b,3.408
4e3n,5.5696
4app,8.5044
3uz5,3.2886
3tfv,4.5951
4bbh,5.7644
3v7s,10.1812
3vd9,3.408
3sud,7.3769
4amz,5.676
3t09,5.3686
4b7q,4.4686
4djv,5.7199
4ayw,5.0862
3t2q,5.3686
4acg,5.5983
2yfe,5.2402
3s54,7.7962
3s53,7.7962
4b7r,3.7769
3s56,6.4653
3t2p,3.408
4ax9,4.9045
3tfn,4.2494
4afh,7.3391
4ayt,3.898
4ayx,3.898
4e3m,4.9937
4fk6,7.9091
3t64,4.4167
3t60,4.4167
4fns,5.1866
4djh,8.0041
4gfd,5.1458
3tfp,4.487
4fea,5.5417
3s9y,4.877
4ea1,5.877
4ea2,5.9635
4ewh,6.1833
3pwk,4.7575
3vf5,7.997
4a4q,6.6412
2y8c,4.7975
4asd,7.1212
4djw,3.5451
4dv8,6.6795
3vh9,4.4982
4fkk,6.8692
3t70,4.417
3vfa,7.997
4b9k,6.7955
4ayv,6.6713
3su3,8.1746
3vf7,7.997
3sue,7.3769
4e3k,4.2482
3t08,3.408
3vfb,7.997
4e4n,6.5029
4e3b,5.1215
3t3e,3.8237
3u6h,7.5177
3v5p,7.3849
4ag8,7.3755
4de1,5.7182
4e3j,5.8968
4e6d,7.1099
3zvt,5.2814
3zv7,5.829
4gqq,5.1389
3sx9,7.2179
4e3i,5.0392
3u9c,5.7256
4de0,4.3514
4e28,5.8999
4do5,5.207
3qqs,4.3657
4dld,4.5956
4e9u,5.2124
4b7n,4.2054
2yiv,3.7134
4ge9,3.4974
4g8v,5.2374
4a95,6.9435
3qdd,5.9336
4e4l,6.4574
4frs,6.1379
3v7c,9.3669
4ei4,6.5255
4dfg,7.5992
3t3h,3.8237
3ts4,6.9946
3shc,6.3739
3tne,7.5036
4e3g,4.1972
4b6o,3.8167
4fai,4.1726
4fbe,4.1726
3ump,5.4784
4aa2,4.7054
4a6l,7.3485
4ehz,6.1743
4b7j,3.7769
3u7n,6.7051
3uxk,6.4101
4hge,7.3862
4gqr,5.6399
3twp,4.4696
3uuo,6.9604
3veh,6.5008
3sv8,7.2641
4a50,4.728
3t3d,4.5998
4gk7,6.8583
4b5d,6.6438
3zvw,5.1538
3umo,5.4784
4a6c,6.6414
4g0c,5.6617
3rv8,6.6646
3rv9,6.6108
3si4,6.4543
3spf,6.4941
4gzp,4.2045
4b6r,3.8167
3sut,6.5571
3rv7,6.6108
4eu3,3.4766
3r88,3.8501
3t03,5.6911
3su0,7.6252
4dkt,5.3092
3t3i,3.8365
4gzt,4.2045
3tzm,6.0335
4e5j,4.5048
4a51,5.8845
3tvc,4.2802
3qs8,4.9587
4f39,4.0058
3r6c,4.4758
3u6i,6.9161
3uri,5.1131
4flh,8.2395
4h3f,7.1413
4h4b,5.3297
4f1s,7.0056
4fcf,5.0194
4hf4,6.4461
4ddy,7.1297
3s43,8.0081
3sxf,7.0415
3t3u,6.624
4efs,6.6881
3u78,6.3128
3sha,5.7131
3v7x,3.8962
3uxl,5.8232
3uzj,3.1548
3v51,6.6861
4f09,6.1743
3su1,7.6252
3uwl,4.8686
4acc,6.5761
4fsl,6.9257
3suw,5.6127
4gkh,7.7526
4acm,6.5761
3rv6,6.6452
3qtv,6.3736
4ach,6.9499
4e5w,7.6004
3st6,6.8187
4e35,6.0007
4dfu,5.58
3rj7,6.724
4g8y,4.3667
4f08,7.5439
4dfb,4.184
3vhk,5.3926
4bc5,4.0956
4b05,5.874
3su5,8.1746
3sym,3.67
3suf,7.3769
3rbm,7.0744
4fs4,5.7606
2lsp,6.5342
3rr4,5.6924
4b6q,4.6144
3suv,6.2386
3vdb,5.3686
4e3l,4.3305
3t6y,4.9158
4de3,5.6408
3s45,8.0081
3t3g,3.9907
4dju,5.6208
3u7s,7.7962
4g3g,6.5563
4fev,8.2033
4agd,6.87
4g90,4.5663
4eky,3.9841
4e3o,5.7706
4el0,5.6045
3u92,4.0058
4ej2,3.5744
4eke,5.5977
4e0w,4.0058
4dhl,4.434
3sv6,7.2641
4gki,8.3863
4abj,5.98
4ge6,6.3957
3u7m,7.7005
3qw5,6.012
4dff,4.9198
4i8n,5.6718
3u81,5.282
3rbu,4.4698
4dsy,3.6102
4ek9,5.0038
4exs,6.7789
3s5y,5.207
3uxd,4.5397
3suu,6.5571
3t3v,7.0617
4h1e,7.044
4h3i,7.2527
4djo,7.602
4en4,2.8563
4aph,7.56
4a6b,6.2074
4g3e,6.55
3t0d,5.3686
3tcp,7.748
4du8,4.5978
4dpy,4.5978
4el5,3.8245
4e6q,7.7615
4g3f,5.3493
4acd,6.7923
3tll,6.4198
3zzf,5.5522
4fse,6.9043
4dt2,3.1846
3su2,7.6252
4eo4,8.6947
3s6t,7.831
3u93,5.0702
4dk5,7.2044
4e5i,5.3641
3tt4,4.3413
4djy,6.8801
4fjz,7.0173
4dpt,6.3858
4dpu,6.3858
4eoh,3.7679
4do4,6.2386
3u7l,6.3616
4alx,7.0952
3qwc,6.374
3su4,8.1746
3ryw,6.5081
4ha5,7.5957
4djx,6.6303
3t3c,7.7962
4afg,5.8561
4few,8.145
4abi,6.1526
4gg7,6.0195
3uu1,3.6583
3s1g,4.877
4ayy,5.5287
3sug,7.3769
3v7t,6.1066
3qx5,6.4516
3sv2,6.5578
3si3,6.4533
3v5t,7.162
4h3g,7.0785
4ge7,5.0069
3upx,6.5391
3uf9,4.8175
4ge4,5.0286
4e49,4.9325
3syr,3.6636
3v4x,5.2342
3axk,4.8376
3sur,5.7438
4exh,8.783
3sus,5.3324
3tvx,4.2624
3qto,6.3737
3sm0,5.682
3v5g,4.5048
4b6p,4.7849
4de2,6.4006
4e0x,4.0058
4aa1,6.0221
3v2w,6.1978
3axm,5.2697
3vbd,4.7387
4b9z,7.321
3sv7,7.2641
3u7k,6.9747
3vw7,8.2285
4dds,5.3152
4e3h,4.3476
4h3j,6.2406
4f9u,4.1726
4f9v,4.1726
3su6,7.1566
4b6s,4.7849
4gjd,6.0847
4jsr,7.3524
4c4g,6.8093
4i7c,6.3884
4jt9,6.7993
4jr5,3.5783
4i1c,7.5621
4i9i,7.1075
4bky,7.8773
4mq1,8.035
4bzo,6.6985
4mz4,6.9973
4hvs,5.9967
4ijp,6.0641
4gmc,7.7301
4jik,5.6875
4hhz,7.7544
4bty,7.3473
4c4i,5.3554
4jje,4.6597
4c4e,7.3418
4hyf,6.5757
4c4f,6.8886
4bkz,6.4011
4g17,8.2521
4bnu,5.4816
4bnx,6.8154
4cby,4.3191
4l02,5.8999
4bqw,4.9989
4jt8,6.3873
4i6q,5.1673
4bnv,6.1974
4ivs,7.6915
4idv,7.2821
4k69,5.0244
4hys,8.1141
4bo2,6.6303
4bo1,7.2176
4cbt,4.7416
4nb6,6.8491
4hw7,5.9653
3zov,8.3277
4lyn,6.5553
4btw,4.6181
4ju3,4.8356
4jve,5.8625
4j3e,7.1248
4lxm,7.3452
3w55,6.4964
4bo5,7.0756
4mq2,7.1754
4gjc,6.2844
4li6,6.1866
4bo7,6.1188
4bfy,5.5452
4bo8,6.5021
4jg7,5.5953
4bo4,6.8838
4g16,8.5375
4h4d,5.3144
4n3r,7.6634
4j0a,4.8822
4l7f,8.2393
4jzf,5.5586
4gj7,6.2882
4i10,8.4696
4j0t,7.447
3zm5,5.4073
4bo6,5.4684
4h58,7.5691
4msg,5.9317
4mt9,7.1313
4gs8,5.6005
4i7d,4.158
4idt,6.1202
4bo0,6.4512
4k4f,6.9619
4lh5,5.6391
4h4e,5.3144
4j08,4.9782
4j51,5.4736
4bie,4.8374
4bib,6.0647
4bnz,5.777
4byj,7.3392
4krs,7.2383
3w54,7.3408
4bti,7.0129
4jjs,5.4887
3zm6,5.9571
4bo3,5.7663
4bo9,5.3321
4brx,5.8679
4d8s,4.2054
4ju4,6.1221
4jg6,4.9654
4i5p,6.9636
4j0s,5.2861
4j0r,5.2861
4m5o,6.1586
4bqx,5.7465
4ez5,6.1797
4i12,7.5207
4mwv,4.2753
4ff8,6.4989
4mwr,4.4686
4j0y,8.0661
3vs3,7.5427
4i0f,7.1201
4mk5,5.0388
4lkm,6.7503
4i0z,6.7212
3vva,7.4268
4i31,5.9137
4jj7,4.6597
4kio,6.9661
4bw3,6.4394
4jda,7.2847
4cfw,5.4973
4jju,7.1853
3wix,7.7632
4l6q,5.1204
4inu,7.739
4bfz,5.8736
4li5,6.6412
4c35,7.8458
4mcc,5.0285
3wd2,4.9029
4iqu,4.7692
4ikr,6.1287
3vtb,6.0534
4btu,6.8722
4hzx,4.2045
4i4e,6.9523
4kil,4.297
3wiy,8.0879
4i0d,5.8471
4ir5,4.8158
4jwr,6.1617
4b72,5.8606
4bw4,6.5607
4gw6,7.1719
4i4f,7.4466
4ikt,5.694
4ju6,4.8944
4ju7,4.8944
4b6c,7.8781
3zc6,7.5073
4dwk,3.2069
4jj8,4.6597
4mk2,6.0746
3zeb,3.9737
4hzt,6.3992
4li7,8.0657
4j1h,8.0722
4gvm,7.1719
4iqt,4.9871
4mwq,3.7769
4hxm,6.2224
4bsq,6.8842
4kp6,5.9951
4lkl,5.3373
4ir6,5.8073
4inb,7.0732
3zlq,7.447
4ii9,5.6225
3vuc,7.8307
4ivt,6.4781
4jv7,6.2665
3zmi,5.1425
3zot,5.1425
4i6b,7.0152
4k3l,6.6147
4bdt,5.4565
3zm4,6.8023
4bqy,5.8537
4feq,7.3159
4azp,6.5173
4bw1,5.4793
4mti,6.8931
4mxa,7.2179
3zki,8.3277
4gja,6.37
4l3p,6.9471
4hzw,4.2054
3zlk,5.8099
4hy5,7.0919
4mcv,6.6641
4btt,7.4951
4bzn,7.7655
3vo3,6.413
4hvd,7.5796
4j6i,7.3004
4mu7,6.9426
4gsc,3.2079
3zlo,6.3751
4mcb,8.0982
4ght,5.1109
4g2w,5.6504
4gk2,6.7803
4int,7.4712
4mzj,5.5158
4iku,4.9999
4ibm,5.6199
4jv9,6.6621
4hhy,5.6898
4jht,5.3748
4m5r,5.8723
4i7f,5.7284
4iz0,7.6994
4dr9,6.8635
4kfp,6.3858
4mb9,7.3787
4b78,5.4309
3zmj,6.0521
4bdc,4.9559
4lc7,6.1623
4l34,6.4777
4dho,5.4057
3w5e,6.919
4g2j,7.9855
4jbs,6.8049
4m4q,5.9378
4m5u,7.0947
4j04,5.1766
4kb8,6.9054
3wfg,5.9285
4kc1,5.1536
4jx7,6.9117
4j4o,6.5381
4men,6.7633
4kqq,4.8169
4kqr,4.8169
4fz6,6.5795
4dvf,7.2011
4dhn,5.1912
4lqy,4.0962
3vtd,6.5221
4j1f,8.0722
4kmu,4.0332
3ukr,7.2262
4b81,6.8235
4j4n,5.785
4bnt,5.1548
3vtc,6.5221
3wax,7.2531
4j1k,8.0668
4dzw,5.6258
4kbc,6.9328
4gye,6.8011
4l0s,6.3862
4l32,6.6046
3zo4,4.3301
4bjc,4.9402
4gk4,6.0446
4i0r,5.5322
4jzr,6.4131
4bde,3.538
3zlx,6.9168
4b0g,7.7279
4bfp,8.2811
4bgg,6.4219
4dht,5.6744
4ie5,6.4345
4l31,6.2848
4dhm,4.7417
4kqo,4.8169
2ly0,3.4822
4dhs,4.5083
4mk1,4.76
4hvg,7.6341
4c38,4.5763
4alu,5.2357
4g1f,3.2295
4ke0,8.3612
4m3q,7.1419
3wav,5.6921
4mx0,4.2753
4dwb,6.6085
4dv9,6.0206
4ipf,6.9726
4jhq,7.9648
4kjv,6.5987
4hvh,7.6341
4c37,5.9386
4c36,5.6156
4bb4,7.1811
4jrg,6.2927
3zlw,4.5998
3w2r,7.2559
4j1e,8.0822
4im0,7.5133
4hyh,8.638
4iwd,6.4478
4ktc,7.9317
4l8m,7.7782
4mk8,6.885
4mka,5.2716
3zo1,4.699
4awi,6.4833
4jql,4.255
3wc5,4.8884
4jlg,6.5625
4lgu,7.0758
4hxl,5.7105
4lnf,4.506
4mzl,5.5326
4ke1,7.5924
4btl,6.0003
4ezl,7.8205
4mx9,7.8517
4inr,7.7394
4hy4,6.8701
4bda,4.3597
4ie6,5.7465
4mbl,8.6562
4dtt,3.2082
4hy0,8.7237
4nie,7.1156
4fic,4.4302
4l2g,6.1231
4mww,3.7769
4jr3,5.7342
4bjb,5.6139
4j3m,4.9391
4hww,5.7002
4bdi,7.0566
3way,6.6786
3wd1,5.038
3zep,5.8946
4bjx,7.1316
4b84,6.7339
4l0v,6.4735
4eyr,7.0656
3zmg,8.0629
4ixu,5.673
4kiq,6.848
3wbl,6.875
4ixv,6.3771
4fxj,3.9526
4nrc,6.6324
4jbo,8.0664
4jp9,7.5719
4k4e,7.0604
4kn7,4.2013
4meq,5.4924
4meo,7.0976
4la7,6.2754
4i0t,7.1093
4i11,4.9665
4l0i,6.154
4alw,5.7218
4dhr,5.5764
4j0v,8.0661
4l53,6.0908
3w2t,6.777
4joa,7.6268
4jrv,5.9662
4lww,7.1963
4j53,7.6076
4lgh,6.141
4lxa,7.3452
4n4v,5.5482
4i7b,4.6339
4bcb,5.938
4mwu,3.9038
4ehe,7.1295
4ie4,5.3748
4jmu,6.5727
4lge,7.07
3w1f,7.9182
4bdk,6.424
4ezj,7.3314
4hbp,5.2635
3zly,5.7121
3zlv,5.6393
3zbf,6.5376
4gvu,7.6912
3w5t,6.4013
4ith,6.5682
4g2l,6.4647
4kbi,7.7213
4kb7,7.8782
4dhq,5.4619
4bcd,7.5163
3wab,4.5796
4lh7,6.9702
4joo,5.0795
4bdd,7.3852
4l2k,4.9543
3w33,6.7363
4i0s,6.6673
4k8s,8.3612
4dhp,6.186
4kw6,4.2771
4itj,6.0403
4dxj,6.9221
4nrb,6.2321
3zls,4.6772
4jq7,5.6797
4bae,7.6782
4c4j,7.4298
4gv1,7.8688
4hyi,6.8038
4izy,7.3889
4j52,7.3181
4jnc,7.5472
4jnm,7.5261
4l6s,6.6036
4lgg,6.4554
4jlh,7.1637
4hxs,6.838
4hxr,6.2605
4hlw,6.637
4kz0,5.3807
4k3k,6.0036
3wiz,6.7021
4gzf,5.4965
4lts,7.4677
4mvh,6.1773
4ie2,4.7278
4j06,4.4431
4eev,6.9315
4htx,6.0359
4i33,5.9137
3wi6,6.9021
4mcd,4.9084
4mep,6.4639
4kin,6.8574
3v3m,6.2566
4mzk,5.4763
4mbc,6.7409
4j1i,8.0668
4b80,7.5252
4bek,5.0182
4jbp,7.0497
4ln7,4.2841
4b82,6.7002
4mk7,6.5858
4iti,6.9737
4idz,4.126
4bj9,4.8601
4jib,6.1737
4k2y,4.5954
4fyo,8.146
4jpe,6.6354
4e1e,6.706
4kc2,5.1536
4j1c,7.8789
4ksq,8.0333
4m84,5.4565
4n4t,5.3402
4b7z,7.109
4bgh,7.1585
4jai,5.5069
4l52,6.4404
4lxk,7.6737
3zmh,5.6888
4j3d,5.3186
4jaj,6.3792
3wc7,7.4808
4j70,8.2165
4bic,5.6333
4fgy,5.9723
4hze,5.7002
4kai,6.9216
4mot,7.5373
4j0p,7.8957
4bhz,5.948
4j17,7.5931
4l0l,5.8527
4m6p,6.4905
4au8,7.5605
4gk3,6.0371
4k60,4.6314
4kn4,4.3192
4dwg,6.706
4bi0,4.7386
3waw,5.7915
4kc4,4.8372
3w69,6.7587
4i32,5.9137
4l2f,6.3954
2yoj,4.4461
4i6f,7.0164
4i6h,7.03
4jzd,7.1459
4dhu,5.3065
4jvi,6.5676
4kba,7.3862
4ixh,7.356
4m6q,5.5955
4ifh,6.7326
4hyu,7.3243
4mds,8.0648
4bhn,7.8493
4bw2,5.6807
4ezk,8.1965
4b70,6.0314
4fxf,5.4849
4kbk,7.3862
3zim,6.3707
3w2s,7.2559
4anq,6.5376
4hxq,6.5777
4mbj,6.1633
4is6,7.0249
4ark,7.3442
4msk,6.9577
4ehg,7.3487
3wff,4.9922
3w2q,7.0768
4l0t,6.067
4l0b,6.0621
4i06,6.5777
4klb,4.5363
4hvi,6.164
4bi1,6.2146
4bs4,6.381
4bs5,7.2463
4c4h,6.8093
4kju,6.6672
4iks,6.4458
4aua,6.1169
4bdj,5.6335
4li8,7.7585
4bio,5.2889
4gj6,6.0168
3vry,8.0549
4bid,5.8041
4b77,6.6028
4kzl,6.3905
3uli,7.818
4l10,6.3561
4fgx,5.1391
4jsc,8.0598
4mwx,4.4686
3w32,6.7258
4mgv,5.4956
4bdg,5.5054
4bdh,4.3026
4k9h,7.957
4j0z,8.1065
4lh6,7.3384
4c66,7.1384
4do3,3.9259
3rtp,6.6829
4alv,6.4869
4l33,6.3417
4jze,6.9259
4kip,6.7384
4mbi,8.4837
4b83,6.1381
4kzc,7.9162
4hzz,4.2045
3wd9,7.0495
4ie0,4.7004
4i5m,7.3928
4jkt,6.1174
3zo2,4.699
4bdf,5.529
3w2p,6.494
3w2o,6.7577
4bdb,4.6902
4l09,6.3269
4b85,7.3702
4mwy,3.9038
4e90,6.3511
4eqc,7.8552
4jq8,5.737
4ie7,4.3482
3vzv,7.6017
4muw,7.4652
4hg7,5.9477
3wi2,7.9077
4bi2,6.2098
4jpc,6.8359
4bfd,6.9803
4ie3,5.2872
4l7g,5.2954
4bcc,6.8988
4byi,7.2059
4mk9,6.2799
4lop,7.8727
4loq,7.8727
4avt,3.834
4f7l,6.4488
2yns,5.436
4kln,5.3382
4fil,6.8077
4f6w,6.1892
4gpk,5.66
3zi0,6.851
4ly1,4.9893
4ggz,10.9956
4i9h,7.9027
4bg6,6.1638
4cfe,5.4806
4fr3,6.1335
4ko8,5.3382
4hy9,5.6583
4f7n,6.4498
3zhz,5.1619
4kom,5.1985
4k9y,6.2193
4i54,8.132
4jyb,5.4438
4loh,5.703
4hpy,6.9968
3wdz,5.1166
4g4p,4.4472
4bcq,7.6652
4b8p,7.4385
3zke,6.2177
4lkg,3.7235
4loi,5.4022
4lxz,6.4118
4lg6,5.5941
4lrh,5.6234
2rt5,6.3062
4lwc,5.1421
4lhv,6.5186
4jyc,6.3894
4lkj,3.7235
3zhx,5.7169
4iaw,6.611
4iuo,4.1836
4btk,6.4653
4gqp,4.0598
4li0,6.5186
4iax,6.2262
2m3z,6.2694
4jgv,6.0478
4iue,4.5553
4io2,5.0702
4nj3,6.1197
4gv8,5.3473
4kon,3.1229
3zh8,5.3426
4b7p,3.9757
4hyb,5.4794
4n07,5.7696
4jfk,7.4908
3zll,6.1636
4ezo,5.7689
4loj,5.703
4cff,6.0222
3w07,4.4146
4b33,4.5589
3v2p,5.6586
4i67,6.3703
4b32,5.0047
3zk6,6.6906
3w9k,6.3202
3v2q,5.6586
4n6h,6.5156
4jbl,5.8394
4f0c,4.8095
3zlr,7.1299
3ux0,5.1309
4b2l,4.7794
4hwb,3.3726
4kii,6.3282
4ddh,3.006
4e1k,6.9126
4bqg,4.4494
4mjo,7.5909
4k6i,8.3301
3zcw,6.1491
4nmx,5.3994
4fht,3.9295
4jff,6.2776
4f6u,6.1882
4b34,3.6821
4k4j,7.6346
4m7c,6.1661
4hp0,5.5496
4irx,4.2924
4kao,6.0331
4hmk,4.112
4hod,4.112
4mz5,5.6538
4de5,4.7166
4fzj,6.5052
4fmn,5.7596
4jnj,10.9956
4io3,4.8184
4l50,3.6374
3v2n,5.6586
4c4n,5.1356
4hbn,5.8964
4km0,6.3936
3zkf,5.5176
4g5f,4.7166
4kqp,4.4472
4az5,4.6097
4ch2,5.4149
4nkt,4.8604
4b2i,5.2036
4ezw,5.7576
4bgy,3.7235
4dlj,4.8763
4lkk,3.1229
4kne,4.9779
4ef6,4.9871
4azc,4.6097
4jn4,5.309
4jne,5.309
4b35,4.3125
3zos,6.6122
4hva,7.1306
4jv8,6.4507
4km2,5.5125
4l4v,6.2444
4ksp,7.6409
4ezx,6.0526
4k3p,5.5936
2ynr,5.6828
4g5y,6.2337
4f70,6.1724
4i60,8.9372
4lps,5.594
4bkj,6.1656
4br3,6.5024
4i9o,7.217
4iut,5.0781
4iuv,5.0152
4knm,5.3327
4jfl,8.2472
4bxu,5.61
4bcs,9.4318
4i7l,5.341
4att,4.3306
2m0v,5.0754
4ceb,5.7855
4ht0,4.4257
4knj,5.4118
4bup,4.7366
4lbp,5.004
4ido,5.3012
4i9r,6.8932
4bi6,4.0573
4mr3,6.1742
4mr4,6.9058
4k3q,5.8962
4fcm,4.9136
4j2t,6.6272
4c73,6.437
4c0r,5.2366
4apo,6.318
4igt,4.8726
4i2w,6.1012
3zhf,6.1456
3wde,7.9951
4bh3,3.114
3wdc,7.9533
4hs8,7.7655
4i2z,5.1105
4ipj,5.1812
3w5n,3.3228
4ijl,5.3688
4i9u,6.4959
4hpi,5.5496
4aif,5.4858
3vvy,5.34
4luv,4.8355
4k3h,5.9936
4bt9,3.9428
4kn1,7.4446
4cgj,7.7568
4ieh,8.0272
4ikn,5.8031
4j7e,5.3751
4io6,3.7206
4c1m,6.8423
4aq6,4.1441
4bks,6.212
4ear,6.6806
3vx3,5.3982
3zp9,6.4236
4j8b,6.026
4as9,4.0639
4kni,5.3327
4knn,5.4118
4ad6,5.5908
4kox,5.149
4i9s,6.8932
4bqt,7.4085
4klv,5.1406
4j8t,8.0523
4j3l,8.058
4au7,5.3448
3vw2,6.225
4j86,4.9562
4jg0,6.7158
4kov,5.6571
4bgx,3.1229
4kax,5.8022
4auj,4.1233
4ayu,3.695
4fz3,5.8818
4f9y,6.8657
4kby,5.9309
4j22,7.7799
4mm5,4.9697
4ih6,6.8209
4gvc,5.9495
4ljh,6.1049
4hfz,5.7815
3vzg,3.3398
4k0o,4.9416
4bb9,4.7046
4b3c,4.1831
4b3d,3.5342
4jn2,6.8984
4l4z,3.6478
4iuu,5.1492
4ezy,6.8909
4jin,5.8598
3zi8,6.1842
4gs9,4.6502
4i8x,5.1299
4dli,5.39
4lno,4.506
4jx9,4.5988
4dzy,4.5664
4jiz,6.1222
4bqh,3.6843
4iur,5.2153
4kmz,5.6234
4fmo,5.1348
4hj2,5.8631
4ba3,5.4664
4nxu,4.431
4j84,6.9896
4lar,4.0494
4j8r,6.6249
4j7d,6.2944
4j93,5.4864
4luz,5.5538
4del,5.656
3vw1,6.1091
3vw0,4.4976
4nku,6.0794
4io7,4.09
4jv6,5.7668
2ypo,4.3168
4l58,5.4816
4j78,6.0148
4i1r,4.2606
4izm,4.8184
3vws,5.5455
4io8,6.3812
4aw8,5.6591
4g8o,6.6212
4g8r,6.6212
4hso,4.5506
4jg1,6.4263
4m1d,6.8662
4io4,4.7342
4bkt,5.9007
4c6u,7.242
4c6v,7.242
4b3b,6.1765
4mr5,6.1742
4mr6,6.9058
4k3r,6.1274
4jal,5.3448
3vvz,6.179
4bi7,4.0573
3wb5,6.067
4gvd,5.4333
4j74,6.2889
4j73,5.9322
4jjm,7.7866
4igk,5.5035
4k3m,5.4591
4ht2,4.4257
4gng,5.2961
4mmf,6.2448
4hu1,5.2543
4hnn,5.1866
4k55,5.5044
4nk9,7.0261
4i9c,6.5463
4f6s,6.0004
4efk,6.2337
4ifi,4.702
3zdv,4.2044
4jfm,7.2739
4gne,5.1557
3zln,6.0157
4j77,5.9519
4n7j,5.1554
4n7m,6.09
4ddm,3.879
4gw5,5.5021
4kot,5.8086
4ksy,5.703
4b60,5.6507
4kmd,4.8714
4nxv,5.5074
4fgt,6.3741
4igq,5.7412
4g93,5.628
4hs6,7.7655
4j81,5.6792
4nka,6.9338
4i7p,4.4131
4mme,7.4641
4jfe,5.3369
4avs,3.695
4eoy,7.0945
4bh4,3.7235
4l6t,4.3422
4kp8,5.6305
4azi,6.9878
2lyb,6.2661
3wb4,6.9695
4k3o,5.8962
4jfx,6.2567
2m0u,5.0754
4jfd,5.3258
4ge1,4.8772
4k67,3.1229
4jpy,3.9526
4kcx,5.1084
4mnq,7.285
3zm9,7.0977
4j21,4.5258
4jvb,6.1871
2ypp,4.2264
4b8o,4.7092
4btm,5.538
4ej8,4.5291
2m0o,5.233
4kod,6.0504
4jck,2.7908
4lkf,5.1117
4lke,6.237
4k19,7.4183
4b9h,4.6156
4lkd,5.8498
4jwk,4.2666
4ipi,5.1812
4ipn,4.3158
4kn0,6.8578
4hfp,4.1235
4gw1,7.0274
4mm4,5.5565
4gu9,5.097
4j82,7.0001
4gu6,6.1094
4nbn,5.6126
4gnf,5.5005
4cc2,5.887
4cc7,5.2827
4ayq,6.0226
4ijh,4.2506
4i7j,3.07
4kow,5.5834
4bea,7.2397
4dx9,4.3663
4bj8,9.4318
4ddk,4.2458
4e70,5.1183
4gxl,6.9726
4lp6,7.9621
2lsv,4.6877
4l1u,5.0733
4j2c,6.1113
4idn,5.2778
4f7j,6.4493
4kfq,6.3661
4hmq,6.2554
4gue,5.5282
4ih7,4.678
4jc1,2.7908
4kn2,6.7175
4k66,2.6969
4ib5,8.1998
4k0u,5.5652
4azb,6.9878
4luo,3.859
4hiq,6.7451
4jr0,6.4694
4ezr,4.2928
4ezq,5.3103
4lk6,7.3824
3vfq,5.1154
4ezz,5.7385
4k5y,6.7997
4n5d,4.9479
4gny,4.8959
4k63,3.7235
4jmx,5.6767
4ht6,6.8066
4igr,4.8726
4j8g,6.0868
2lya,4.9463
4nra,5.4504
4nks,6.4873
4jkw,5.738
4jpx,3.9526
4h85,5.4986
4ejl,3.6973
4ezt,5.61
4h81,4.5664
4b6u,6.2494
4cdr,4.9521
4c1t,4.6159
4lw1,4.8355
4jfz,5.9541
2mc1,6.0288
4cc3,5.3026
4i7m,4.8917
4cgi,7.7568
4ayp,3.5501
2lto,4.9586
3wdd,7.9533
4kzq,6.2047
4ih5,4.6692
4azg,6.9878
4loo,7.8727
4ly9,6.3135
4his,7.0699
4h7q,5.8528
4c94,4.894
4c1u,5.0026
4ghi,5.6062
4kp5,5.4118
2m41,6.6906
4h3q,6.1794
4iho,6.3098
4jym,5.2458
4lk7,6.1612
4io5,4.6672
4np9,6.1764
4mz6,5.797
2m3m,5.7934
4btb,5.0159
4i7k,5.1258
3vfj,5.9229
4kab,6.1946
3ueo,5.3889
3w0l,5.958
4k8a,5.2193
4l51,3.9173
4ayr,6.3157
3zjc,5.6172
4k1b,7.9461
4gbd,5.9493
4gih,7.1783
4kb9,7.474
4fp1,3.8237
4gmy,7.1783
4jk5,7.1816
4fxy,7.3606
4ijq,6.2603
4gd6,5.7113
4hw2,5.9502
4lmn,5.7976
4jk6,7.0446
4gfm,5.6904
4gs6,6.3454
4hra,5.6794
4bny,7.2593
4hvb,7.4427
4bcm,6.6051
4imz,6.7849
4bco,7.2672
2yol,9.2228
3zcz,5.3696
4ew3,7.4863
4hgc,6.1967
4ivc,7.1565
4m1j,6.0113
4isu,4.9313
4ew2,6.4743
4gfo,5.6904
4gql,7.7642
4gr0,7.3982
4btx,5.0754
4hw3,4.7531
4da5,9.0487
4ivd,7.1618
4ca5,6.9395
4bt4,3.9913
4ks2,4.0265
4hev,6.5904
4jfw,5.12
4mss,5.5061
4jfv,3.9596
3v0p,5.44
4inh,7.1595
4hnc,3.8163
4jia,7.5226
4m0e,4.6489
4mdn,5.7513
3zmm,6.5864
4bt3,3.9913
4mf1,6.7836
4eos,6.0051
4eol,6.0051
4eon,6.0051
4eoi,5.4508
4eop,6.0051
4az6,6.9878
4hws,6.1994
4jh0,6.0188
4baq,8.039
4i72,9.1271
4hxz,6.9317
4bps,4.2673
4bam,7.8806
4k18,6.9455
4heg,7.6331
4bak,8.0585
4hz5,6.72
4kyh,4.0803
4mdq,6.1892
4gpl,5.6
4iu0,5.6832
4gj3,7.0936
4i5c,7.0942
4ks1,3.7756
4f3c,9.0556
4imq,7.0315
4bt5,3.9913
4m0f,6.1271
4j45,4.6172
4j44,7.3814
4gii,7.2578
4ish,5.1139
4ivb,7.781
3zcl,5.6355
4mo8,5.1504
3zn0,6.3464
4in9,6.0419
4k5o,7.3437
4jjf,5.8344
4jyu,7.1897
4bxk,3.9871
4f9w,7.3193
4bcj,6.5842
4k3n,4.7567
2yoh,4.0233
4jsa,3.9826
4k5l,5.293
4j47,4.5109
4i8w,7.7687
4k5n,6.7601
4bcn,6.5842
4j5p,5.5476
4ele,6.2804
4ks5,5.8725
4mjp,4.9513
3wjw,5.8444
4axm,7.4906
4gr8,7.3717
4ivk,7.2832
4iic,6.8436
4gr3,7.3982
4eb8,6.7402
4m48,5.2074
4k0y,5.5559
4n6z,7.5257
4hla,7.7962
4hwp,6.7216
4c6x,6.6847
4jyv,6.7622
4jfi,5.9477
4ca6,6.9395
4hwr,6.1319
4i71,9.0882
3zmz,5.4758
4kyk,4.5963
4i73,7.2684
4i74,7.2684
4k5m,6.4336
4mjq,5.5301
4n70,7.8736
4bah,6.6156
4j28,4.0897
4jfj,9.1672
4kp0,4.5178
4j48,6.0295
4ban,6.8091
4iid,5.223
4gj2,7.5179
3vtr,4.926
4kww,4.2008
4hwo,5.0101
4mm6,5.364
4mm9,3.9207
4ca8,6.9395
4n99,5.5531
3zpr,4.4158
4bch,6.6051
4hzm,5.8217
4i80,6.0629
4mm7,5.5831
4k77,5.6829
4lch,7.1415
4bds,6.2901
2yof,3.6167
4j03,8.4982
4amw,4.3932
3zmt,5.0806
4n98,6.0808
4mjr,4.8009
3zn1,5.0052
4hy1,7.7227
4hxw,7.468
4jjg,6.5956
4k6z,7.1208
4bs0,4.4539
3v0l,5.436
3zpt,6.8242
4hdf,7.6331
4m2r,7.0551
4he9,7.6331
4jft,4.778
4j26,5.09
4hdp,7.6331
4c70,5.9451
4lh3,4.1927
4lpf,3.9595
4kzu,6.0736
2yog,3.6167
4ccd,4.1399
4bvb,4.7918
4h42,5.0843
4k5p,5.8483
4c6z,5.0872
3znr,6.3222
4m2v,7.0551
4c71,7.6448
3zns,7.1683
4bao,6.3757
3zpu,7.3741
4iie,4.5405
4giu,4.8855
4bbg,4.2238
4ks3,5.0074
4ca7,6.9395
4lvt,8.1751
3zdh,6.2084
3zmu,4.9138
4bck,7.0589
4ij1,4.3657
3zps,7.0524
4elb,6.4701
4f2w,9.0055
4j46,4.4168
4mfe,4.3223
4jfs,4.4341
4jsz,3.9826
4eor,5.6788
4jss,5.491
4iwz,5.6975
4m2w,5.6266
3zmv,5.3104
4bcp,7.4487
4lh2,3.6706
4iq6,6.7393
4lxd,8.6022
4gfn,7.2938
4lko,7.5038
4amx,5.2816
3w37,4.9346
4iif,5.6438
4gkm,4.8537
4elg,6.4656
4bqs,3.1747
4n9a,4.6155
3zpq,4.1304
4iva,7.781
4f3k,9.0805
3zbx,4.7916
4bci,7.0589
4hym,7.4771
4lrr,4.4857
4isi,7.0444
4gly,6.5771
4ks4,4.1893
3zc5,5.2236
4kx8,6.6491
4kxb,6.8692
2lwi,6.9971
4mm8,4.8734
3zdg,4.0684
4bcf,7.2672
4bcg,7.4487
4n5t,7.7832
4elh,6.4656
4c72,7.242
4mf0,7.3997
4hdb,7.6331
4i8z,8.1585
4kvm,6.1557
4eok,5.6788
4m2u,5.6266
4elf,6.4716
4mma,3.7899
4n6y,6.0775
4jhz,5.8157
4kql,7.391
4o12,6.3746
4c61,6.8522
4mqu,6.4344
4mha,7.3008
4jps,6.2823
4l4l,5.449
4lwu,7.8599
4d0x,5.3068
4ncg,7.9495
4mzs,6.4504
4n9e,6.8993
3wcb,6.5877
4n9d,5.8299
4l4m,7.8378
4u45,7.5491
4n8e,6.5624
4d1s,7.485
4lwi,6.6024
4lwh,6.8587
4d0w,5.7371
4k2g,5.9249
4nld,8.0778
4nw5,6.629
4tw9,5.8591
4tyt,5.4139
4oon,6.2225
4j3j,7.0812
4kwp,3.8984
4d2v,5.997
4wwo,4.8106
4twc,5.7346
4nxs,6.5723
4knb,6.4611
4k2f,6.7732
4oty,5.635
4whh,5.5507
3wcf,6.632
4o0z,8.4072
4cl9,6.8591
4kpx,5.4409
4pis,8.964
4c1e,6.7789
4o10,8.4472
4lwe,5.4835
4mro,6.0261
3wch,6.5877
4piq,6.1834
4j1p,6.9058
4oas,5.6782
4pzw,7.8021
4op1,7.1215
4tn2,6.7192
4wwp,6.1876
4uvc,5.9794
4o76,7.878
4tkg,5.3832
3wcg,6.632
4nzm,6.0754
4ool,6.9703
4cku,7.7789
4ow0,6.222
4w9s,6.2925
4wlb,8.5303
4ode,6.2067
4odf,7.032
4ogn,7.0116
4ogt,7.032
4phw,6.4919
4o1l,6.2376
4q6r,7.9872
4cc6,7.7091
4pnk,6.6175
3wcl,6.632
4mzo,7.0137
3wci,6.5877
4tkf,5.1776
4clb,6.9857
4o9s,5.5827
3wt5,6.4516
4ps5,7.0187
4pl3,6.5884
4mib,7.2008
4q1n,6.4887
4m7b,6.2093
4mex,7.7401
4u5t,3.5036
3wym,7.5661
4uv8,5.3179
4tjy,6.6111
3zmq,6.648
4oya,6.466
4cik,5.1274
4m8t,6.5856
4o1b,7.3383
4pvt,5.4139
4m3b,4.2888
4whl,5.5732
4u79,7.4789
4tki,6.0342
4cqg,8.024
4nzn,5.7439
4psq,4.89
4pnr,4.9541
4lq3,4.3015
4okg,7.8074
4bg1,4.0878
4ovz,6.3904
4pvo,6.4994
4oba,6.5156
4c7t,6.7563
4uyh,6.8663
4qt0,6.5739
4wj5,5.979
3wnt,3.7955
3wnr,3.7955
4m3g,6.1919
4m3e,5.6999
4pjt,6.5584
4oq5,6.6036
4bgm,3.3238
4lp9,5.1921
4jvq,5.705
4olc,4.4164
4umu,5.8441
4c68,6.4509
4uzd,7.8109
4j5b,7.9011
4umt,6.2555
4l7d,6.7253
4cxw,5.3173
4pni,5.9248
4qn7,3.7769
4pv0,6.7815
4wwn,5.5277
4nau,6.7059
4o4r,3.6024
4n1t,6.1779
4tjw,5.6139
4uv9,4.9852
4m3m,4.2045
4w7t,5.3868
4urk,7.1349
4d2t,6.4614
4o72,5.9483
4pzx,7.8021
4op2,6.3318
3wns,5.3621
4j5d,7.9491
4n1b,6.3368
4p0w,5.501
4hrc,6.5738
4p0v,7.3337
4p0x,7.3337
4qye,3.6389
4ux6,4.267
3wke,5.9028
4cli,8.2792
4lqg,6.8816
4qyh,8.0682
3wgw,6.4604
4msu,7.2552
3wyl,5.6135
4bis,5.7836
4j59,7.1765
4nak,6.226
4pnm,5.9739
4hrd,7.9193
4k9g,6.7848
4pnt,4.7361
4u03,4.5714
4u0m,4.5714
4u0n,4.5714
4oyb,5.4536
4uva,5.0926
3wt7,6.6323
4d09,6.9957
4j3i,6.9058
4knr,7.5841
4nhx,3.6362
4obz,4.7455
4c1c,6.7789
4bpj,6.2154
4nrt,5.3557
4rfy,6.5158
4ckr,6.3193
4qtd,6.7614
4d08,6.8356
4o2e,5.3757
4qg7,4.7531
4lv4,4.7392
4o7c,5.5959
4p74,6.3328
4pnq,5.06
4waf,7.7877
4j5e,7.135
4cxy,4.0357
4n8d,6.6624
4og7,8.1914
4nru,5.3674
4pp7,6.4101
4oym,5.2023
4pl5,6.4539
4ot6,7.082
4na4,5.0395
4mwe,7.2299
3wk7,7.0225
4p6e,6.8087
3wv2,6.3113
4qga,4.7599
4l7o,5.106
4mwc,7.1838
4u93,7.5548
4o0j,6.6959
4o7f,7.3146
4l7n,5.7609
4pkt,8.5057
4w9q,7.2238
4o91,6.8566
4u6r,7.4155
4lq9,5.5189
4ok6,5.2939
4pkr,8.5057
4pks,8.3382
4m7x,6.2128
4lm5,6.2254
4c8r,7.3833
4q9s,6.1119
3we4,6.9716
4no9,6.8408
4o13,6.8412
3wk5,5.5675
4jln,6.5352
4umr,7.2899
4hnp,7.0903
4mw6,6.3498
4p7e,7.7369
4l23,5.6546
3wkd,7.1746
4md6,4.9442
4obp,3.9661
4oho,7.3501
4i9z,8.1518
4cfm,5.8428
4ph4,5.4858
4o71,5.9594
4kpz,5.9581
3wkc,4.8322
4og6,7.417
4mw2,6.8436
4mw1,5.8282
4nan,5.3527
4o70,6.9779
4o7a,6.7584
4oyi,5.6045
4wh9,7.2797
4o6e,6.5394
4qgg,4.7229
4qgh,4.7229
4rio,8.2288
4uwk,7.175
4l7l,6.2755
4occ,5.6827
4cxx,5.74
4d2p,7.7115
4p0n,5.5855
4l70,6.2026
4l7u,6.6
4nal,5.4104
4l7b,6.3327
4nhy,5.0096
4tpm,5.301
4txe,6.3514
4qlt,5.925
4o77,7.4711
4tpp,5.9128
4tx6,5.5781
4tk0,5.8201
4u5j,7.2961
4x7i,6.7306
4pyv,7.4188
4o4k,5.3463
3wf7,6.7948
4mx1,6.7756
4o7b,7.2763
4uy1,5.1244
3ws8,6.0521
4rrs,6.7369
4o75,6.7566
4pkw,7.6476
4jlm,6.9646
4jvj,6.27
4p73,5.4128
4c1f,6.7789
4k6v,2.9551
4cfv,5.5147
3wf8,7.6793
4nw7,6.9522
3wyk,5.2432
4bfr,6.8866
4lng,6.0976
4nnw,6.7387
3w8o,6.211
3wv3,5.6526
4o1d,7.3383
4pid,6.7771
4nrp,3.6362
4muk,6.4536
4bzr,5.5247
4o74,8.5152
4otg,7.7244
4rro,7.0084
4nnn,6.5547
4lnb,7.1261
4no1,7.5401
4mvw,6.452
4ohm,6.6199
4mx5,5.8394
4oz3,5.3515
4mvy,6.1821
4o28,8.4413
3wka,5.8137
4nwk,7.845
4o15,6.8412
4rce,7.713
4j5c,6.5315
4pnl,4.9171
4ctj,3.212
4uvb,5.683
4knx,6.9609
4jpa,7.4276
4nvq,6.8657
4c5w,3.34
4oq6,4.7371
4osf,3.4942
4tju,7.0984
4cqe,8.7906
4p2t,7.1095
4pnc,6.2296
4lwt,6.1042
4m3d,6.8587
4pku,8.5055
4og5,5.2898
4ngh,5.5009
4mw4,6.6053
4d2w,7.1624
4ok5,5.4572
4mwb,6.9532
4myq,5.266
4tk5,4.8601
4w7p,6.8905
4mra,5.1715
4n7e,5.9254
4nat,7.4641
3wf6,6.9147
4d2d,4.8025
4bhf,4.0746
4nrq,5.0096
4r6v,7.7685
4npv,6.2327
4ohp,5.9083
4urn,6.078
4ov5,6.362
4qls,6.1326
4wsk,4.2321
4o2f,6.536
4oar,6.4094
4pl0,4.8248
4qtc,6.7614
4l2x,6.9836
4mw0,6.4253
4qsm,7.5624
4r02,7.5489
4tlr,6.6976
4uwh,6.792
4wcu,6.3271
4p1r,6.9944
4qyg,7.5048
4umq,6.3695
4oow,4.5323
4rcp,4.1733
4c1d,6.7789
4pyq,5.2509
4k6w,3.7221
4wgi,8.5643
4o78,7.3326
4m7y,6.0859
4qag,6.585
4csj,7.0426
4m3f,6.6533
4rfz,6.9707
4oti,8.2917
4clz,5.4687
4qqc,6.9912
4mw5,6.6895
4pm0,7.9823
4wsj,3.2267
4nk3,7.5498
4nhc,5.979
4mao,5.755
4j8m,7.2888
4rrn,6.5589
4nah,5.9024
3wk8,3.6752
4nw6,6.2251
4px6,6.9477
4ra5,6.4301
4rcf,7.3931
4uyn,7.164
4o5b,7.0578
4o55,7.0578
4n1u,5.9394
4wn1,6.6204
4u0g,8.4199
4l1a,7.4337
4pl4,5.3892
4pkv,8.5057
4o7e,7.0905
4mh7,7.6446
4url,7.7734
4ojq,5.8154
4rg0,7.3938
4cqf,6.4465
4o5g,6.1244
4o43,5.1913
4o24,5.1669
4pf3,5.6357
4bgk,4.2017
4w9n,6.5553
4lmu,5.1715
4q9z,7.154
4to8,3.4766
3wf9,7.7515
4og8,5.4477
4mvx,6.7027
4od9,6.5467
4kcg,6.7311
4nus,6.547
4ohk,5.974
4olh,7.2999
4qo4,6.5731
4wki,5.9195
4nuf,6.6215
2mlm,7.5102
3wk6,2.9951
4mk0,6.2302
4qlq,7.1729
4mxc,6.5201
4lte,6.7731
3wkb,5.4307
4nrm,2.0618
4wz8,6.2326
4wbo,5.1282
4p90,8.214
4py1,6.2832
4obq,6.7624
4q1s,8.6543
4bpi,5.8298
4fc0,7.7
4qgf,5.2266
3whw,5.3465
4lwv,8.062
4u0i,6.4826
4pce,6.0401
4c1g,6.7789
3wk4,6.5367
4l7c,6.7326
4pci,4.5191
4p6g,7.5209
4puz,6.5818
4no8,7.5471
3wk9,4.8944
4ok3,5.0632
4jlj,6.8338
4wk7,6.2701
4r5n,6.7369
4rj6,6.9911
4ia0,5.2252
4obo,6.4999
4no6,7.0143
4uyd,4.4573
4lxb,7.0129
4ona,6.6244
4op3,7.5251
4uwf,6.9362
4uwg,5.8444
4qlu,6.3248
4twd,5.6117
4cfx,5.2197
4c1h,6.7789
4p75,5.7245
3wf5,7.59
4p72,5.1775
4u6y,6.3425
4v25,6.3667
4oc6,7.7862
4nwm,6.4379
4oq3,6.3003
4p10,5.5315
4u44,7.9867
4ogv,5.6827
4n00,6.9951
4rlk,4.5081
4rll,4.5081
4l7r,6.2026
4bhi,2.6799
3ws9,5.5583
4tpt,6.9726
4rj3,7.7744
4mw9,4.4805
4uzh,7.0743
4pmt,6.545
4oth,5.9067
4urm,5.9558
4nb3,6.2164
4qyy,5.7674
4mo4,6.0561
4w97,5.2417
4ncm,8.2339
4cg8,5.6443
4po0,4.0327
4u0e,6.1444
4wm9,6.586
4u0s,4.431
4nzo,5.1594
4w9h,7.011
4oyk,5.8425
4o0a,5.1008
4usj,5.1568
4txc,5.6646
4q3s,5.7009
4qnb,6.1444
4w9k,4.7296
4uu8,6.8622
4qab,6.7267
4v05,7.9028
4m13,7.3397
4m14,7.2536
4tzm,5.332
4mg8,5.9054
4pvv,6.3366
4q0a,5.6429
4q3t,7.2864
4psx,5.0299
4m0y,7.4389
4q3u,5.6782
4qaa,5.9188
4d3h,5.008
4c1w,4.3104
4tzn,5.3499
4tzq,5.332
4qnu,4.777
4mg7,6.7476
4nbl,5.0734
3wha,7.1964
4mgc,4.8899
4qac,7.2837
4cga,5.2651
4o3u,7.1539
4p00,6.598
4p02,6.598
4lj5,6.0504
4n84,7.5022
4n7u,5.1597
2mkr,6.7724
4q3r,5.5364
4r4i,5.5977
4n7y,6.3366
4r4t,5.8576
4w9j,6.1597
4np3,6.2932
4oag,4.431
4pow,6.7522
4cg9,5.9894
4q6e,5.9675
3w9r,7.2847
4pfu,3.3526
4ktu,6.7012
4kxl,4.2702
4msl,6.5546
4utr,6.8677
4utn,6.9464
4m7j,4.0839
2mg5,5.9144
4uu7,6.8639
4oo9,4.8278
4pxf,7.4025
4kxn,4.8794
4ocp,6.1022
4pd8,4.7067
4qxr,5.2486
2mwp,6.2054
4m12,7.5848
4qfs,7.1198
2mow,5.0772
4l3o,6.2537
4p3h,5.4558
4w9i,6.5134
4qh7,6.1087
4mrg,6.9743
4cki,3.9598
4csd,5.822
4onf,5.2243
4rdn,5.4898
4u0f,4.8021
4cfl,5.5997
4mga,5.7314
4ouj,3.0808
4psh,5.9312
2mpm,5.5821
4q3q,6.1883
4tkn,5.0663
4wk1,5.008
4qdk,5.3448
4rww,5.008
4oys,7.4575
4u0u,4.431
4jmg,5.5266
4lj8,6.0504
4r4o,5.8576
4rqk,5.5309
4oee,7.165
4mn3,6.2406
4lbo,6.186
4q9o,5.3894
4ndu,3.3814
4d1d,5.8108
4o2a,6.364
4qq4,6.013
4qxq,5.2486
4tv3,7.084
3wp0,5.3532
4w9d,5.8743
4qc1,5.2986
4tsx,6.6149
4c3k,5.3982
4ozl,4.6602
4ibc,4.2088
4ibg,4.7597
4nj9,5.3515
4qsu,6.2039
4qsv,4.2064
4o2c,6.3774
4poh,7.7684
4oi6,2.0618
4c16,4.629
4nmv,6.0403
4mrf,7.3095
4nms,6.0415
4p4s,6.0173
4qht,4.399
4rpn,7.8729
4ce3,4.2278
4q4s,4.7015
4wk2,5.1096
4kva,5.1266
4k10,6.7668
4r7m,5.6905
4lbl,6.186
4phu,5.7774
4mrh,3.9485
4qh8,5.3396
4u4s,4.7869
4pd7,6.4941
4pz5,5.9386
4n9c,4.3243
4q0k,5.797
4nl1,2.7228
4prb,7.1676
4wvl,4.9208
4k43,6.4834
4rvr,6.5993
4nbk,4.9766
4pd5,5.1883
4m8e,7.6662
4l9i,5.5565
4pnu,5.3118
4pgh,4.9204
4wj7,5.5191
3wp1,6.4432
4nmt,5.9679
4ckj,3.9598
4m5j,5.6848
4kif,4.4089
4uof,5.0766
4nmo,6.5296
4w50,6.6981
4qtn,4.9878
4ce2,4.2909
4pul,4.7015
4kv9,5.3012
4pg3,6.0631
4qlv,5.501
4ovh,6.7491
4o4y,4.5726
4k7i,4.2297
4mmm,5.0997
4pb1,6.2617
4ci3,5.7597
4pp3,7.7586
4uxq,6.4826
4q4q,4.1344
4ogj,7.0187
4qem,4.5822
4lzs,5.8022
4pb2,3.9601
4lov,4.6287
4oef,7.1517
4k8o,6.4288
4muv,5.857
4tu4,6.6763
4ci2,5.2523
4j09,6.6038
4uoh,4.431
4m5l,6.0534
4pre,6.5941
4cy1,6.0833
4mp7,7.4164
4pum,4.7015
4qsx,4.2032
4pp5,7.2026
4m5m,5.205
4cu1,6.0135
4mmp,3.2748
4tk1,5.3712
4tk2,5.6514
4d1a,4.81
4usw,5.4784
4pzv,5.5583
4mg9,4.7596
4ncn,5.1266
4u7t,5.493
4jmh,6.1242
4c52,6.4084
4n7g,5.6048
4prn,7.1676
4pr5,6.2514
4pra,6.5941
4prp,6.5941
3wig,6.3647
3zev,4.9315
4pft,5.1629
4mg6,4.4443
4nrl,4.7488
4my6,7.298
4q6f,5.2025
4up5,3.883
4qf7,7.3994
4kxm,3.9968
4o3f,5.7837
4uwl,7.5911
4ll3,7.7962
4qij,5.1872
4r4c,5.3017
4mgd,5.3447
4tpw,6.4786
4mue,5.7979
4tte,6.3277
2mwo,5.9432
4lzr,6.3397
4oru,3.2914
4ibd,5.0878
4cig,6.5273
4lnp,5.0082
4v27,5.5338
4qsw,5.4143
4w9c,6.1934
4rpo,7.5297
4oeu,5.5538
4ofl,5.4746
4qev,7.3309
4tt2,4.7697
4lyw,5.8277
4mpn,5.5142
4myh,5.017
4psb,5.797
4ocq,4.1272
4oz1,4.9219
4ln2,5.4158
4ci1,5.5413
4nrk,3.5649
4prd,6.2514
4prh,6.2514
4qk4,4.6724
4c1y,5.822
4cjq,4.8026
4m8h,7.6662
4uyf,7.1316
4uyg,7.1316
4qbm,4.6196
4ck3,6.5533
4cu7,6.1934
4ibb,4.8173
4lbu,5.1649
4nym,4.752
4nvp,4.7472
4pmm,6.3455
4k42,7.4795
4og3,6.1183
4leq,6.6873
4uac,4.9346
4myd,4.0086
4orx,3.2914
4ory,3.2914
4nmr,5.2571
4qer,4.2535
4ruu,6.8932
4m5h,5.9169
4d1c,4.6748
4pio,5.5538
4qqi,6.1568
4qxo,5.2486
4nni,5.1441
4w9f,5.9019
4tq3,5.5241
4n7h,6.6063
4pf5,4.7232
4qfg,5.1508
4n6g,6.2998
4mgb,7.0165
4tmp,5.4905
4tun,5.2287
4w4z,6.7068
4trc,5.0166
4qf8,6.5249
4nmq,5.8136
4nyj,4.9883
4w9w,8.2988
4k7n,4.9707
4oks,4.4641
4q4o,5.7234
4mq6,5.5694
4jzb,6.7862
4puj,5.8935
4g2r,7.0985
4tz2,5.437
4mp2,7.451
4or0,4.0327
4ibf,4.1899
4q4r,8.3183
4d1b,4.3554
4pd6,5.4972
4ogi,8.5152
4qgd,5.6645
4usi,4.4368
4wt2,6.4752
4cc5,5.1463
4p5z,5.4805
4w9x,6.5647
3wgg,4.1638
4pp0,6.6306
4je7,6.8635
4qpl,4.8646
4o6w,5.3076
4c5d,7.3087
4nyt,4.6805
4mg5,4.77
4us3,4.8206
4us4,4.8206
4mdr,6.7488
4q4p,5.2606
2mov,4.028
4rrv,5.1206
4p4t,6.5186
4ce1,4.2909
4mpe,5.7519
4mrd,5.1296
4q6d,4.1575
4r91,5.9272
4cj4,6.0971
4o36,7.0576
4o3t,6.623
4mnp,3.2748
4mzf,5.7396
4muf,6.2524
4lys,6.7606
4ibj,5.5305
4pd9,4.6298
4cjp,6.2835
4d1j,5.881
4c9x,6.5376
4u43,4.4732
4ny3,4.6127
4nyf,6.9592
4u0c,5.2614
4u0d,5.2614
4m3p,5.0926
4ozj,5.3982
4ozn,5.1282
4pin,5.5538
4pov,5.7051
4n9b,4.4564
4r6w,5.168
4r6x,5.168
4w9g,6.2501
4np2,7.0111
4non,5.5074
4utx,6.9467
4uua,6.9056
3wqw,4.2243
4m5k,5.9311
4ibk,4.1466
4tz8,4.9335
4k7o,6.2561
4o61,2.0618
4u0b,6.0484
4u0a,5.5283
4puk,4.7015
4r1e,5.3368
4clp,6.3402
4lpg,6.27
4ua8,4.4
4wiv,5.8164
4nnr,7.6859
2mji,4.644
3wqm,6.0113
4w5j,5.5701
4u0x,6.4859
4led,3.4353
4r5g,4.7913
3wqv,4.2243
4mre,3.9248
2mnz,5.493
4m0z,7.4028
4qok,5.3368
4ono,5.4166
4m5i,6.1423
4kp4,4.379
4nja,5.3515
4tyl,4.5389
4je8,5.7009
4mul,5.6504
4pda,5.2736
4umn,7.7172
4ca4,4.9532
4mzh,5.4242
4q9m,5.3894
4o9w,5.4948
4o37,6.2202
4w9e,5.8925
4buq,4.9532
4pop,5.7051
4qfr,7.2229
4m5n,4.2748
4v04,6.6122
4v01,6.4826
4pms,5.7579
4wht,7.518
4why,7.0588
4ibe,5.5428
4mpc,7.3024
4k6u,3.8275
4ibi,4.6632
4d1y,6.4964
4whs,3.8811
4whq,3.8811
4whr,3.8811
4k6t,3.8269
4c9w,7.2099
4cjr,5.529
4wf2,6.0267
4utv,6.9424
4r4q,4.7006
4ock,3.7478
4ocv,3.7478
4od7,7.055
4um9,5.2984
4j7i,6.0527
4qkd,4.8628
4qjr,4.6664
4mji,6.3548
4nyi,5.1845
4qew,6.4271
4csy,4.9502
4qzs,6.5976
4cs9,4.0962
4poj,7.4639
4wke,5.7933
4rn6,4.1235
4qsk,4.9234
4qsh,5.8964
4tk3,4.5863
4tk4,4.5863
4oeg,7.1837
4jaz,4.2535
4lph,7.6218
4w9l,6.5529
4uye,6.0601
4m5g,5.8436
4u4x,5.7461
4o62,5.6411
4lnw,5.7774
4nmp,5.6491
4pri,6.2514
4ql1,8.5185
4og4,6.1183
4wym,4.6848
4tsz,5.8075
4wmc,5.7258
4oct,4.8628
4pnw,5.3118
4rqv,5.6504
4l2l,5.2046
4cwr,6.3224
4cws,5.1093
4lv2,6.7894
4qbb,6.6746
4r6t,6.0154
4ngm,4.7569
4jyt,6.1364
4jzi,6.9142
4len,5.6298
4lv1,3.996
4m8x,7.6033
4kz4,4.4609
4cwq,4.3437
4tyo,5.9937
4m8y,7.6033
4mhz,4.1726
4nue,6.2027
4qy3,4.1842
4wkv,5.8786
4cwp,3.639
4cwt,5.6555
4ppb,7.2235
4na7,7.006
4os2,6.7009
3zj6,6.9301
4jit,5.4496
4lsj,5.6248
4cd6,6.1748
4mc6,7.3716
4kza,5.7059
4cd0,7.645
4jz1,7.0495
3wmc,7.1277
4mhy,4.1726
4mc9,7.8913
4os6,6.7009
4ty7,7.6778
4lhm,4.5321
4j3u,5.0454
4wkt,5.5789
4qge,7.0799
4ob2,6.2159
4ob1,6.2159
4r8y,5.595
4mlx,4.608
4ocz,6.1278
4mse,6.7776
4o04,4.9845
4clj,8.2792
4n1z,7.0676
4p6w,6.1399
4pqn,6.4446
4r5v,7.7605
4o3b,5.0702
4cmo,8.299
4kz6,5.4654
4ppa,6.9048
4l19,5.9322
4r5t,7.6366
4od0,6.4061
4nuc,5.9673
4ppc,7.1747
4r3w,4.8601
4kwg,5.7871
4msc,4.7057
4lkt,7.4175
4cd8,5.4731
4kzb,3.243
4mlt,4.4724
4na8,5.0079
4oyt,5.0794
4p5d,4.3818
4kz8,3.8095
4mnw,6.8442
4nwc,5.767
4kz3,6.4992
4mbf,5.5178
4m6u,3.8856
4o2b,5.6334
4mny,7.1167
4mqp,3.4861
4oc4,5.936
4owm,4.367
4o9v,7.2514
4cft,5.4857
4civ,4.2764
4mnv,6.0462
4joj,5.8423
4qir,6.7075
4r59,5.0975
4cd1,5.9749
4lm3,4.4211
4qgi,7.0102
3zj8,6.482
4quo,7.4978
4os4,6.4776
4llx,6.3683
4n4s,7.0874
4k6y,5.9163
3wq5,4.0444
4kiu,3.8962
4ozo,3.9567
4mc1,7.8788
4o44,6.6221
4pcs,5.8835
4r76,5.4356
4r95,6.4556
4rak,7.2136
4ciw,4.0039
4ih3,5.3364
4keq,5.7345
4kwf,6.2935
4k78,6.0775
4omc,6.1407
4r93,7.3806
4rj4,7.3906
4w9p,7.0921
4llp,3.874
4uub,6.4663
4mnx,6.2248
4obv,4.208
4cpx,6.9525
4nga,6.7825
4rj8,7.221
4w9o,7.0921
4r5b,5.0958
4cae,4.9674
4cpq,4.1904
4jxs,4.3998
4jog,4.9953
4cd5,5.0659
4jxw,6.0347
4c2v,7.3766
4ps8,7.0885
4q1c,6.5389
4wku,5.8786
4jls,4.3124
4bf1,6.5307
4o3a,4.8184
4o3c,4.8184
4os1,6.4776
4tw8,6.6767
4cwn,6.1588
4tpk,5.7252
2yne,7.4321
4p5e,4.3818
4pqa,5.4626
4o0t,7.8082
4cpz,4.4686
4ovg,5.1664
4cpt,4.4958
4o09,4.0269
4q93,5.1574
4rj7,6.2606
4os5,6.4776
4g95,6.5928
4os7,6.8457
4oc1,5.9543
4p58,4.1051
4cd4,5.2501
4tw7,7.5056
3wq6,4.3046
4ciy,4.2054
4joe,5.2347
4ngr,4.3575
4cpu,6.0139
4wks,4.2517
4ps3,7.9833
4r5a,5.0958
4kz7,4.8514
4lv3,6.0007
4o0v,7.8082
4k1e,5.9856
4mvn,8.0114
4nwd,5.0228
4uma,7.4663
4mrz,4.7289
4qme,6.7284
4ty6,5.2726
4cpw,6.3129
4oc0,5.7221
4jxv,5.171
4cwf,5.2741
2ynd,7.0807
4cu8,5.881
4q2k,7.3123
4cix,4.2054
4owo,4.5887
4kwo,5.1649
4cpr,6.6537
4umc,3.4781
4o0r,7.7952
4nh9,7.8962
4mi9,3.3136
4o05,5.9142
4ou3,5.5334
4llj,5.8572
4n8q,3.8812
4p7s,5.1342
4p7m,4.779
4ps7,6.2019
4r92,7.404
4nh8,7.8962
4o97,6.8153
4cnh,5.5422
3wmb,7.004
4v24,6.0595
4bf6,6.9803
4k76,6.31
4pee,6.4708
4mic,3.9748
4ms0,5.5769
4na9,5.805
4o07,4.6988
4ntj,7.3024
4pp9,6.0122
4joh,4.9071
4lkq,5.9682
4owv,4.1717
4mi6,4.9907
4cpy,4.2045
4nh7,8.1306
4ual,7.2751
4ob0,3.427
4mhs,6.9373
4oc3,5.713
4oc2,5.7114
4cps,5.842
4r5x,7.852
4u8w,8.177
4msa,4.988
4mrw,3.7854
4kij,5.4003
4nq6,6.278
4itp,6.2084
4k75,5.7651
4lm0,3.9901
4oak,4.626
4lm1,4.9108
4o0b,4.7831
4cwo,5.994
4m0r,4.8252
4mc2,7.8788
4q1e,6.8376
4o0y,7.4759
4own,3.1836
4tw6,7.7238
4rj5,7.3141
4o0x,8.2236
4jof,5.6502
4oma,5.7173
4kup,4.7842
4kiw,4.719
4cp7,5.8877
4pct,4.1182
4prj,8.6014
4q18,6.9553
4ovf,4.2695
4mi3,4.1334
4bzs,5.5247
4caf,7.6243
4ng9,6.8472
4loy,6.8722
4mho,7.8836
4q19,5.4837
4cq0,5.3771
4jok,5.1488
4oc5,5.9579
4qkx,6.7007
4qhp,7.637
4q1f,7.1041
4lm4,4.9496
4p6x,6.4094
4lm2,3.3803
4msn,5.904
4omd,6.1551
4llk,6.6197
4umb,3.4781
4o4g,5.9314
4wx4,7.5647
5ew3,5.158
5bvw,6.1465
5bvn,7.2708
4uib,5.4939
4ys7,6.7455
5bpa,5.4088
4unr,6.3507
4zg7,5.3194
4u01,7.3863
3wv1,5.1033
5ak2,5.5193
4qmn,7.8892
4yne,5.9285
5am1,7.1773
5bue,5.8098
4xv1,7.4898
4qmy,8.0771
5a3t,5.8696
5cs2,7.0919
5d9k,6.9578
4xv2,6.1986
5am3,5.9028
5buj,6.2268
5bvo,7.9385
4otf,7.6884
4yl0,6.36
4ylj,3.8813
5alz,6.5632
4yl3,7.4743
4ryg,7.4306
4zyi,7.1568
4yqh,6.1719
5bve,8.0746
4qmt,7.277
5ajx,6.5908
4wt6,7.8688
4xv3,5.2122
5d7r,6.9423
4qmp,7.1917
4x9v,6.4477
4x9r,6.4477
4z1q,7.6405
5ake,6.9823
5cte,5.681
4wsy,6.5239
4qmo,7.3703
5als,7.5029
4pry,7.1686
5ak0,5.7014
5alu,8.3783
5e1e,8.7362
4qmv,6.9415
4yk5,7.4297
5d9l,6.4627
4zg9,6.8177
5d11,7.0274
4zjr,6.3849
4d2s,7.4683
4zga,6.4802
5aae,7.5295
4z2i,5.2322
5aaf,7.4799
4qpa,7.1464
5alg,7.0277
5d12,5.6619
5aag,7.3512
4q4i,5.9689
4rz1,8.1018
4wx7,7.0966
5apj,6.5758
4yv2,6.9748
4zpg,7.1319
4ybs,5.0979
4zur,4.9524
5aep,6.7426
4y6p,5.1245
4nxo,6.9768
4qr5,5.5183
5aen,5.1854
5aph,6.4925
5ct7,7.2704
4qp9,7.0771
5d10,7.4851
4yps,6.3548
5djv,4.7017
4y6m,7.7502
5axq,7.1567
4wag,5.7093
4qmw,7.1986
5ak5,4.6856
5bui,5.91
5ai5,6.9859
5ajw,6.8784
4wq3,4.6097
4qw4,7.3048
5am4,4.8905
4y67,6.1905
4qoc,5.7578
4yll,5.7371
4zuq,4.9524
4x9w,5.5537
4ybm,5.8041
5d7c,5.4791
5a83,5.8979
5bvd,8.048
4qo9,7.8912
4xt9,6.5871
5c83,8.5365
4zup,4.9409
5c26,7.1391
5aly,7.2489
4ylk,5.7313
4zpf,6.5356
5bvf,7.3085
4q4e,8.0146
4uia,5.947
4xv9,7.81
4uco,6.9637
4ybt,7.1913
4ymj,5.9442
5alf,7.3494
5aad,6.2626
4yl1,6.5755
4z2g,5.7371
5awj,5.9463
4qmz,6.9627
4zjw,7.4491
4qw3,5.7885
5ai9,6.1417
4unq,6.6481
5alk,5.2686
5akh,5.9737
4qr4,6.3115
4wpf,8.0102
5aln,6.0299
4qmq,6.644
4py2,6.452
4zum,5.6891
4qp8,5.9071
5alm,6.9506
4qvl,5.7885
4uit,6.0429
4uns,7.0232
4qps,5.086
4qws,7.3048
4yoi,7.98
4x2i,4.7583
3wyj,6.826
4wz4,6.2372
4z2j,5.7564
4wnk,6.692
4zyc,3.2504
4zuo,6.4564
4wtu,7.0556
4y73,9.0418
4yoj,7.754
4unn,6.8838
4wzv,6.6087
5fdg,6.3486
4qvm,5.7885
4qw5,7.3048
4zpe,6.0968
5ctc,5.4242
4qmm,7.965
4zg6,4.7802
4qt2,8.4207
5ajy,6.4689
4ufz,6.5543
5ey8,6.0241
4wrs,6.6089
4xbd,5.7781
4yv9,7.3023
4y2x,5.602
4qw7,7.3048
4qwx,7.2274
4qwk,7.3048
5a0c,5.9343
4wvs,6.1205
4qzx,7.2274
5ajv,5.6144
4wf6,7.1175
4wq2,4.5948
5c84,8.5701
4qwl,7.3048
4zro,4.8551
5alo,7.9717
5aki,5.9634
4qw1,5.7885
4z1s,7.6405
4ql8,7.2003
4rcd,7.2534
4udb,6.4094
4xg9,5.1034
4wp7,5.5443
4yrs,6.7803
4qvp,5.7885
4ya8,7.7297
5axp,6.7985
5f5i,6.151
4xkx,7.3499
4qwg,7.3048
4wy6,4.1354
4xub,7.8048
5ald,4.8436
4rvm,5.8017
5ale,6.07
5bpe,5.809
4qwr,7.3048
4ptc,7.9457
5cf8,5.2532
4qxs,7.9643
4uxh,6.8045
5d1u,7.8301
4qxj,7.2274
5a5r,5.8613
5a5s,5.9361
4ztl,6.3589
5afx,7.0676
5am0,6.8623
4qw6,7.3048
3wzu,6.4475
4qmu,7.0744
4qr3,6.05
4x47,4.2054
4z2l,5.7307
4xs2,6.6434
5a3w,5.0096
4yax,6.9323
4yrt,6.9006
4z2k,5.7564
4qwj,7.3048
4py4,5.8949
4z9l,5.4182
5auy,5.3046
4rss,5.5231
5d1t,8.5054
4yuw,3.6749
5am5,5.9289
4zsp,7.4614
4rxa,5.5961
4yog,7.5558
4wvu,6.2107
4xg8,5.0997
5c4u,5.5709
5c42,6.0624
4u82,6.304
4rvt,5.6686
5c7e,4.735
5ap5,6.8093
5ap1,9.7219
4uxb,5.6139
4rs0,4.8478
4zlz,4.6135
5a5p,6.7795
4w4x,5.6053
4u2y,5.1162
5c7f,5.8706
4twy,6.8807
4ykn,5.4944
4xsx,5.0904
4zh2,5.0904
5aux,5.175
4xuc,4.144
5c3k,6.0683
4wyo,5.7471
4y62,5.1536
4w4v,7.0444
4uvx,5.3996
4y46,7.2512
4y8c,6.221
4qmx,5.8716
5al3,6.3218
4re9,6.7191
4tvj,5.3832
4uiu,6.2211
4uvu,6.3798
5c0k,3.9712
5ci7,6.6361
5ai8,3.6627
4yjn,7.5494
4zlo,7.9883
5alt,6.3098
5ap6,6.9179
4rvk,4.2713
5djr,3.9081
4ucv,3.9819
5afk,5.9464
4rx9,6.9535
4y85,7.3159
4yp8,9.0806
4p4b,5.235
4x7q,7.553
4yzn,7.3462
5cqj,4.7839
4uiv,5.9886
4rn2,6.8679
5aku,7.5561
4y2t,6.0109
4y5h,7.4773
4zsa,6.6327
5bq0,4.8943
5c6v,5.7337
4r6e,7.0005
4wno,7.6349
5aib,6.5046
5dda,7.0272
4p4f,7.2617
4p44,5.8587
4p45,5.6614
5cy3,6.5386
4xg3,7.1751
4uuh,5.649
4y83,8.5838
5abw,6.1341
5ccl,5.2499
5cwa,4.8742
4p4d,4.008
4p4e,3.5774
4yux,4.6943
4x6y,8.4343
4uiz,7.3565
4uvw,5.2142
4uw1,6.8192
4xe0,4.607
4ztn,7.1313
5a3n,6.0307
5c7b,3.5141
4xyf,7.9553
4qwf,7.3048
4wyy,5.5302
4x8g,6.1819
5ajz,5.2234
4zsq,6.7511
4qz7,7.3833
4yo6,8.9601
4x6x,3.3812
4zim,5.1436
4uiy,7.5278
5a82,5.4694
5cf5,5.3545
4xsz,7.0006
4yad,6.7819
5boy,5.8611
5d6p,6.7012
5dj5,6.9567
5all,4.4458
4xh6,5.7924
5alj,5.1753
4umj,5.8979
5eds,7.1482
4ynd,7.0276
4qz6,7.2274
4yay,7.0715
5ar4,7.2053
5ai0,5.4557
4ttv,6.7811
4v1f,6.2977
4yz9,5.6683
5a0a,5.7662
4xum,3.7035
4xg4,7.1049
5c4t,7.0371
4z90,3.6405
4wpn,3.8816
4z7h,6.6857
5auu,5.6382
4y2p,6.3173
4x69,6.3686
4rxe,4.5564
4pv7,4.0205
4rsc,5.8834
5ctb,6.2252
4qna,5.2585
5a1f,3.6362
4wy3,6.0696
4ybi,8.0468
4rn0,7.3849
4ztm,6.5386
4uda,6.1858
5ddd,7.5248
4xm7,8.5059
5ab0,6.8653
4xua,6.2822
4zun,6.4558
4x68,7.8431
5av0,5.7942
4x49,4.2045
4uuq,6.7572
4x7o,6.6049
4xmo,6.8788
4qz3,7.2274
4qwu,5.7885
4ura,4.7952
4wz5,6.2512
4zs2,8.9617
5alx,7.18
3wyy,7.5794
3wqh,8.4503
5ap2,6.9179
4d2r,7.4683
4tmf,4.7534
4y6r,5.2436
4qz0,7.2274
5a09,5.4559
4zly,5.1093
4qz1,7.4953
4zk5,5.914
4xta,6.562
5c4s,5.7683
4uxj,4.9686
4rxd,6.3395
5al4,7.8603
4xyc,6.6729
5auv,5.6832
4xg7,5.9075
5ar7,6.8778
5ak6,5.5233
4uvv,6.2466
5ai4,5.4114
4w4w,5.3264
5akg,4.0335
4w4y,5.4981
5afn,3.1387
5ap4,9.7219
4p4i,6.2452
4rx8,7.8376
4zsr,6.117
5al2,6.775
4x2l,5.415
4rse,5.0512
5afl,5.8708
5bot,4.2835
4rpv,6.6615
4rx5,7.1824
4yzc,7.307
4zom,7.9917
4yvz,3.9506
4qvw,5.7885
3wyx,9.7219
4qwi,7.3048
4y2b,6.164
5dls,8.3473
4yhf,7.5107
5es1,8.4448
4wvt,6.4661
4x6k,5.9236
5a3u,4.0317
4xjr,6.2732
5ai6,3.6569
4r1y,6.66
5cf4,5.9212
4zh3,5.6456
4rvl,6.0109
5akw,5.6472
4x7j,8.2434
4x7h,8.9132
5afj,5.3892
5alv,4.9176
4ucu,5.1128
5clm,6.6566
3wpn,8.6864
4yuy,4.1618
4v0i,6.8866
4tn4,7.6124
5d1j,6.5275
5aic,3.6627
4zla,7.8246
5c7a,6.3793
4x7k,8.0721
4z3v,4.955
5ccm,6.5766
5a85,5.4213
4wy1,6.2515
4yzm,7.015
4qz5,7.2274
5akz,6.1016
4uvy,7.0997
5ap0,8.0103
5c7c,7.0022
5d6q,7.5843
4ptg,7.4191
5ahj,4.7071
4qp7,7.7973
4uix,7.5117
4yfi,4.784
5ar5,7.0912
4uiw,6.2838
5ap7,8.0311
4xxs,7.9829
4y2s,6.7537
5a6n,5.0042
4yv0,3.8427
5al1,5.8161
5cxz,7.6127
4y29,5.0687
4s3f,5.5615
4y2u,6.2975
3wzk,7.5038
4y87,6.221
5ak4,4.8655
4rx7,6.9881
4xhk,7.553
5a0b,8.1253
5cxh,6.627
4qz2,7.2274
5c4o,6.544
5aia,4.6147
4qvq,5.7885
4zs3,8.9716
3wzj,7.6121
4xct,3.9962
5diq,5.3277
4tmr,7.6997
4zh4,6.7174
4ucs,8.2439
5fdd,5.998
4tww,6.2637
5dde,6.7263
5ddf,7.4945
4x7n,6.9864
4qvv,5.7885
5alw,5.5523
4qzw,7.0122
4qw0,5.7885
5djp,4.7343
4rlp,7.5949
4qms,8.3004
4z7i,7.272
5c7d,7.4749
4qvn,5.7885
5ar8,7.3176
4p4j,6.2452
5afm,7.136
5al5,7.8694
4xjt,4.5837
4trw,6.211
4r5w,7.3611
4pte,7.8669
4uct,5.4188
4xjs,7.0616
4s3e,5.5872
5dd9,7.0812
4qt1,7.4268
4qvy,5.7885
4x3u,5.3965
5cf6,5.0165
4z2h,5.2292
5ak3,3.5761
4yab,6.2018
5auw,5.1715
4y2j,3.9638
4ryc,6.4657
5ddb,6.9881
4yv1,5.6277
4xdo,4.5506
5a5z,4.4108
4wnp,7.3388
4xy2,7.491
4yuz,7.828
4y6s,6.5378
4yat,5.7776
4trz,5.9453
4w4s,6.3412
5am2,3.902
5d1s,7.3663
4xg6,5.4599
4yyl,3.958
4qz4,7.2274
4y32,5.4144
4xm6,8.5065
4y2v,5.0611
5ap3,8.0103
4xm8,8.5058
4ux4,7.1617
5auz,6.2454
5akk,3.7712
4x7l,6.1287
5ece,5.7448
4y2y,5.9114
4s2i,6.1022
4wr7,4.2738
4y8d,7.602
5bs4,7.7814
5aix,5.6515
4xtx,7.0498
4ww6,4.2738
4ww8,4.1259
5ah2,7.3437
4zzz,8.4248
3wtn,7.2155
3wtl,6.9685
5epl,7.1063
3wtm,6.9685
3wzn,10.9956
4odl,6.9228
3wto,7.2155
4zzx,8.4248
4x1s,6.615
4xtz,7.5363
4wup,4.7588
3wzp,11.2554
4yoz,6.7637
4odn,6.284
4wmu,5.9502
5agu,7.3437
4xrq,6.1444
4rd0,5.594
4x8n,6.23
4xii,6.0823
4zzd,6.0722
5e0a,4.5118
5c7n,6.5064
5cfa,6.1247
3wtk,6.5802
3wtj,6.5802
5agv,7.2648
4xu3,9.32
5cp9,3.8321
4xu1,6.6427
4yee,5.1141
4z68,4.4402
4rd3,5.594
4zhl,6.683
5ai1,5.7487
5c11,5.2677
4ymh,5.3448
4x1n,6.2676
5cvd,5.3651
4zeb,4.1119
5a2k,6.6156
4zvi,4.3564
4x1r,6.2704
5e0l,6.299
3wth,5.9504
4rd6,5.594
4zb6,4.8095
4xtv,6.8829
5ais,5.5674
4xu2,6.4873
3wzq,11.2554
4x13,4.4294
4xty,6.4644
5d9p,4.7579
5aiv,5.7114
4yv5,5.1356
4rt1,6.0446
4xu0,6.6982
4x34,5.9911
4tqn,5.14
5c13,4.7491
4x0z,4.3422
5agj,4.6881
4cwb,5.7141
3x00,9.932
4odm,4.3492
4xk9,8.2157
4xqu,3.7235
4xkb,4.5933
4tkj,6.3202
4xtw,6.4684
4zb8,4.8095
4wri,8.5706
4u5v,5.0635
4ris,6.3238
4txs,4.1871
4tjz,6.3202
4rr6,5.4688
4ra1,3.2573
4und,8.0992
4crj,5.6848
4d4d,5.3346
4rme,5.5557
4rxh,6.8716
3wti,6.6283
4x14,4.3422
5ct2,5.9455
4y5d,6.2208
5eq0,7.1063
5cyi,5.7524
4zei,6.5686
4xkc,6.5864
4u5u,5.099
4urx,6.3779
4cst,4.7543
4pxm,6.6418
4yc9,5.0169
4x3s,5.6009
4xyn,4.7064
4oex,5.6523
4yz5,3.969
5a2j,5.7654
5c0m,5.9099
4z46,4.92
4zec,4.5339
4ycv,6.0631
4urw,6.9497
4yw2,4.1582
4wph,5.7501
4ymq,6.04
4ysl,5.288
4urv,5.5541
5ea3,5.9329
4zdu,5.9441
5cbr,4.5661
4tkh,6.9078
5epk,7.1063
3wvm,6.3202
4czs,5.6699
4xqa,3.7507
4wv6,5.492
4x1f,8.5874
4rlt,5.4633
5boj,5.0305
4ucd,5.1593
4x0f,6.4022
4w53,5.1258
5aba,6.3699
4twt,6.307
4xxh,5.0519
5cst,3.9381
4yyn,5.3092
4zmf,3.4784
4rgd,2.0618
4pgd,4.6246
5ea7,6.852
5ajo,5.2298
5cyv,5.7118
5fjx,6.5657
4y2q,7.1319
4qtl,5.4006
4rh5,4.9237
5aom,6.427
5e1s,7.4874
4rlw,5.1547
4rra,3.8178
4y3b,5.398
4zl4,7.9201
4yw7,5.3324
4pgc,5.1169
4xya,5.0952
4wmx,4.9807
5efc,5.1266
5e1b,5.3552
5d1r,5.3412
5efa,6.7646
4ym2,3.3882
5acw,6.3315
4res,7.0803
4x5r,5.07
4w57,2.3298
4rlu,5.5198
5d7e,5.4055
4oew,5.6504
4rrg,3.8178
4odk,6.586
4qpd,4.9821
2ms4,5.4215
4xqb,3.7574
4wy7,5.3709
5ahu,7.0445
4q46,5.3012
4pg9,4.7936
4qjw,5.4006
4qxt,5.4703
4wop,5.104
4z8a,6.161
4cjn,5.3941
4x50,4.311
4w5a,6.1398
4x63,5.5783
4pvx,7.3253
4w52,3.07
4pge,6.8921
5csz,6.1891
5a3o,4.2861
4rxz,7.1393
5am6,6.44
5e1m,5.6429
5cin,5.3709
4nxq,6.243
4w55,2.2495
5alb,5.8365
4tyb,7.5922
4crl,5.5411
4pvy,6.5088
4u0w,3.3898
4x5q,3.3233
4tky,5.7808
4ycw,6.0631
4zek,5.7332
4xek,4.4898
4ydn,5.4312
4zyf,7.7074
5e8f,5.1013
4tkb,6.3202
4qjp,3.0383
4wz6,6.4288
4zzy,6.3055
5afv,4.9012
5a81,5.4545
5azg,4.3278
4z89,6.0311
4q0l,5.6615
4ymg,4.7366
5a5q,5.7607
5aoj,4.7872
5dhf,6.2215
4y4v,5.475
4q06,6.5669
5a46,6.4524
4x5z,8.4716
5dqe,5.6612
4y94,5.9204
4rrf,5.4688
4r73,3.556
5e4w,5.8014
5e73,6.2854
4yym,5.534
4qp1,5.8753
4uin,5.477
4xgz,4.762
4ynl,5.7
4x8o,5.5701
5dqf,4.9729
3x1k,4.379
4z2p,5.3598
5cs5,4.0644
4or4,6.3208
4ret,9.236
4xbo,5.282
4x3k,4.5687
5a7b,6.08
4yrd,5.1472
4x3t,5.9224
5btx,6.5482
4x2s,4.8184
4ywa,5.2173
5dms,6.1434
4z7f,7.0378
5cqu,7.1968
4rwj,7.9028
5bnj,7.9635
5e8r,6.9405
4zba,4.8095
4urz,8.0592
4u5n,5.4056
4uc5,4.5386
4x8p,5.9088
4ycu,6.0631
4qb3,7.8348
4rrq,5.4688
4x3e,6.0262
4xcb,4.6581
4css,4.0686
4d62,5.7102
4ofb,5.847
5e1o,5.602
5ey9,6.0241
4u5o,8.5619
5cbs,4.7922
4u5s,5.3711
2mps,6.674
5ct1,6.2166
4wey,7.3346
4zph,5.4342
4z2o,5.1575
3wut,5.8429
4v11,5.7216
4ym4,6.0007
4pgb,7.057
5c3p,5.3834
4zji,7.2339
4qp6,5.231
5dtj,6.0759
5eay,5.0283
5azf,6.1079
4rrr,3.8178
4x21,7.223
4y16,7.9839
4qn9,5.294
5ael,6.7404
5c5h,6.8071
4xy8,5.196
4wn5,6.1845
5ea6,5.9798
5e74,8.0618
4tya,4.1917
4cl6,6.2585
4u5l,7.0875
4z88,5.4195
5e1d,5.5319
5d21,6.1383
4xc2,5.3476
4yef,5.1686
4r07,5.2839
4or6,5.3012
4omk,6.8525
4qjo,3.0383
5aer,5.8456
5cil,5.3709
4zt8,4.9447
4xtt,5.008
4z93,4.6818
4wyp,3.4784
3wsy,6.0618
4wet,6.5874
4xmb,7.7518
4u7o,6.3892
4cp5,6.2218
4xy9,6.6822
4nxr,6.5271
5agi,4.6881
5ab9,5.26
5aol,4.1057
4qj0,3.7374
4ucc,5.8803
4u68,5.5562
4z6i,4.8961
5fjw,5.5139
4x1q,6.2714
5e0m,5.4287
4omj,6.9839
5a4c,6.0383
4x6s,6.6289
4y59,6.3295
4z7q,5.9872
4q08,6.5669
4qiy,3.7374
5a14,7.5878
4wyz,5.1536
4xhv,5.3323
4zme,3.9598
4qjx,5.4006
5cfb,7.0714
4qfo,6.9463
4ryl,5.9759
4r0a,4.5988
4r75,5.3946
4qfp,4.5956
4uil,5.477
4x3h,4.9287
5dif,5.9813
4unp,4.6767
4pyy,5.6615
5ajp,5.1812
5dah,5.1711
4uru,6.4271
4ury,7.9989
4x5p,4.8503
5acy,6.8663
4q09,5.6615
4qjm,3.0383
3wuv,6.4486
5aut,4.7376
5ahw,5.008
4zud,4.6699
4yy6,5.9482
4z6h,5.6048
4x1p,6.6634
5am7,6.44
4qy8,5.2386
4rwk,7.9028
4yyi,4.3346
4uce,4.9864
5bv3,5.2278
4w54,3.8624
5f2k,5.3448
4x11,3.8352
4pdk,6.1372
4qyo,5.0024
4r3s,6.0963
4xcu,6.4511
4xh2,4.1426
5cgj,6.6396
5cs3,3.5392
4qiz,3.7374
4q07,5.6615
3wuu,5.3513
5btr,4.8821
5alc,5.8365
4zed,4.4316
5d1w,6.3202
4qfl,4.3566
5ea4,6.4232
4ux9,5.1407
4xt2,5.4476
4pyx,6.5669
5dq8,5.5578
5c5t,5.553
4zow,4.5837
4qfn,5.5627
4d52,4.8782
4wf4,5.8404
4ymx,5.9312
4ycl,8.5675
4qip,6.451
4oiv,7.3656
4xx9,5.3954
4u54,6.3173
5ea5,7.2645
5a2i,6.2053
4ty9,5.0627
4x8t,4.0916
4wci,5.459
5cc2,4.5712
4yw6,6.1577
4wmy,3.5806
4xmr,4.0952
4r74,5.4059
4rwl,6.6109
4z7n,6.6254
4yp1,6.5482
4uu5,6.2511
4ty8,4.7481
4x5y,8.38
4rcg,6.3894
4y7r,5.2037
4zjj,7.572
4wmv,4.0599
5cso,4.2157
4qp2,5.5738
5aoi,6.1272
5acx,4.4006
5bry,7.9032
4crc,4.9834
4yth,7.4709
5dgu,7.4286
5em6,7.376
4ytf,7.4522
5dgw,7.7669
4zhm,6.7885
4ytc,5.6169
5em7,6.3242
4crb,6.3637
4yo8,8.7564
5dia,6.2513
4rac,5.715
5ceq,7.8375
4ynb,8.9869
4xuz,6.5627
4y8z,5.9873
4rab,6.0531
4x0u,5.9234
5bwc,6.3794
4cra,5.9666
4zbf,6.3119
4ran,5.4754
4crd,6.7015
4rad,5.7609
4yik,5.5758
5cep,7.5937
4zo5,7.4759
4yur,8.6698
4wkn,9.0055
4raq,5.7249
4oel,5.3367
4o2p,7.5625
4zip,8.4412
4wkc,9.0556
5em5,6.8624
5cjf,5.3355
4wkp,9.0876
4pv5,5.3426
4qhc,5.2666
5dhj,5.7868
4zbi,6.0195
4wko,9.0619
4xj0,8.1361
4r0i,4.5116
4qll,3.0808
4z0k,7.2856
4q99,4.6091
4ty1,7.3641
4r3b,5.0279
4qlk,3.0808
4wr8,6.5431
4crf,6.1789
4q1a,6.3904
5cgc,7.8444
5cgd,8.0506
5brn,5.27
4ymb,3.6549
4wrb,7.9232
5dhh,7.1423
4rhu,6.3655
4s1g,7.0005
5bsk,5.96
5dhg,6.7856
4y8y,7.3563
5aml,5.7143
5dit,7.6701
4zls,6.4629
5avi,7.0042
5em8,6.3242
4rhy,6.3057
5a69,7.174
3wz6,6.7052
4yvc,6.19
5cas,7.376
4x6n,7.2851
3wz8,6.9247
5cau,7.376
5e2p,6.3637
4rhx,6.1551
4ykk,5.0742
4yhq,8.177
4yt7,6.3504
5abh,6.0891
3wz7,5.728
4q1b,7.2364
4x6o,6.0522
4re2,6.3776
4u2w,6.7067
4zz3,6.6639
4riv,6.0447
4yve,6.6156
4twp,7.3755
4p6c,3.9933
4r3c,7.2887
5fl4,6.5307
4xar,4.3412
4x6i,5.3934
5bml,7.3905
4zx0,5.6792
5a6k,5.3324
4rn4,5.6509
4xir,4.908
4y79,7.9601
4yt6,7.1999
4ruy,4.7477
5can,7.8331
4rux,4.7477
4x8v,6.6029
4ufk,4.7405
4re4,6.3364
4x8s,5.0219
4yti,6.6685
4zz1,7.5325
5cnj,4.5007
5dgz,7.9766
4q87,3.4442
5abf,6.0891
4z84,5.7677
5cnm,4.5007
4q1d,6.1335
4xnv,7.5063
4x24,9.0055
4x6j,6.005
5c1m,7.0497
4z2b,7.1285
4um1,6.2948
4x48,7.9085
5cbm,4.7856
4xnw,5.2525
4u7q,7.159
4ufm,5.207
4rao,5.5764
5c2e,5.9542
5dk4,4.0801
5e2o,5.2384
4q9y,4.3065
5c28,6.0103
4ufl,6.5017
4qd6,7.6903
4zqt,7.0472
5egm,6.1637
4re3,6.3776
5caq,7.7949
4wkb,9.0055
4wbg,5.8256
5amd,5.4399
5ek0,7.3469
5c8k,7.1088
4yih,5.5758
5cav,7.376
4ygf,5.9518
4ps1,5.1011
4yha,7.4866
4x6h,6.7335
4zy4,7.1702
5cal,7.1578
4ruz,4.2034
4q7w,3.6153
4q8y,4.7833
4xip,4.8901
5c91,4.663
4wef,5.3424
4xas,4.3181
4q7v,4.2517
4y63,5.1536
4zy5,7.5019
4q8x,2.9722
4nct,8.0759
5c8n,7.0508
5a0e,7.5566
4um3,5.7765
4zwy,5.9509
4zwz,4.5399
4zwx,6.9595
5edq,6.63
4q1w,7.7962
4u7v,7.1016
4x8u,5.2651
4zae,6.4447
4rsp,4.8551
4y8x,6.3515
4u6z,4.7418
5byi,4.7179
5edr,6.5966
4qf9,4.367
4ykj,5.9562
4wa9,7.3755
4ufh,6.3364
5cao,7.2047
4q7s,4.7787
4u3f,6.643
4ye3,7.9598
4yml,9.0055
4yx9,6.7944
4z1k,5.2982
5c2a,6.5079
4u1b,4.6736
4zxy,6.951
4z83,5.6461
5fl6,6.7858
4xx4,4.1186
5bms,7.4997
4q1y,7.7962
4q7p,4.0423
4y0a,3.5316
4oem,5.0645
4ryd,6.1403
4rfc,5.7316
4z1e,4.9511
4z1n,5.8925
4x6m,8.1738
4riu,5.5219
5cap,6.8373
4ufj,4.9466
4wcf,5.4368
4u69,4.7418
4xit,6.2024
4xx3,4.5621
5e13,4.0542
4x6p,7.8406
4zy6,7.4997
5bwb,5.9945
5amg,6.442
4u71,5.9785
5fl5,5.7731
4u73,5.1172
4z0q,6.5334
5a6a,5.7438
4u6w,4.6736
4ufi,4.7925
5c8m,7.0393
4q83,5.1834
4x3i,5.9669
5dwr,7.5251
4q90,3.659
4qrh,5.7936
4z1j,5.8925
5a6b,6.7136
4cr5,4.7018
4xaq,4.3412
4zx1,4.4898
4wov,7.8805
4yc0,5.5772
4xe1,4.5925
4y64,5.1536
4q1x,7.7962
5c2h,7.2219
4wxi,7.4186
4x3r,5.9039
5c1w,6.1536
4rfd,4.3563
4cr9,6.0321
5e2r,5.3355
4xiq,5.3928
5c29,6.0694
5abe,6.0891
4zxx,5.8815
4rkx,6.3468
4zz2,6.6665
4u70,4.9417
4yes,6.5319
4u6c,4.7343
4rfm,6.8262
4ps0,5.1011
4q81,5.0316
5abg,6.891
4yzu,6.1483
5jau,7.4896
5j8x,7.8968
5k0i,8.2035
5hln,6.998
5fqc,7.5746
5jyo,6.1803
5e91,7.8361
5jog,7.0749
5k0s,4.9907
5lgo,5.6173
5hmh,8.2259
5tkd,7.5619
5ei8,7.5381
5lck,8.025
5czb,5.7691
5fxs,7.8733
5iha,8.3797
5ftq,6.8373
5hex,5.6589
5ji6,8.2861
5g3n,4.216
5kjk,6.3662
5fwj,5.8696
5hkm,7.1522
5ihc,7.3116
5kit,5.8654
5tkb,8.233
5e90,7.8361
5fxq,5.9191
5hmi,7.4265
5iu2,8.3924
5jjr,6.3413
5fp0,7.2004
5kjn,5.0932
5eh0,7.378
5i2r,6.5073
5lh8,6.9836
5b0x,6.6478
5t68,6.8838
5fun,7.1458
4wnm,7.6503
5dri,4.8561
5ktx,6.3296
5i89,6.9861
5aeh,6.4624
5fxr,6.8641
5hls,6.5443
5ktw,6.0604
5j1v,3.9583
5byz,7.9768
5g3w,5.0036
5ei2,7.4404
5jjs,5.7545
5hmk,7.7449
5li3,5.9154
5hlp,5.7788
5eth,7.4116
5kre,6.4313
5jo0,6.8581
5k4l,7.0959
5hzn,7.8712
5kjm,7.1632
5jmp,6.8586
5k0j,5.1462
5dw1,5.8978
5eec,7.0613
5f3i,6.6237
5bns,6.9392
5byy,7.2349
5ei6,8.5174
5jyp,6.6593
5i8b,5.9335
5f3g,7.0351
5f2f,4.2225
5jbi,6.9269
5lz9,7.6381
5f3e,6.6237
5jic,5.0795
5ee8,7.0613
5he2,6.516
5hfu,5.6194
5g1c,5.9154
5eud,7.8813
5he0,5.8537
5jc1,6.6041
5kr8,6.1159
5dy5,6.6007
5jmw,6.0322
5a8y,6.813
5ecv,4.463
5eue,7.9881
5ih8,5.2465
5enh,5.0114
5j1w,5.5382
5hx8,5.6665
5kzi,6.7836
5ejv,6.8491
5lc0,6.1049
4yqu,5.7129
5cls,8.2709
5jat,5.9902
5jap,5.9102
5lcj,8.0754
5eob,4.5243
5m55,6.804
5lma,6.9896
5itd,5.9274
5enf,6.4325
5fbn,8.0693
5jnl,6.3532
5he3,6.7447
5he1,7.059
5jaz,6.1843
5hk9,6.8341
5lsy,6.15
5ke0,7.7749
5f2s,4.9263
5i5x,5.606
5fbo,7.3947
5kqf,8.0543
5fq9,8.0088
5toz,6.6506
5hka,7.5014
5c20,6.0099
5k4x,6.2974
5edi,7.2986
5eol,6.8397
5fcw,4.6473
5fqb,7.5746
5t4b,7.7375
5b5b,7.075
5k5e,6.6569
5dp8,6.3407
5hm0,6.3269
5b4k,7.8281
5f9e,5.2106
5elz,4.6624
4ztq,6.4104
5lss,5.55
5lyh,6.0704
5a4e,6.1017
5dgm,5.9371
5bnr,6.9853
5i86,6.1494
5jiy,5.247
5fpu,5.8936
4z22,5.6407
5koq,5.5641
5ene,5.0213
5dcz,5.4559
5eak,8.5207
5hmy,4.7069
5ih5,6.6518
5kqd,5.9896
5ktu,5.8412
5m53,6.3612
4wn0,4.742
4yht,6.9704
5b4l,7.6216
5lxp,6.3029
5enb,5.0409
5ism,6.1195
5a54,5.2214
5fah,8.0141
5ehy,6.3754
5dp9,5.9398
5k0f,5.7762
5ivt,7.1208
5a3x,6.4536
5lz8,7.8098
5bqi,7.1107
5i5z,6.8953
5f3c,7.0671
5j4y,5.6914
5k0b,5.8709
5drc,3.6357
5k09,4.3646
5ho8,6.4216
5joh,8.2187
5k0c,5.773
5t6g,5.7547
5e8z,7.8361
5c1y,7.093
5ax3,6.3183
5cuq,6.9568
5lsx,6.0286
5trj,4.3162
5a4t,5.159
5j4v,7.1725
5kos,6.7092
5lrk,7.4335
5lrg,6.9435
5jlz,5.794
5k0t,6.6895
5ha9,4.4671
5e0g,6.3777
5t6f,5.7857
5c1x,6.0243
5fgk,7.6702
5i7u,7.5285
5f37,4.5332
5jas,4.6736
4xuh,4.8721
5duf,6.3768
5ieg,5.6082
4yqv,5.2542
5lrj,7.3971
5dlv,5.9591
5lxc,6.3491
5kbq,7.9995
5jim,8.0205
5f2w,4.427
5jdc,4.9987
5jzn,8.2794
4ufu,7.1547
5ceh,7.2223
5dsx,6.738
5hx6,5.4749
5lj0,5.8885
5t4f,6.6467
5lj2,6.3833
5iee,5.207
5f32,5.9502
5j5t,8.0356
5i59,6.8652
5i58,6.8797
4q15,5.8384
5jgd,6.6017
5k05,4.4155
5sxn,6.4698
5sy2,5.4308
5ghv,6.7563
5dxg,6.0292
5i12,6.8843
5kkr,6.531
5axi,5.736
5hn7,6.042
5b1s,6.2739
5dv2,4.049
5db3,7.5578
5ewm,7.4652
5ehp,7.682
5m57,6.6356
5i40,4.8719
5ewj,6.7047
5kde,4.9882
4ui3,7.365
5dtq,5.2173
5emk,4.6988
5jgb,7.9798
5t1a,7.33
5tt7,6.7213
5ku3,7.6382
5dp6,5.7825
5ezz,8.6226
5khx,6.482
5fbe,7.2031
5lyy,6.9614
5bpp,5.2869
5lmb,6.7123
5dt2,7.0958
5j75,6.7221
5tjx,7.8697
5eko,7.1473
5acb,5.9252
5l72,6.907
5lg3,4.0662
5bnm,5.84
5kgw,7.8393
5fwa,4.5796
5fqt,5.3167
4ui5,7.6718
5jrq,7.4501
5kgx,7.8393
5hvy,6.1334
5bqg,6.6913
5h7h,6.0368
5jid,6.2848
5l4h,6.7053
5lwn,7.301
5ho7,6.6224
5ful,4.693
5dgj,6.3244
5dp5,5.5765
5a7c,5.3195
5emm,5.8776
5i0l,6.8843
5fum,6.6072
5kls,6.0895
5fqp,5.0514
5j3s,5.9395
5m51,6.5386
5eyd,7.1033
5adq,6.2013
5k5s,5.0808
5ans,6.9894
5jar,5.382
5ads,6.5467
5f1z,5.3074
5adt,7.4142
5f4n,6.254
5g3m,5.3772
5hbe,7.102
5hbj,7.393
5jga,6.5434
5bqs,5.9347
4zs0,4.9556
4zsj,5.9445
5adr,7.1909
5jin,4.4171
5e0h,6.5691
5icv,5.9212
5ih6,5.3394
5idn,7.4754
5hkb,5.6222
5eif,4.3023
5hzx,5.9394
5a4q,4.7708
5jr6,5.6512
5ho6,6.7784
5dry,7.8289
5lsc,4.906
5fus,5.787
5d7a,5.7448
5di1,7.5584
5f1l,6.4884
5j5d,4.241
5dpa,5.9428
5jq9,6.5854
5db1,7.0893
5hld,8.1341
5hl9,4.8304
4xwk,5.5183
4r5y,7.7574
5eml,4.4109
5hlw,7.2668
5l4e,4.9597
5cuh,7.7587
5kmh,6.1001
5f00,7.1907
4ui8,7.1361
4zts,6.2513
5db2,8.2046
5dyt,7.2494
5e7r,7.3014
5eym,7.5631
5ei4,5.9429
5gjf,5.908
5jsm,7.6059
5kbr,8.1026
5fqr,5.0514
4yh3,4.9763
4yh4,5.1197
5dp7,5.7823
5l8t,6.1637
5arg,6.9713
5a8z,5.9387
5izq,7.6191
5lxd,6.547
5k4i,6.5778
5to8,4.4346
5h8x,7.2901
5tr6,8.893
5lkr,5.7224
5iv4,4.7413
5f94,7.7102
5icp,7.4133
5anq,4.17
5a4l,5.3737
5lt6,5.838
4y5i,4.7777
5fdp,5.9363
5f20,6.973
5fi6,6.8103
5i94,6.8789
4yqm,7.1414
5ety,7.9438
5jt2,6.8724
5dv4,4.7366
5emj,6.2622
5tol,5.529
5f0h,7.0611
5lay,7.3345
5ifu,7.9833
5ehg,6.3131
5f02,8.2186
5kx7,6.4165
5i24,4.4359
5db0,8.1681
4xhl,4.5558
5dh3,7.3918
5kx8,9.3379
5jcj,5.4195
5sz9,5.4821
5dxe,6.4094
5dtr,7.4966
5f6u,5.0106
5eyc,6.7162
5eyk,7.6076
5j79,7.1809
5i83,6.295
5jdi,5.8663
5drt,6.4512
5amn,6.2024
4z16,6.58
5j47,5.7067
5f1u,4.2374
5iuh,6.6188
5fi7,6.8811
5i3m,6.1465
5l44,6.6897
5e8w,7.9548
5cuu,7.0098
4zcw,4.9004
5f01,8.0018
5t4e,7.1812
5d6f,8.2709
5sy3,5.7522
4ui7,6.9592
5ely,6.1626
5fqs,5.0273
4yxd,7.4677
5jnn,7.5315
5ehi,5.5009
4ui4,6.8104
5idp,6.0219
5k8v,4.5796
5fue,4.7808
5l99,5.8151
5i56,6.4963
5hbh,6.9618
5l98,5.3331
5jrs,6.4634
5laz,7.0466
5jiq,5.042
5lax,5.1344
5ief,5.5028
5cei,5.7431
5a7i,4.1964
5f6v,5.491
5kmf,5.696
5hn9,6.1302
5i23,7.1051
5i4o,5.1934
4uhg,7.584
5kdf,5.3557
5l6p,7.2369
5hna,6.0524
4ynk,8.2109
5j7b,7.5281
5jfr,5.2499
5kcv,5.5337
4wi1,6.2846
5ivs,6.3293
5e0j,6.4701
5trk,5.2937
5a7j,4.2074
5hg1,4.5118
5a8x,6.5117
5hm3,6.5663
5th7,6.5255
5fqv,5.3166
5gjg,6.0449
4za0,3.3653
5dp4,5.4059
5g11,6.8358
5i43,7.1023
5hoa,6.3392
5hor,6.7784
5j6d,7.1813
5l6o,6.7629
4z8d,5.8158
5kqg,4.8942
5kup,7.7849
5enm,5.8085
5fi2,7.1176
5i2z,6.4377
5k4j,7.3787
4ufy,6.7913
5i13,4.7857
5trh,4.9684
5dg6,6.9694
5ega,5.642
5i0b,6.3626
5tri,4.897
5da3,7.7323
5law,7.1522
5lav,6.3217
5lqq,5.6454
4ui6,7.659
5ezx,8.1426
5ax9,6.9686
5enk,5.7085
5jyy,4.2054
5f39,6.1949
5loh,7.9948
5k1i,6.4961
5t4h,6.8636
5ekx,4.2292
5g10,6.7387
5f95,8.1401
5fd2,5.0394
5ddc,7.4597
5hng,4.3714
5g2n,8.2011
5d29,6.1626
5hn8,5.8568
5hlb,6.5385
5eiw,3.0041
5k5n,6.7445
5anu,7.1694
5anv,6.7859
5fnu,6.4235
5ih9,7.4964
5izj,6.0696
5anw,7.1409
5fa7,6.9424
5fck,6.2977
5j5x,5.8335
4zam,5.0194
5fao,6.3918
5e89,4.773
5g1n,8.5998
5fap,6.1759
5f4l,5.1882
5i22,6.7816
5ive,7.8744
5a2s,4.6842
5el2,7.13
5e8a,4.5796
5fas,7.8157
5i8g,6.4534
5ags,4.2392
5l7k,5.0554
5ivj,7.011
5f4p,6.5708
5tbm,7.2083
5isl,7.0845
5izu,5.3632
5hvt,7.0439
5e88,5.2156
5h9p,4.773
5iw0,4.1958
5hvs,5.6772
5agt,4.6897
5ijp,5.502
5hva,5.3473
5f4r,6.3629
5f4u,5.6685
5lwe,6.129
5fat,7.5569
5cqt,5.2576
5dx4,5.7419
5teg,5.8856
2mwy,5.921
5ech,5.551
5eci,6.3002
5elv,6.4862
2rvn,5.1696
5khi,6.133
5js3,7.535
5izf,5.5216
5izk,6.3894
5cy9,6.4345
5ggn,4.3694
4y24,4.773
5jt9,7.4562
5i2e,6.9769
5l3j,5.1436
4znx,5.2166
5ejl,6.0524
5t1l,5.4731
5igq,4.8219
5j19,5.7355
5l4i,5.4148
5ijj,6.5566
5ggk,3.75
5e2n,5.6615
4rfr,2.9761
5etr,5.8957
5kau,5.4871
5aqt,6.2749
5j31,7.479
5jvi,7.5354
5cu4,6.6754
5i2f,5.2235
5etq,5.9169
5jss,7.535
5dbm,6.9535
5ivy,6.157
5aqv,5.0776
5jxn,7.5354
5eom,4.961
5khk,5.3194
2n8t,6.0398
5d0r,7.4668
5ant,5.991
5in9,5.4752
5duc,6.4616
5ivv,5.3643
5lz5,8.1181
5ewz,5.7435
5kbe,3.9288
5ekm,5.8164
5k8n,4.5299
5gmh,6.6891
5ix1,6.0649
5i3y,8.3543
2n9x,5.1428
5d25,6.3715
5t52,4.2622
4ybj,7.2916
5lz7,8.1181
5t1k,7.0165
5k6s,5.834
5swf,5.1514
5kbh,3.7906
5h7g,5.7981
5etv,5.9094
5lwd,7.5388
5ett,5.6601
5ggp,5.0434
4zfi,5.9775
5hff,6.7496
5htl,6.0524
5h5r,7.1748
5ee7,6.6819
5svx,5.872
5fnt,6.3745
5i3w,6.6746
2n0u,7.9361
5j18,4.9127
5ar0,5.1895
5f1c,5.1282
5svy,5.1487
5kax,5.6326
5kbg,4.1135
2n0w,7.2502
5etp,5.9094
5ftg,6.6011
5k4z,6.4334
5l0c,6.2694
5d26,6.0157
5e7n,4.9059
5eel,8.3632
5h9r,4.2225
5t54,4.1721
5d3l,5.8148
5aqq,5.803
5ggo,4.2057
5heb,5.3584
5egs,7.1961
5k7h,5.2018
5kcb,5.5055
5g2g,7.3158
5hip,4.1578
5aqu,6.4122
5k8o,4.6663
5ekh,5.184
4xo8,4.9532
5aei,5.7433
5drs,5.9034
4yjl,6.622
5hja,5.5364
5hv0,4.8628
5cp5,6.4606
5ets,5.6746
5lvl,6.5088
5kbf,5.008
5fb1,5.0102
5fh6,5.1476
5ivc,4.6063
5izm,5.4438
5svz,6.2559
5lwm,7.407
5lif,7.0321
5eh5,5.6694
5ipj,6.6644
5d3s,5.2319
5fsy,4.737
5fyq,6.3602
5l4f,6.487
5t5g,6.1883
5dw2,5.8978
5aqo,5.6006
5ivn,5.8567
5egu,6.1948
5eng,6.5188
5lso,6.9793
5tb6,5.6323
4z5w,6.0915
5ez0,5.9425
5iay,6.7876
5aip,3.0415
5eeq,9.303
5etk,5.5875
5il1,4.7366
5t1m,6.5686
5e2q,6.4253
5eta,5.3384
5ih2,5.8136
5aqn,4.4749
4z0f,7.1352
5fsn,5.3304
5izl,5.4706
5dlz,6.6479
5eis,6.1376
5fos,6.2832
5h5q,6.0665
5hf1,6.3244
5itf,8.6523
5fsx,5.5346
5ikb,4.0058
5j74,5.038
5du8,6.8155
5ekn,6.2357
5hfc,6.2771
4z07,5.9234
5ehw,5.46
5fpp,6.1878
5g4n,4.8954
5j3v,4.9486
5jek,4.7551
5c85,4.5499
4yx4,3.9826
5flq,4.6043
5eqy,7.8892
5t6j,5.4603
5fng,4.6871
5icx,5.7435
5fou,5.9877
5knj,7.6199
4zv2,5.1906
4zki,4.431
4yhz,5.4159
2n06,6.8814
4rqi,5.4698
5hbn,4.4679
5ii2,5.6382
5t1i,5.433
5flt,3.5813
5gjd,6.5041
5i1q,6.6259
5d3t,5.6643
5ezg,5.7452
5f1j,3.5384
5etu,6.9973
5eqe,4.955
5j0d,7.7294
5iyv,5.1616
5fh7,6.6708
5g4m,3.6355
5csd,6.8925
5fb7,6.8925
5l3a,5.7523
5f1h,7.3264
4yje,4.7227
2ncz,6.4758
5ie1,8.0553
5btv,5.6236
4yc8,5.2036
5ewk,6.5588
5f90,4.6198
5eu1,7.1164
5iy4,5.4058
5jeo,6.097
5exw,5.5422
5htc,6.837
5hyq,7.0713
5etx,7.8619
4yb7,5.1282
5fov,6.2278
2n3k,5.9754
4ybk,5.8492
5i29,6.2712
5d7x,5.0083
5ggl,4.3694
5a3r,3.6951
5esq,5.0709
5fbi,4.1546
5etf,5.3991
5aqf,5.2144
5i3v,6.7511
5jq7,7.1855
5ckr,5.3243
5lp6,5.9878
5lne,4.8054
5ggj,3.75
5fwr,4.311
5id0,9.4568
5fh8,7.3903
5htb,6.9269
5ewh,4.4163
4yhm,6.8984
5er4,5.8701
5klt,6.6526
5hbs,6.7565
5tca,7.3549
4yk0,6.4482
5fv7,6.4347
5khj,5.6606
5i8p,7.7261
5ia0,7.7836
4yho,6.8984
5k03,5.4507
4yb5,4.8128
2ndg,5.7533
5his,2.7521
5l9g,5.1906
5ia2,6.3836
5klr,5.7776
5hjq,5.7094
5aqr,5.7503
5ekj,5.8498
5f0f,6.2747
5f1r,5.2449
4yk6,5.6689
4ysi,5.489
5eld,6.2212
5aqp,5.1116
5a3s,6.8038
5hjb,5.2692
5tcc,6.8315
5ey0,5.6324
5epn,6.6938
5hgc,7.3414
5d6y,5.5913
5hey,6.752
5d0c,5.8642
2n1g,6.6642
5c4l,5.5973
5l0h,5.6244
5g46,5.2927
5a3q,3.6951
5eje,5.5701
5khd,6.598
5d1n,5.168
5em9,5.3539
5eto,5.6601
5i9y,6.1465
5svl,5.1282
5dus,5.1154
5sxm,6.2204
5khg,5.4593
5fe9,5.4716
5g43,4.7014
5dkn,8.0707
5a6x,4.1768
5fs5,4.9532
5ixq,5.8585
5lvn,4.7438
5tdw,5.872
5aqj,4.629
5l2w,6.9779
5f3t,4.063
5fog,5.009
5er5,5.5055
5fol,4.3867
4d7b,6.942
5eq1,4.4344
5awu,4.2264
5klp,5.9204
5kh7,5.3969
5aqk,6.5186
5ji8,3.789
5ko1,5.0148
5hog,6.0853
5etl,5.8372
5hu9,6.3227
5syn,7.6659
5ezh,6.2657
5fsl,4.543
5i88,7.0244
5lvr,5.0548
5d2a,6.8312
5i8c,5.4856
5ia5,7.0928
5ixt,5.8585
4xtm,4.2622
5hfb,5.5359
5c4k,4.8941
5iql,5.3955
5evz,5.3982
5csh,3.6098
2n7b,4.1214
5jr2,6.7071
4zs9,4.0155
5c2o,5.0086
2n27,4.7904
5dts,3.9823
5dva,3.83
5fpk,6.338
5b56,5.3905
5hes,6.9397
5etb,2.7464
5f3z,4.7537
5iop,9.4568
5tdr,5.0508
4yhp,5.3195
5dlx,7.7578
5elq,5.8897
5lz4,7.8235
4zgk,4.0705
5cks,6.0192
5avf,6.665
4ze6,4.8834
5svk,5.1282
5aqz,6.6013
5hrw,5.1082
5ii1,5.7001
4y4j,6.1915
5fb0,5.0513
5gu4,4.9766
5aqh,6.6405
5b4w,6.4831
5dtw,6.5268
5ave,4.7342
5e3a,5.6475
5tbn,5.168
5f2u,4.5783
5agr,5.0956
5etm,5.8957
5awt,4.2786
5eoc,6.2518
5i9x,8.2254
5th2,7.0274
5dtt,3.9963
5kew,4.7732
4yxi,4.0264
5ly3,6.0521
5aqg,7.4352
5l8n,5.0586
5eok,5.8747
5fnd,3.8413
5i25,5.41
5doh,5.8971
5gic,6.6683
5eh7,5.1385
5fni,5.1385
5a5v,7.6833
5gr9,5.9416
5a7y,5.7726
5jal,4.8392
5eb3,4.1801
5gow,6.3469
5fut,4.8584
5jox,4.7405
5d6j,5.1282
5hed,6.3037
5f2p,4.2928
5i38,5.3422
5g4o,7.4467
5h9q,4.773
5eps,4.5616
5epy,7.0907
5ihh,5.5672
5dx3,7.5494
4xoc,4.9532
5f08,4.3669
5ixf,5.9062
5tef,6.7322
5chk,4.1403
5kbi,4.5323
5dpw,5.8923
5eou,5.1282
5etn,5.6746
5elf,6.2755
4y3y,5.6754
5edl,5.3516
5l4m,4.7036
2n14,7.5374
5cqx,6.6911
5czm,7.3838
5ehe,5.4006
4yb6,4.8128
5ayy,4.886
5ks7,5.008
5h8b,6.1857
5d0j,5.9289
5l2i,8.4828
5d3c,7.3723
5igm,6.5064
5igk,6.952
5l8o,5.2747
4yyt,3.9719
5hfj,4.879
5igl,6.5064
5hyr,7.5494
5erg,4.9204
5d3x,6.8044
5mf6,6.9723
5hgq,6.0631
5hjc,5.8354
5iug,6.5171
5l3f,6.2294
5ia3,6.2699
5ek9,7.6123
4zcs,4.6963
5h8g,6.1867
5meh,5.881
5fe7,6.4256
5khh,6.1878
5i9i,7.4174
4y38,4.9378
5csw,6.1986
5ep7,4.4639
5eqp,6.1115
5fns,6.8163
5l9o,5.1906
5hrv,5.3217
5hrx,5.9359
5ect,5.3473
5hwu,5.3473
5faq,7.2205
5kxc,4.7641
5gs9,6.3954
5iq6,7.3492
5du4,6.46
4zv1,5.9312
5d3j,5.7944
5edd,5.3473
5hjd,5.253
5d24,5.6826
5ema,4.6933
5icz,9.4506
5ejw,6.0439
5g45,4.8183
5dtk,4.8739
5ewy,4.9958
5duw,4.4065
4r06,7.2233
5fnj,3.3089
5i7y,6.345
5ia4,7.7307
5f2r,4.3072
5l4j,4.9596
5dxb,7.5495
5ia1,8.4287
5i7x,6.2712
5f9b,5.4257
5arf,6.2773
4xtp,4.1866
5ei3,5.2325
5id1,8.549
4zij,5.177
5a6i,6.942
5b2d,4.3104
4yxu,4.6492
5f8y,4.9397
5huw,6.0504
5ad1,7.6833
5ajc,5.6032
5csp,4.6355
5cu2,4.6355
2ndf,5.5182
5l3g,7.5278
5e2m,5.6615
5fnr,4.4309
4ztr,5.3681
5e80,6.4602
4z0e,7.0
4z0d,6.9787
5eyr,6.0295
5dkr,7.2112
5hhx,6.765
5h8e,6.2253
5emb,6.1881
5g1p,4.5409
5eqq,7.8619
4y3j,5.5648
5fdz,4.7434
5svi,5.1626
5kh3,4.4007
5ttf,6.0003
5dyo,6.3039
5en3,5.5672
5i80,7.1182
5ljj,6.09
5cs6,4.0818
5flp,5.3901
2nd0,5.5884
5ha1,6.7938
5l2t,8.3962
5l3e,6.7479
5fox,7.5001
5f41,3.4508
5epp,5.3616
5ito,5.4026
5fot,5.1456
5bw4,5.037
5fe6,4.6262
5jqb,6.2604
5csx,7.0328
5k8s,5.008
5brz,5.0528
5u4x,5.8925
5kva,4.879
4ud7,7.2406
5d3p,5.4343
5hda,5.417
5f74,3.4784
5lbq,6.4195
5d3h,5.8299
5e5g,4.9976
5fnf,4.585
5flo,4.931
5fpi,6.3236
5ehr,8.4238
5lvq,6.2321
5lom,5.2074
5hpm,7.2062
5ey4,5.2087
5bs0,5.9793
5eb2,4.9976
5e6o,6.1079
5gid,7.2026
5dnu,5.2458
5fnc,7.2163
5kat,4.1844
5f1x,5.1282
5l9l,5.1906
5hv1,3.9328
5eh8,4.5406
5hkh,6.3461
5h5s,7.5221
5j32,3.4166
5hwv,3.5961
5luu,6.1343
5ehv,3.8943
5dd0,4.443
5e2v,4.5959
5l2s,7.5177
5icy,4.6618
5h9s,4.2225
5i3x,8.7434
4z7o,6.6254
5kq5,7.9948
5t3n,4.3848
5f25,4.6903
5d3n,5.4504
5huy,5.7694
5ff6,7.0274
5iok,5.5403
5du6,6.9953
5fom,4.6897
4ue1,7.2406
4xoe,7.3578
5itp,5.4026
5fls,5.8735
4zsh,4.5542
5lli,7.6553
4yxo,3.5811
5epr,4.7085
5e2l,4.3168
5fow,6.4588
5e3d,5.0398
5glu,3.804
5jan,4.2369
5l9i,5.2074
5cxa,7.8967
5i9z,7.1299
5ld8,5.9
2n9e,5.5424
5i3a,4.5458
4zy1,6.4378
4zy0,6.3965
4zyq,6.1813
4ydg,6.3561
5hz6,5.8373
5edc,6.0437
5hct,4.3747
4zw3,7.3874
5d48,7.1088
4zx9,6.8948
5diu,7.1396
5j7p,3.955
5b25,6.4765
4zy2,6.3866
4zx3,7.5423
5l2z,7.3471
4zx4,7.4664
4zx8,6.1057
5k0h,7.4322
5a9u,8.2792
5hz9,5.7788
5d47,6.9518
5d45,7.4351
5l2y,7.3584
5div,7.5071
5lxb,6.9137
5ayt,6.1406
5edb,5.7788
5fho,5.2077
4ufd,5.4637
5dh5,5.7786
5l7e,5.3902
5ew0,4.851
5dxt,7.3425
5sz4,4.9824
5sz7,6.5921
5kr1,7.7962
5iwg,5.081
5cgv,6.3486
5iub,6.1843
5fdr,7.836
5aaa,6.5376
5jfp,7.4224
5hz8,6.0478
5ix0,4.3503
5kqy,7.7962
5iu4,6.9611
4zj8,7.2374
5dhu,5.0541
4zx5,7.7818
5eei,6.4118
5kr0,8.0081
5l30,7.2053
5cr7,5.2238
5aab,6.5376
5trf,7.6705
5eek,5.0378
5sz0,4.9824
5l7f,7.8866
5e2s,4.5422
4uja,5.6461
4zjc,7.723
5een,6.0545
5iu7,6.7219
4zw8,7.6026
5fhn,5.8581
5hcy,8.5632
5sz1,4.0052
5aac,6.5376
5ef8,5.7842
5hj9,5.7009
5iua,5.6955
5kby,6.1338
5d2r,4.7911
5k13,5.6584
5jg1,7.3958
4zw6,7.627
4zyu,6.5643
4ujb,4.3922
5evb,6.278
5evd,6.5077
5f5b,5.0643
4uff,7.3444
4yv8,5.997
5e28,4.0308
5jy3,8.1797
5drq,6.5672
5evk,6.278
5j5r,5.685
5jf2,7.5545
5kyj,8.7749
5j7w,7.6345
5f1v,4.2374
5dhp,4.3291
5jf8,6.8048
5elw,8.2494
5hi7,6.0456
5k51,6.3495
5hdv,7.7241
5ayf,5.3199
5ewa,6.5077
5j9z,7.5874
5l7g,5.4227
4ycn,6.7584
4zyt,6.7093
5kxi,6.3624
5fdi,5.5952
5iu8,6.3034
5j41,5.2848
4ycm,3.7278
4zw7,7.2021
5dxh,7.7524
5ef7,5.5394
5hdu,7.2983
5dht,4.8746
5cj6,8.6985
5sz2,5.0473
5edu,5.0378
5hu1,6.8161
5ehn,5.5312
5foo,4.2929
5htz,7.7043
5sz3,6.5921
5hk2,6.5273
5d75,8.934
5he4,7.9714
5sz5,4.0052
5jsq,6.7785
5eg4,9.1433
5dex,3.8376
4zyv,6.6993
5dfp,8.0466
5kz0,7.0733
5fkj,6.2245
5el9,8.2494
5eie,7.5388
5exn,7.4991
5dhr,4.7937
5j7q,5.1113
5dro,7.2278
5sym,6.47
4uj9,6.0318
5hcv,5.3995
5hg5,6.7827
5dhq,6.7345
5ij7,7.0599
5fl1,6.5426
5kr2,6.4653
5drr,6.076
5kqx,6.4653
5dey,7.7616
5exl,7.56
4uj1,5.7677
5he5,7.7074
5ehq,5.5129
5fdc,5.4477
5efj,2.992
5fl0,6.7031
5hg9,6.0689
5fdo,7.0606
4zw5,7.534
5jf3,7.5545
5hg8,6.3409
5i4v,8.1913
5hcx,7.0636
5efb,6.0569
5hk1,6.7101
5cdh,3.4166
5ime,7.7266
5fky,5.9402
5eef,5.0378
5g53,4.9538
5dqc,8.6375
5hdz,8.5018
5eij,6.2577
5hdx,7.4077
5dxu,7.3425
5hd0,7.1114
5hg7,6.7511
5j8z,6.6532
5kzq,5.2677
4zx6,7.7896
5l7h,5.8617
5j4n,3.8195
5kap,6.0749
5dh4,5.5083
5j9y,6.9093
5hu0,5.7923
5j9f,6.7417
5he7,8.4696
5kdr,6.7432
5khm,6.9233
5fto,7.1578
5exm,6.131
5f91,5.2462
5aa9,8.2792
5jf6,5.1606
5jf5,7.6971
5fcz,3.7092
5jf1,7.4164
5jf4,7.6971
5etj,6.7402
5m1z,4.593
4zyz,6.8371
4zyw,6.6946
5kya,7.2042
5dhs,5.7729
5ev8,6.278
4ydf,6.1957
5kam,4.1407
4ufe,7.7961
4ufg,6.8296
4zyx,6.7065
5jxq,5.5671
5fhm,5.1281
5jfu,6.981
5aa8,8.2792
5efh,5.6891
4uj2,5.5537
5a6h,4.2998
5e2k,4.3378
5jf7,6.0354
4zz0,6.8371
5sz6,5.0473
4zyy,6.6712
6b8u,7.8328
5tza,6.8982
6bfa,7.3376
5nhv,8.4341
5u00,5.9693
5vgo,7.2393
5nhj,7.7526
5k76,7.3454
5xs2,4.4111
6b4w,8.494
6b8j,6.998
6bfd,8.8855
5nob,7.0961
5nb7,7.0693
5q0m,5.233
5q1c,6.8593
5q0n,5.8121
5q15,7.7556
5tzc,4.857
5w5o,7.9286
5wg3,5.9957
5q1a,6.7911
5trs,5.5501
5o83,7.2275
5q16,6.3463
5tzz,4.857
5trg,5.9901
5try,5.9084
5ts0,5.9083
5tx5,5.9476
5tys,7.7351
5ngb,5.0968
5q0v,6.8861
5q14,8.035
5lgu,7.0405
5nhp,7.6367
5tho,5.7854
5q0o,7.8661
5uoy,6.832
5v88,7.4951
5ox6,5.1154
5v1b,5.8966
5ngu,7.5622
5ohj,6.5503
5lmk,3.8441
5lyx,6.0559
5q0p,7.444
5mmp,6.7724
5ukm,5.9617
5pzn,5.3543
5trr,6.8761
5nev,8.0888
5q0x,8.2645
5q1b,6.733
5q19,7.0085
5tzx,4.7687
5n4s,6.2117
5ggz,7.0011
5j7g,6.5578
5j7f,6.5578
5q0w,7.7149
5uwf,6.9668
5naw,6.4104
5nba,6.7498
5q0s,6.6631
5wg5,6.0794
5q18,6.2965
5t1u,7.0927
5q1f,7.0179
5t1w,6.6693
5v86,6.8857
5y3n,6.6983
6bfx,8.7655
5lgr,5.7383
5lgs,5.5599
5lgq,5.5185
5q13,7.8524
5lgp,5.7438
5m5q,8.5003
6b3e,8.5639
5wg4,6.0463
5ofx,4.7771
5gso,7.4335
5l13,6.1871
5mhq,5.3472
5q1e,6.7606
5y3o,8.3948
5l2m,5.1567
5x9p,6.5881
5tz3,6.7287
5qc4,8.1051
5q0u,7.1016
5ngs,4.2045
5v3y,5.8224
5g0q,6.3313
5wo4,8.2906
5m0s,5.4077
5v84,7.1894
5o11,7.835
5t90,6.776
5mz3,8.7347
6bfw,7.8591
5q0j,6.0695
5t37,6.4828
5l6h,6.8103
5ugd,5.3315
5v42,5.7413
5yjp,6.8291
5lqf,5.6788
5tyr,8.2139
5v3x,5.9045
5jz9,6.2791
5l15,4.2045
5b5p,7.0524
5uiu,7.0031
5kcx,8.0182
5l6j,5.4906
5wys,4.427
5uyu,7.474
5lgt,6.8886
5h19,5.6365
5nsp,7.7855
5vfd,5.7258
6eqs,6.5285
6eo0,6.2863
6ax1,6.1588
5mm9,5.6938
5ugg,5.8617
5lp1,7.7869
5wbz,6.1798
5wre,6.5859
5jzb,6.5398
5vqz,6.6847
5xqx,4.594
5qbv,7.3333
5uqv,6.5979
5tuq,6.7425
5up0,4.4535
5vqx,6.6847
5ncy,7.4024
5tex,6.9843
5vqv,6.7797
5n3w,4.2574
5nar,7.9215
5nb6,6.8884
6ayd,6.5511
5vp1,7.5677
5vqy,6.7797
5odu,3.7404
5tyn,5.3326
5jzs,6.4202
5u9d,4.7725
5q1i,6.2887
5mat,4.2937
6aud,6.6253
5l17,4.2054
5u7d,6.0359
5vp0,6.0642
5ukk,5.9866
5uqx,7.6893
5gub,4.9318
5t2m,7.8922
5ukl,5.9605
5n1v,7.0472
5tzh,6.4546
5usf,8.41
5ntw,7.4291
5nqe,6.3742
5v41,5.5639
5t8e,7.2737
5l2o,5.1974
5q1d,6.737
5q0q,7.3556
5t2d,7.2004
5vom,6.5745
5ntp,7.9852
5lub,6.628
5lyw,5.7647
5m0d,5.3259
5wuu,6.8013
5yjk,8.1216
6enx,6.1323
5vlp,6.2734
5jv1,6.9589
5h17,4.9894
5gmp,6.5144
5ncz,7.126
5vfc,7.1621
5kgn,5.8459
5tzw,4.8538
5y1y,4.9254
5vo6,8.1346
5tur,7.3611
5ur1,6.6125
5n4t,6.2117
5gsw,7.7853
5wr7,6.2552
5jv0,6.324
5pzm,3.5865
5vqr,6.7797
5v8v,5.4442
5vrp,4.8709
5wfj,5.1489
5ngt,4.7447
5oxg,6.6282
5u5h,6.7361
5u62,5.4268
6bfe,7.3519
5q0z,7.5252
5wbq,7.8501
5ku9,7.5473
5tx3,7.008
5j9k,6.1608
5kv9,4.2054
5h15,5.3739
5v40,5.8242
5ta6,7.2644
5tob,5.4565
5u3b,7.9152
5tbj,4.6811
5tg1,6.9274
5w5j,6.4245
5k32,6.9133
5vpm,6.9585
5gx6,4.5255
5t23,6.5685
5y5n,5.2042
5xaf,4.8817
5q0y,7.5741
5ni0,5.9817
5vqt,6.6847
5t2p,7.0432
5y9l,6.1851
5twl,7.2805
5le1,5.4652
5usq,6.5725
5gn5,5.8038
5vgi,5.0923
5ul5,3.9779
5ml5,7.3878
5w85,10.1445
5h13,6.6358
5h0g,7.936
5izc,6.2637
5h0b,7.9384
5wqa,6.1317
5ti7,5.6207
5up3,5.0409
5gn6,5.4776
5tq6,7.5893
5mli,5.6374
5lzj,5.4644
5ly2,6.0066
5mxv,5.0991
5x79,5.3882
5twz,5.997
5myd,6.0346
5kj0,8.1775
5h09,7.9399
5ne3,6.4242
5kv8,4.2054
6eks,5.38
5uis,7.9116
5tpg,7.4988
5wej,5.9148
5iaw,6.0764
5m6h,7.3208
5tyl,5.4102
5wbr,7.5225
5t92,5.3253
5lcf,5.3906
5t97,5.3252
5mw6,7.3377
5ulg,3.9602
5uuu,6.897
5gty,7.6066
5lx6,6.6111
5b5o,5.7067
5mwd,7.761
5u2f,6.2577
5nu1,5.305
5tl9,6.7934
5t8j,7.0525
5inh,5.9827
5t2i,6.7684
5tw3,5.4824
5vqs,6.8922
5vqw,6.8922
5td2,6.5486
5tq3,5.844
5ov9,6.3918
5t2y,4.2144
5nhy,7.2559
5ubt,7.507
5toe,7.8378
5lhg,6.8471
5ox5,3.9946
5gx7,5.6898
5l2n,5.665
5lgn,4.4118
5lch,4.2394
5xmv,6.9411
5h6v,6.1126
5mkx,5.6374
5mkz,6.0822
5sxk,3.858
5tq7,6.9596
5h0e,7.9397
5u6v,7.3574
5op6,5.9891
5ti6,8.1959
5tyk,4.5854
5m6f,8.0826
5mja,5.704
5n9t,6.4623
5lhu,4.8128
5myr,6.5394
5tq8,6.6781
5vex,5.9021
5u2c,6.2577
5xmr,7.2412
5mw3,6.8674
5k5c,5.3279
5xkm,5.0857
5m39,6.6727
5ngr,5.0616
5ti2,7.741
5tc0,7.4651
5typ,6.0164
5xmt,6.4295
5q1g,6.6731
5ual,4.1973
5swh,7.6717
5ti4,8.339
5wpb,3.5331
5u2e,4.6357
5q0r,7.1021
5teh,6.7393
5ttv,5.9836
5opc,6.3234
5q0t,7.0869
5w86,7.4139
5x8i,8.6849
5k1v,7.1376
5m3a,6.9342
5mky,5.587
5mjb,5.704
6b1o,8.4927
5xzr,6.7443
5t28,4.7332
5tg2,6.0709
5jh6,6.8626
5v8q,6.7113
5t66,7.6538
5ksx,6.3246
5mym,5.9636
5u5t,7.1133
5xmu,7.8235
5orx,5.2136
5twx,6.2433
5myn,5.6456
5mxx,8.3471
5myv,8.3471
5k6a,5.2672
5lca,4.9543
5vnd,6.7321
5ntq,6.8491
5l01,7.063
5swg,4.5323
5j9l,7.226
6b1e,6.777
5uwm,6.4704
5m7m,5.7915
5tyj,5.7301
5mrd,4.4855
5w84,7.0409
5h22,7.2827
5u7j,7.5332
5npd,4.4359
6alz,6.9047
6ez6,8.4602
5uah,4.2182
5vlr,8.1182
5juz,5.5405
5v5e,7.4865
5tq4,5.7656
5q0l,6.6297
5m6u,5.8833
5k0x,6.9435
5llm,6.4828
5q12,6.2529
5uit,8.535
5nhz,6.045
5dyw,7.1902
5tnt,7.3545
5v24,6.1568
5qby,7.9394
5mri,6.3088
5mar,5.2433
5mxk,5.2183
5ti5,8.6174
5u7l,7.1414
5gvl,8.6361
5xmp,7.5837
5t36,5.3408
5ue4,6.1699
5m6m,7.9489
5sys,7.7176
5ti3,7.6105
5v9t,5.9606
5l6i,8.4566
5n49,5.9006
5ttu,7.2273
5mkj,5.5664
5t4u,4.6338
5uox,8.0428
5t2b,6.7391
5j8i,7.5
5ne1,7.8196
5gnk,7.622
5vqq,5.7459
5v5d,6.5103
5vlk,5.3481
5q17,7.2072
5v19,6.6993
5ml0,7.362
5j7s,7.2149
5mys,6.3041
5one,6.8631
6eku,8.4736
5uiq,4.4892
5q0i,5.2756
5dyy,6.4735
5lvx,6.6985
5tts,7.2014
5tq5,5.8975
5t1t,5.0993
5npf,5.8661
5o0s,5.6737
5tiu,6.5523
5x5o,8.0647
5tyo,5.2413
5uvc,6.9976
5q10,6.6596
5uor,8.3294
5t2l,7.2339
5h21,5.6477
5lhh,7.3802
5ubg,4.5668
5v83,7.9036
5t4v,5.8629
5v3o,6.6281
5v7t,6.6739
5mwo,5.0286
5n20,10.2258
5mrh,4.5496
5mih,5.8223
5u7i,7.6219
5v7i,8.3241
5op8,6.3435
5h0h,7.9399
5hcl,4.1418
5h3q,6.7439
5ksv,5.2307
5vew,6.8391
5q11,5.9822
5u7k,4.9694
5jk3,6.5603
5xms,7.0595
5lm6,5.3736
5ogk,6.1857
5lhi,6.9444
5vqu,5.7459
6eyz,7.6731
5q1h,6.2711
5t2g,6.9967
5mts,5.9164
5uir,5.7313
5oy3,5.3496
5v9p,6.3082
5ur5,5.4369
5v7w,5.9611
5vee,7.6355
5t27,6.5685
5h2u,6.1465
5k00,7.1782
5o4y,5.9476
5xg4,5.7016
5jmx,4.5993
5tyh,4.3962
5h14,7.2248
5n2f,5.472
5ksu,5.5064
5npb,4.1356
5t1s,7.6209
5ur6,6.1376
5or9,6.5238
5mqv,8.1281
5w4w,8.8796
6bfn,7.528
5uwl,6.4704
5v5n,5.7238
5ick,6.0764
5ntk,5.7608
5myl,5.5426
5gn7,5.8038
5gn9,5.4776
5u5k,5.51
5gvk,7.9676
5o45,6.7047
5xvk,4.6322
5xvq,4.6322
5ufr,8.0728
5jur,8.2434
5org,5.4026
5n1z,8.1062
5ul6,6.3573
5llg,4.1259
5uhi,7.6338
5lyr,5.5259
6euw,7.823
5h1e,4.5032
5ufo,7.9115
5nmf,5.3407
5n8b,5.0378
5lle,6.5548
5kly,4.6778
5llh,4.0794
5ukj,7.7877
5x4q,8.0026
6axl,4.0283
5nme,5.6907
5m63,5.3136
5km5,4.9726
5m3b,5.0298
5vr8,5.0246
5tyi,7.3687
5m34,4.9276
5h1t,8.1246
5vlh,6.0249
5wa9,4.1326
5na0,6.6199
5yu9,7.614
5h1v,5.0853
5mev,8.2704
6ayi,3.8061
5u06,7.1647
5wyx,7.3519
5iz6,7.0678
5nu3,5.3655
5ul1,7.7123
5unj,5.4649
5w10,5.8964
5k48,5.0326
5mb1,6.8557
5wtt,4.7734
5mxf,4.9778
5g1a,6.8358
5nwk,5.4844
5n69,8.5528
5u98,6.1508
5g17,6.7387
6axk,4.714
5h1u,3.8728
5may,7.6623
5nxq,5.692
5xg5,4.8548
5mes,7.2622
5vb5,5.2298
5wbl,6.634
5jop,5.3367
5v79,4.607
5llc,3.8156
5g60,3.75
5lsh,5.9833
5klz,4.1838
5v7a,4.8253
5vb6,5.2902
5vll,6.4475
5u4a,4.1794
5u4e,3.6989
5m04,5.594
5nu5,5.3655
5n8w,5.6942
5u4f,5.7263
5u48,4.9467
5u4d,3.6365
5llo,5.9034
5g61,3.75
5uk8,6.932
5gut,5.282
5t2t,6.4421
6aol,6.8664
5oku,2.8483
5n87,6.5944
5vqi,5.3131
5wa8,4.1326
5o0a,3.9205
5llp,5.6247
5ybe,4.7592
5gmv,5.4431
5t18,7.9527
5bjt,6.3464
5wqk,6.1435
6awn,5.5565
6aom,6.5378
5u0z,5.4186
5km1,4.6806
5wl0,7.6487
5nwi,5.4844
5j20,6.473
5u49,4.1564
5nkb,7.5263
5vad,5.9915
5nfb,5.3814
5u4g,5.647
5wxh,5.4816
5fso,5.22
5u0y,5.7265
5n2x,6.7675
5nai,6.0191
5n58,6.0191
5w7j,5.8787
5y5w,5.6984
5n0f,5.5904
5tvn,6.9377
5wbk,5.4838
5mmg,5.8818
5u4c,3.8369
5n55,6.0191
5xyf,5.6808
5tbe,6.995
5tpc,5.2958
5v4b,5.2379
5nad,7.1368
5h08,7.3411
5n21,8.9133
5ttw,4.5563
5u1q,8.8093
6eqp,4.969
5hlm,8.8266
5h63,4.5174
5lto,4.6122
5u2j,4.9873
6eux,8.2621
5lo5,7.4678
5tqs,5.5857
5ngz,4.4914
5mty,5.3172
5wa4,6.2049
5kk8,4.431
5tdb,5.951
5mme,4.6948
5mql,5.9385
5y48,4.9541
5k0m,7.6441
5gg4,5.139
5oei,3.9298
5n31,7.0
5mo8,6.3465
5hki,3.4766
5ofw,4.0491
5lrq,7.2349
5m9d,4.0154
5nmg,7.0354
5n7v,6.0109
5vsk,6.7547
5n8t,7.5151
5ota,3.924
5u4b,4.0319
5wle,5.4816
5lpj,5.0416
5gj9,5.1761
5j82,6.0923
5mgk,4.384
5vdu,3.2281
5vdv,5.9026
5vdw,5.3138
5t70,7.0092
5vs6,7.0977
5usz,6.238
5vse,6.9193
5mra,5.9082
5nkk,6.5186
5x54,5.8684
5vc5,7.0659
5w7i,5.8787
5nn4,4.5948
6azl,5.078
5vcw,8.0454
5j71,5.0518
5v35,6.4636
5m5d,5.3887
5lws,6.3443
5n84,7.4212
5ta2,6.4187
5ioz,5.7287
5xw6,7.6447
5x4m,6.9321
5w6i,7.8804
6b7b,3.9542
5orv,5.6505
5f63,7.9728
5lpl,5.474
5v5y,7.3395
5vc6,7.4679
5ut0,7.9791
5tci,5.4136
5mk1,6.4294
5wkf,3.8311
6b7f,6.9378
5wxg,5.4282
5ldm,4.1353
5j6l,5.8519
5ml2,6.5854
5ipc,4.146
5jsg,6.3902
5wyq,4.879
5vwi,5.812
5j64,5.9715
5wkh,4.1072
5ku6,5.8999
5mi3,5.594
5uc1,6.5702
5wuk,5.6797
5u5l,5.7243
5vcv,6.1465
5vfm,4.5822
5wbf,4.2398
5nk6,7.7168
6bnh,6.0947
5kj2,7.2439
5lvf,4.122
5orl,6.2442
5jn9,5.4556
5uwi,5.7456
5uwp,5.4988
5j8m,5.9734
5gvp,6.6902
5os4,4.3655
5njz,7.4779
5j3l,4.0715
5jzi,6.1156
5mtx,7.2765
5oug,7.136
5mi5,6.9878
5nvz,8.0454
5nvw,6.1865
5ugh,5.2923
5orr,5.6292
5v8o,6.8882
5x9h,6.4288
6bhh,5.0479
5ntt,8.0311
5ldo,4.3356
5j6n,6.0402
5j9x,5.8519
5j6a,6.9472
5mg2,5.8923
5w5s,7.753
5iyy,5.6586
5wqd,5.9389
5y62,5.8912
5gmn,4.7913
5lla,5.7159
5j27,6.0402
5u7m,7.1708
5os2,6.0631
5nk2,7.6429
5x73,5.8997
5gvm,6.9449
5j2x,5.9734
5y61,5.8912
5otc,3.8163
5kma,4.3298
5wip,5.0096
5o58,4.0264
5nki,7.1352
5nkc,7.0406
6asz,4.899
5wlg,5.4959
5u66,6.6938
5nk4,7.6259
5mro,5.5761
5ouh,8.4546
5n18,7.8594
5o2d,5.8678
6esj,5.1607
5gv2,6.3954
5n93,7.0343
5g5z,3.7498
5x74,5.6811
6azk,9.457
5lvd,7.4803
5n9s,6.4273
6euv,8.3671
5tpb,5.3512
5nbw,3.6054
5mgx,5.4306
5n9r,5.2646
5lpm,5.474
5j6m,6.473
6au5,5.891
6ayh,3.8061
5n8j,4.9801
5n53,6.3793
5gja,5.0698
5jy0,5.6313
6bw3,5.9266
5szc,4.7809
5uwj,5.8324
5nvv,6.8388
5tgc,6.4288
5ml3,6.8081
5h85,4.2177
5ipa,3.4604
5vfj,5.1728
5wbm,6.0863
5vdq,6.4894
5nkg,7.456
5wyz,6.8001
5yjm,8.509
5kab,5.866
5vdt,7.0263
5w99,5.0846
5xvu,5.6014
5w94,5.906
5b6c,5.5793
5m17,5.4297
5nk8,7.6428
5tcy,7.6833
5j1r,5.0425
6ezq,6.513
5n34,7.5263
5v13,6.4287
5moc,5.1273
6bhe,5.1486
5jq5,8.491
5jhk,5.4125
5wic,3.9324
5ulp,5.7378
5m77,5.6132
5mwj,7.2483
5km3,4.4146
5lud,3.8085
5ujv,7.2847
5ta4,7.6938
5jgq,5.9813
5nw1,6.1838
5oq4,7.6947
5t9u,6.2952
5ofv,4.7083
5u0g,5.5809
5n7g,5.4025
5t9w,6.5044
5nkh,7.5345
5nkd,7.0449
5ka3,5.866
5k9w,5.866
5vdk,7.3456
5ovr,5.6925
5cpr,7.8402
5vcy,8.2254
5h5o,6.0524
5os0,5.8181
5w6r,7.9459
5w6t,8.7289
5ko5,4.7887
5u0d,5.2178
5hyx,4.9188
5tpx,8.0572
5vcx,7.2837
5vd3,7.2837
5vkm,4.0794
5v2l,5.1282
6b7e,7.6174
5gmm,4.7913
5myo,6.7371
5ly1,6.6026
5tzy,6.64
5mqt,6.1656
5lpk,5.0416
5mrp,7.9377
5nn6,5.9656
5w1w,5.6833
6bw4,6.0157
5tq1,6.244
5vzy,6.8
5mn1,4.0993
5mnb,4.0993
5mnx,4.0993
5mon,4.0993
5jnc,3.5324
5mav,5.52
5vwk,5.9703
5mnr,7.4986
5u0f,5.3142
5nka,7.7165
5txy,3.4099
5ty8,3.4099
5u13,5.6333
5jjm,5.773
5nw0,8.0557
5mod,4.3051
5vfn,4.5314
5m2q,4.9276
5jhd,5.7044
5w88,3.892
5wcl,3.892
5ovx,5.6925
5myg,6.0057
5usy,6.1416
5tya,3.7918
5nw2,6.8409
5w6u,6.9866
5vd0,7.3395
5isz,5.7044
5wii,5.0096
6b7a,7.3962
5ma7,7.4988
5w4r,7.1138
5ka1,5.866
5j8u,5.9715
5ndd,5.7161
5o91,7.3665
5ory,4.5727
5ml6,6.7891
5f61,8.0669
5b6g,7.1575
5h5f,4.9242
5tus,4.4589
5w1v,6.0067
5os3,5.414
5x62,4.693
5kad,5.866
5tw5,7.2829
5jm4,5.4149
5nk3,7.6396
5mk9,4.1432
5km2,3.748
5ne5,3.1522
5ka9,5.866
5n70,5.5478
5vi6,5.0931
5j1x,6.9126
5wqj,7.108
5wrs,5.1282
5mek,4.9861
5fsc,4.2009
5mi9,5.594
5l26,5.4972
5u11,4.1117
5u14,5.5629
5wp5,5.7726
5n8e,6.0086
5nf9,5.9973
5mlo,5.781
5n17,7.1357
5mz8,3.3908
5km0,4.049
5n2z,7.447
5m29,4.9276
5tuz,7.0325
5os5,3.9817
5ufp,7.2073
5lny,7.317
5tcj,5.4136
5ut4,8.3318
5vc4,8.0672
5orz,4.9847
5f60,7.7915
5t78,4.8034
5vcz,8.0672
5tuy,7.0325
5wbp,5.7327
5n3v,7.5365
5goe,6.3894
5jna,7.3769
5tgy,5.1851
5ka7,5.866
5yc1,6.7682
5w38,4.5811
5x72,5.8997
5nk7,7.6429
5ttg,6.3539
5mrb,7.3665
5mnc,4.3454
5mny,4.3454
5moo,4.3454
5ogl,6.9749
5gmu,3.7343
5m28,4.4
5tw2,7.4696
5os1,8.5968
5u9i,6.4636
5mka,4.1432
5ll4,5.6181
5jsj,7.362
5lsg,5.7154
5mqe,5.2741
5v2p,8.1191
5y59,6.0223
5v2q,5.9284
5g5f,5.017
5ltn,5.3923
5irr,5.0986
5mxo,5.8333
5twj,5.037
5j86,5.7494
5b5f,6.4648
5b5g,6.182
5nfa,5.3306
5xup,5.0622
5m9w,7.8427
5n7x,5.8886
5nzo,3.1718
5w1e,4.9973
5tzo,6.6152
5jn8,5.6617
5mi6,7.2357
5jgi,6.341
5vsc,6.4279
5mgj,5.101
5t8r,5.5005
5moe,3.8583
6b7d,6.1508
5lo6,6.9812
5mgf,4.384
6bhi,5.0703
5km9,4.6192
2ndo,5.177
5uff,4.3005
5ut6,8.036
5tv1,5.807
5vsd,6.4279
5u0w,5.1586
5if6,5.7839
6au2,5.9044
5n16,6.1886
5x9o,3.8174
5fsb,3.2192
5ty1,5.5995
5ty9,5.5995
5x13,5.1801
5xxk,7.725
5lu2,5.6807
5tco,7.2532
5nzp,4.9584
5tbp,5.5246
5myx,7.969
5f62,7.6866
5ufc,4.5251
5go2,2.0618
5n99,5.7072
5osd,4.5622
5jcb,6.924
5t6z,7.4126
5ofi,7.6619
5wbo,6.7342
5ot8,5.4026
5ijr,6.0462
5t9z,7.3324
5w5u,7.9396
5lt9,6.3954
5vgy,5.1801
5nge,5.885
5t35,7.0544
5o0b,4.046
5xn3,5.9197
5gtr,6.4777
5u28,4.5586
5ldk,5.6014
5ldp,5.6014
5ose,5.8208
5n1x,6.4343
5x4n,7.1834
5fyx,4.2125
6awp,4.825
5t8q,5.6083
5ioy,3.7747
5ja0,6.8492
5gp7,4.7192
6b7c,5.9138
5kww,7.5105
5vsb,7.4202
6f0y,5.5221
5u0e,5.2483
5kej,5.2664
5ngf,7.8782
5szb,4.7783
5ow1,5.0348
5kzp,6.2455
5w4v,7.7603
5njx,5.151
5aan,5.2346
5nk9,7.694
5my8,7.1294
5u7o,6.0308
5wir,5.0622
5umz,7.4068
5nvy,5.9816
5vc3,8.2254
5mi7,6.9878
5mtv,5.8773
5vd2,7.4234
5orw,4.5889
5t7s,4.4
5n2t,7.2904
5u12,5.668
6axp,5.8913
5j7j,5.9948
5gsa,5.5538
5ll9,5.7159
5ot9,6.2823
5gs4,5.7364
5mpz,6.2956
5o4z,5.0079
5f5z,8.7091
5jhb,8.3025
5uxf,6.3402
5mge,5.101
5t6p,5.3308
5x4o,8.3198
5ort,5.2859
5mk3,6.2289
5vdp,7.0787
5ml8,6.5857
5lyn,5.0798
5mlw,5.2909
6ayn,9.4569
5n3y,7.499
5nzq,6.5328
5mrm,6.0292
5wio,5.0096
5x4p,6.7607
6b27,5.0946
6bhd,4.2319
5nyz,5.3473
5nz2,5.3473
5gof,5.6324
5ll5,5.6181
5gvn,6.4955
5nvx,7.2719
5mob,7.2847
6at0,4.899
5oui,5.2209
5vsf,6.9193
5xo2,3.6241
5xof,4.5026
5vd1,7.4679
6eww,6.1691
5wal,7.3184
5mw4,7.1299
5vo1,6.9742
5w7u,7.1747
5ult,7.9102
5wlo,7.2519
5oq5,6.1501
5uv5,4.7674
5opb,7.7977
5uov,7.5862
5oq6,6.1501
5oot,6.1501
5nee,6.0062
5wb6,8.0167
5xp7,3.9096
5mim,4.0436
5opv,7.1039
5opu,7.058
5nea,5.8296
5we9,6.8366
5mqy,5.9485
5lpd,6.0291
5v82,7.2715
5hz5,4.019
5iu6,4.1592
5q0f,7.8825
5u6b,7.1526
5h4j,6.4061
5vo2,6.8247
5jzy,6.554
5w9g,6.6745
5wev,7.3184
5tku,7.5169
5q0g,7.0949
5tdi,7.4463
5op4,6.7739
5vb7,6.9981
5g22,7.3823
5n8v,6.6675
5op5,6.3011
6b97,7.809
5op2,8.4795
5tqg,8.286
5jfd,5.8074
5m4q,4.7643
5mby,4.7643
5t8o,8.0881
5oq7,8.4795
5unf,6.1158
5ung,6.1158
6b4l,4.8873
5unh,7.2178
5wef,6.7503
5wyr,5.509
5waf,5.5908
5hh6,4.5326
5ura,6.3291
5hh5,4.2157
5upz,7.7305
5q0e,7.3567
5kns,6.2533
5knx,6.8561
5m7s,7.3302
5ur9,6.3291
5vp9,7.2676
5q0d,7.0035
5wqc,5.841
5ws3,5.841
5hh4,4.2157
5m23,8.217
5t8p,3.9783
5ljt,5.8788
5n24,5.4775
5oq8,8.4795
5x5g,7.8431
5mlj,4.6541
5uoo,5.687
5knr,6.4029
5ndf,5.189
5uex,7.0915
5kyk,4.1928
5w3i,6.4064
5gwa,7.7986
5td7,5.5974
5vkc,6.9151
5n1s,4.9444
5v8p,6.3862
6eo8,6.3419
5g2b,7.4776
5wcm,7.6311
5n1r,5.8573
5uig,5.1564
5gwy,5.5584
6en5,4.1497
5qcm,7.9135
5vtb,5.5252
5qcl,7.7808
5u8f,4.9914
5l8a,7.3358
5jha,8.4395
5q0h,6.9097
5knv,6.2579
5uwn,5.9332
5nih,3.0734
5thj,5.491
5hvu,6.6416
5m4f,6.9228
5m4i,6.9228
5m56,6.9228
5u8a,6.0686
5ugc,7.4709
5m4u,6.9228
5uln,5.8294
6b96,7.5289
5vjp,2.835
5th4,5.491
5mae,6.4833
5nf5,4.4766
5mhp,6.4983
5k1f,3.6434
5obj,4.3651
5n25,4.993
5ueu,5.802
6eo9,7.2095
5wae,4.6897
5uf0,3.3846
5uga,6.9053
5ugb,6.9053
5mte,8.0146
5neb,3.0734
5mkr,6.3528
5mks,5.9573
5nfh,6.3889
5gwz,5.5584
5tqe,6.556
5ng9,4.4766
5tt3,8.3314
5ljq,6.2473
6awo,4.9697
5m4k,4.9982
5uwk,7.2139
5iz8,5.901
5uv1,6.8345
5opr,7.8398
5upf,7.0686
5osk,6.5111
5u6d,7.1106
6esy,6.1018
5v4q,6.3042
5knu,9.6203
5mjn,4.9743
5k1d,5.8912
5o4f,3.0734
5y7w,6.3712
5un9,7.3302
6b4u,7.6871
6b98,5.9914
5w13,6.9984
5iez,5.94
5qck,7.631
5u6j,8.618
5vij,4.7244
5thi,5.491
6b4n,7.7595
5tg6,4.8252
5u8c,6.0434
5tg7,4.9019
5kks,6.315
5ug8,6.6543
5wei,6.1947
5iza,5.0734
5nx2,5.068
5tkt,7.9069
5ufs,5.6389
5n0d,5.5689
5nn5,5.1866
5tp0,5.5992
5n0e,5.5689
5voj,7.63
5iz9,5.8905
5g57,5.7925
5m7t,6.4014
6f3f,5.3982
5tt8,7.7884
5vih,4.3551
5tuo,6.1916
6b16,7.9237
5t19,6.3825
5o07,4.5892
5mfs,5.043
5mft,5.043
5maj,7.3454
5nf6,4.4766
5dpx,5.6672
5knt,6.3056
5wac,5.6731
5uv2,6.8345
5ufi,6.9815
5m2v,4.7042
5obr,6.9318
6ep4,4.2346
5g1z,5.901
5m44,4.9543
5m4c,4.9543
6equ,5.9328
5vt4,5.2964
5w14,7.0704
5tg4,6.3809
5uey,8.3316
5mfr,4.8445
5vii,4.7705
5wzr,6.0069
5w12,7.1697
5v6u,4.3533
5om9,5.697
5m25,7.2367
5tfx,5.8277
5u69,5.3739
5wag,6.5634
5ti0,5.0917
5ofu,4.0962
5u94,7.5765
5wex,5.8294
5v0n,8.4574
5tks,6.179
5m0m,5.3368
5qcn,7.4524
5w8v,6.0788
5v1y,6.9843
5wad,4.715
5xhr,3.4635
5nin,5.5086
5ula,6.1369
5kez,7.5981
5two,7.7838
5n6s,6.7887
5tv3,7.5422
5l87,4.6731
5ops,6.9459
5vjn,2.835
5j87,7.6778
5m7u,6.2649
5ug9,6.9575
5lce,5.9804
5vsj,4.7204
5thn,5.0917
5tg5,5.4765
5uez,6.2868
5upe,6.8503
6f22,6.8414
5qil,7.4293
6ccy,7.6685
6f3d,7.6949
5kpk,6.5273
6c6o,4.9279
6c4g,6.8799
6f23,6.6364
5qim,7.6469
6ffn,5.8479
6ba7,5.2981
5xyz,6.3452
6do3,4.6685
5ni5,5.305
6esn,6.4524
5o7e,4.2524
6df7,7.23
5y6e,4.7048
6ckx,6.8483
6fgq,7.5121
5yg3,7.0358
5kpm,6.8619
5nib,7.5533
6do4,5.3829
6f3i,6.6933
6df4,6.3355
5owc,4.1915
6hvj,7.2907
6bbu,6.7753
6fex,7.1311
5ni8,6.3026
5ni7,8.4167
6bfp,6.4817
6f1x,6.5723
6gin,6.8185
6cck,6.2349
6ed6,5.5771
6bir,5.2375
6frf,4.9564
6gip,4.8461
5osy,5.5968
5yg4,7.8481
6dzq,4.0496
6ft8,5.741
6h1i,4.9465
6hvh,7.541
5qin,7.4293
6ew3,4.1923
5yso,7.1414
6cco,5.3799
5y6d,4.8975
6cz3,7.8852
6mr5,6.4637
6ffs,5.9237
6dcz,3.9532
6do5,5.1325
6f3g,8.1108
6bu1,5.088
6cje,4.4404
6f3e,7.2853
6h7z,7.525
6cgp,6.8489
6cz4,7.9424
5wgd,5.4945
6ggn,6.9476
5ux4,9.101
6f5h,7.2317
5wzu,6.3002
5t31,5.4437
5lh4,6.4217
5ncq,6.1361
5wdj,4.5949
6ft9,6.7645
6q73,6.6491
6bsk,7.3408
6cis,6.8894
6hkz,6.8866
6fqo,5.3318
6ep9,7.1952
6fr0,5.3132
5x02,7.7799
5w8i,4.6195
5mwa,4.3451
6apz,4.2085
5y8c,5.9861
6c7d,8.8236
6gi6,3.8031
6etj,5.5014
6hdq,6.5417
6ciy,7.2999
5wzv,6.5973
5g6u,5.8199
5wzt,6.6883
6biy,6.0202
6giu,5.8638
6ft4,5.709
5y8w,5.7291
6czv,5.7943
6cmr,8.4238
6c7f,6.9423
6c2y,6.5267
6ccq,4.2995
6g4m,7.2855
6hdo,5.9959
6biz,6.3183
6cw8,8.1998
5wzs,5.6676
6e9w,5.5771
5zh2,6.0631
6g6w,5.926
6f2n,6.0685
5yzd,6.9748
6c8p,5.1647
6g5j,5.5616
6biv,5.1783
6bix,5.0345
6dqb,6.6696
5z9e,6.1004
5wgq,5.6344
5yve,6.7558
6bx6,6.3435
6h7y,4.7712
6dqa,6.619
6ft3,5.205
6mx8,6.48
6hvi,7.0774
6c7i,7.1696
6acb,7.0984
6i8l,7.5577
6eum,5.3049
5o7n,6.7646
6fkp,5.1245
5ylt,6.7269
5y0z,4.905
6bin,6.0251
6ffh,7.3758
6czu,6.0414
5x27,7.3871
5l9h,6.5006
6gy1,5.7521
5kpl,6.1646
6bjo,5.5068
5z4o,5.7461
6d4o,6.1572
6ar4,6.6576
6bil,6.784
6axb,5.1953
5y8z,5.8924
5zun,7.2296
6f5l,3.288
5zz4,5.7184
6h1h,7.0533
6iil,6.6879
6aak,7.749
6gop,6.1898
5wkl,6.0846
6bbv,6.7753
5yqo,6.4833
5o7i,5.5114
6iin,7.0125
6e4f,7.6812
6aum,5.8813
5y86,4.3791
6f8u,6.1336
6bij,6.4482
6e9l,6.4035
5okt,6.3423
5w0e,7.1537
5z4h,5.2271
5nr7,8.2619
6cyb,6.4445
6hkj,4.8551
5xgh,5.8808
6ck6,7.0888
6dl9,5.3914
6e99,7.7119
5zwe,6.3919
5zob,9.7051
6au9,4.4258
5wzw,7.6017
5zfi,6.4707
6c7j,7.5237
6bkh,6.5779
6hmx,6.4988
6g3y,6.7546
5zz2,6.4468
6few,6.7195
6fil,6.7195
6g8n,7.1524
5w0i,6.9565
6bqa,6.6259
5vil,7.002
5zeq,5.164
5yof,6.4684
6c7b,5.6488
6bln,7.6738
6dko,5.102
6bib,6.1049
5mwg,5.9461
6hjj,7.9992
5wg8,3.7225
5zwf,6.033
5yjf,5.1447
6cjw,5.4264
6ev0,5.4236
5zwh,5.833
6br2,6.4567
6br3,7.657
5mxq,5.0054
6g7f,5.9095
6h7u,3.5171
6hzp,3.5171
5xpn,6.8214
6c0u,8.2364
6c5t,6.9655
5nwd,7.3649
5ows,7.5818
5w0q,4.8947
6gn1,5.8506
5nq5,6.7471
5wi1,6.2804
6f34,5.1568
5yfz,7.433
6bl1,7.6818
6fdq,6.7771
5yjy,6.1557
6hsz,6.5577
5xv7,8.4
6dvl,7.377
6eqm,6.324
6fyv,7.6206
6g93,7.4314
6gl3,6.4104
6h3k,6.6131
6fr2,8.6313
6iik,6.4943
6e2n,7.8325
5wfc,6.3856
6fnx,6.1315
6hu0,8.0562
5nra,5.5666
6by8,8.6917
6hu2,6.604
5nzm,6.3427
5nut,7.5805
5wh6,7.9614
6bg3,6.2143
6ful,5.4276
6fo7,5.4856
5w2p,5.9
5w2q,5.9
5yg2,5.8341
5mzg,5.9394
5olb,6.1163
5xyx,6.7334
6eox,4.7066
6fyp,7.6206
6cyc,6.7975
6dvn,6.6578
6cq4,5.7935
6dxg,6.5969
6as6,4.7243
5nvh,7.3743
5ocj,5.0878
6ez9,3.3522
6bsm,7.6014
5nrf,5.2452
6g2a,6.1386
6cho,6.7128
5nvf,7.3696
5nwb,7.3708
5uz0,7.0307
5w0f,6.2487
6f6u,5.3127
6f8v,7.0705
6c2x,3.8263
6fo9,6.7847
5y5u,6.7883
5yz7,4.9177
5nr8,4.7335
5nt4,7.3904
6f8x,5.2965
6c7g,8.2285
6fo8,6.0822
5zmq,6.3169
6bmx,7.1098
6di1,5.9852
6cef,3.3157
6gxu,5.5243
6htz,4.354
5w0l,7.0552
6buv,6.9634
6ht8,6.0391
6hu1,6.8224
6ftn,6.6806
6chm,6.9749
6bqk,8.0672
6bg5,6.6992
6q6y,7.4509
6h9b,6.1138
6ge0,7.8715
6bt0,5.1492
6es0,7.0384
5y93,6.151
6ds0,5.8863
6fqu,6.514
5of0,4.2488
5zwi,5.833
6hd4,7.8733
6fdc,6.4174
6g4n,6.1282
6g1u,6.4921
5vio,7.6779
6bic,6.2264
6c7e,8.1953
6dlj,5.3119
6bid,6.4639
6ew7,7.9297
6ezg,7.4012
5yov,7.3066
6fyi,4.506
6fdu,8.964
6gmd,4.6829
5xpl,6.0536
5nat,7.204
5o48,5.8738
6f8r,6.6721
5zh3,6.0631
5y5t,6.8349
6fzu,5.7331
5wvd,7.1443
6g9a,7.6771
6bmv,5.6168
6e2m,6.2416
6c5q,7.573
6htt,5.1398
5o1s,4.0874
6g28,5.237
5qik,7.5581
5w8h,4.3028
6fob,6.0822
6dxx,6.9892
6ccs,5.0404
5xpm,6.4613
6cjy,4.1713
6f8w,6.2015
5wjj,8.185
5o9h,6.4218
6fgl,6.2854
5oae,6.4376
6ary,5.4513
5yql,6.7082
6gx3,5.6562
6dud,6.2112
6hjk,7.7616
5wfd,6.3047
6ela,4.94
6bky,6.4668
6ccl,5.9321
5xst,5.9924
6g07,6.541
5wg6,5.0649
5nt0,7.3267
6fn9,5.4069
6mrg,4.7786
6esm,4.94
5nwh,6.6612
6cyd,6.1962
6g9n,7.7288
5yzc,4.5654
6exm,5.469
6hm6,5.9379
6ewe,5.6033
5x33,5.2341
6cen,7.6546
6b41,6.8269
5ohi,6.1098
5o4s,6.28
5xag,6.1761
6dcy,3.3392
6b31,6.6257
6cjh,5.3574
6aah,7.749
6eji,4.5208
6ccn,6.4208
6fu5,7.0827
6alc,6.2365
6c0r,8.0903
6g91,7.5589
6ehh,5.9394
6ek3,5.5774
6gh9,6.4129
6d8e,6.2402
5ye7,6.6146
5ye9,6.3473
5nve,7.3845
6cq0,4.8139
5wi0,4.7691
6ekd,8.2191
5xpp,6.625
6duh,8.0903
6ce8,4.9926
6dvm,5.8642
6fyk,7.2869
5yun,5.6399
6g9h,7.4055
6g8m,7.2555
6g9j,8.3384
6g97,8.4268
6c0n,8.0903
6g9d,7.634
6chq,6.4488
6cd4,7.0068
6bke,6.5656
6cqf,8.2349
5zh5,6.0631
6aam,7.749
6enm,5.6984
5nsx,7.3694
6g9k,7.5066
6bkx,7.788
6bl2,6.7778
5xig,5.1078
6dgt,7.2946
6c0t,6.9532
6fer,7.6128
6gxw,5.896
6gih,4.3301
6da4,8.1256
6ck3,5.6097
6cec,3.535
6arv,6.8403
6bq0,7.0925
6db4,6.5333
5x28,7.143
6aaj,7.749
6cn6,7.2357
5yji,5.1447
6ei4,7.5184
6g0w,6.8412
6cj1,7.2846
6anl,5.8693
6dug,8.0903
6f6r,5.3732
6ccm,6.3372
5zms,9.3693
6hdn,5.8441
6hu3,7.6289
5xij,5.1362
6ey7,5.711
6ekn,4.5522
5w6o,7.386
6e06,5.104
6e05,5.104
6db3,6.9124
6cki,8.2131
6cq5,5.3943
6g1v,5.8678
5w5k,4.4166
5x26,7.067
5yea,7.1089
5ztn,5.0055
6bkw,6.8751
6cmj,7.5359
6en4,6.1062
5xfj,6.9825
6c42,7.1989
6asu,5.0417
5xff,6.9825
5mxr,5.0633
6f8b,6.7793
5nuu,5.5357
6q74,8.5192
6bik,6.8198
6cj5,4.2609
6dnp,4.958
5owt,7.5769
6hf5,5.1704
5ow8,5.5836
6b30,6.5597
6dvo,7.0477
6bmr,7.2571
6gxa,5.5056
6euz,5.5158
5nvc,7.3157
5wh5,7.9614
6cee,4.8561
5nwg,7.4154
5yjo,6.9397
6ay5,7.4541
6ax4,7.393
6f4n,4.4368
6fzx,6.3627
6fod,6.0791
6g1w,7.4741
5zh4,6.0631
6mvx,6.8577
6duf,8.0903
6gz9,5.7146
6b33,7.3665
5wkm,6.199
6bh8,5.352
6g9m,8.1616
5nwc,7.3372
5nqr,5.7752
5xih,6.852
6afr,5.5025
6fgy,5.9115
6mx3,4.6859
5xii,5.9476
6hth,6.2218
6g92,6.5981
5vm6,5.7421
6hm7,6.9835
6f6d,4.652
6b5j,5.8665
6dcg,6.9596
6fyl,7.6206
6f8t,5.7347
6e0q,4.0698
6ety,3.288
6bo6,7.6755
6emh,8.1171
5xpo,6.2924
6ffi,5.3002
5w6e,7.3839
5xyy,6.4812
6ay3,7.014
5ygi,5.8069
6i3s,7.3282
6ezh,5.3384
5yqn,6.5824
6hsk,6.1364
6ex0,5.445
6hti,6.0741
5wf7,6.3047
6axq,3.862
6fs0,6.5525
5mpk,6.1536
6ma3,4.9821
6ma5,7.0309
6ma1,6.7222
6d56,7.925
6eq8,5.6917
6cus,5.807
6cks,7.6512
5nlk,5.1779
6eol,4.8316
6fa3,6.3806
6fyz,5.8842
6d55,6.7387
6ma4,4.974
6fa4,6.6713
5ygd,5.4826
6ckr,7.409
6bh1,4.8163
6epz,3.7232
6chp,6.0622
6ht1,7.6692
5mpn,5.6169
6as8,3.429
5ypo,6.2596
6b2c,6.3117
5unp,4.9992
6fs1,6.6539
5yj8,3.9775
6afl,6.8346
6b1c,7.285
5ymx,5.594
6d5h,6.2878
5ywx,5.4866
6h7o,7.2278
6d5e,7.0756
6bgy,6.7678
6ajj,5.9838
6cve,5.104
5vk0,6.7662
6bgv,4.8163
6ghh,5.557
5ya5,6.8838
6fo5,6.6391
6msy,5.3178
6mub,5.2293
6eq7,5.9477
6b1k,6.4483
6bgw,5.6657
6fa2,6.6694
6bh0,4.8163
6cqz,4.2644
6cqt,4.2016
6fsy,4.6565
5y97,4.4
5z7j,6.2462
6bh5,6.3231
6d5g,6.2388
6dq8,6.5062
6df1,5.2074
6gfs,5.557
6f5u,6.9018
6ajh,5.6654
6nao,6.4333
5xhz,5.3416
5yyf,4.929
6epy,3.5286
5w4e,6.3021
5v37,8.3321
5y21,5.8265
5uc4,4.581
6f7t,5.1131
6ar2,4.9581
5zia,5.5095
6fbv,5.3222
6gf9,5.557
6bgz,5.8797
5xjm,6.0594
6ghp,4.2446
5ucj,6.7924
5xo7,6.2462
6cvf,5.5864
6d5j,6.4222
6bgx,6.4344
6bny,4.5302
6coj,5.2443
6gvz,5.8791
5yf1,4.4492
6afj,4.8965
6bgu,5.4898
5oxl,5.5763
6czi,5.7886
6er3,3.969
6drx,6.9177
6ce2,5.1356
5vyy,7.2185
5ygf,5.3163
6mwe,7.4356
6afi,6.0467
6f6i,6.9726
6c91,5.2441
6cv8,5.7094
6gjn,6.6799
6afh,5.0052
6e5x,6.2289
6fmj,6.2033
6dkb,7.9424
6mu3,5.3178
6eq3,6.251
6cdm,6.3547
6ckw,6.9171
6ge7,5.557
5y6k,4.4113
5nwz,6.4802
5w5v,5.7218
5muc,3.9829
6afc,7.2438
6f6n,7.1524
5oht,6.69
5uch,5.5032
5xwr,5.1267
6cdo,5.4856
6f09,5.3233
6epa,4.6448
5ovc,4.5027
5umx,6.4964
6b5i,6.4995
6bu0,5.9204
6ey9,6.9177
5ugm,5.4397
6f7c,5.5079
5yvx,5.6295
6fv4,4.2874
6gw4,5.8791
6f6s,6.5743
6fmc,6.4589
6fmf,6.4589
5wmt,7.2185
5zk8,6.1859
6f7b,7.4388
6mnf,6.9688
5vb9,6.4518
5z68,5.1282
6eq2,4.5059
6bm5,5.037
6cw4,6.2426
6ey8,5.94
5owf,4.6122
6mj7,5.9312
6ftp,7.3403
6ced,3.5413
6cms,8.4238
5vm0,5.7421
6eog,4.8395
5y80,7.6971
6cdp,5.4856
6ajg,5.9635
6b5r,4.8414
5un1,4.809
6czf,6.0429
6dxl,5.8886
6er4,3.3868
5za2,7.7986
5zk3,4.6275
5mwh,6.1222
5om7,7.3403
6avi,5.6586
6b1h,6.9071
6b1f,6.9071
5mtw,5.6639
6cdg,5.8719
6eyt,4.2326
5o3r,4.1838
6gnw,4.8413
6aoy,3.3201
6arm,3.3201
6drt,5.6975
6f4x,5.5703
5oxn,3.925
6ftz,5.8775
6ct7,6.0502
5qap,4.0895
5qam,3.4531
6cvd,4.0057
6bnk,7.8976
6bef,5.2419
5os8,4.3238
6fx1,5.0015
5umy,5.7121
5yvt,4.5828
6evq,4.9397
5o22,5.7449
6fkq,6.3374
5zw6,3.7113
5yft,4.3155
5xiw,5.6575
5nap,7.3094
5yz2,3.4784
6b5a,5.5367
5yc2,5.0099
6hmg,6.16
6hai,7.1577
5yqx,5.0204
6bnl,7.5586
5qa7,3.8535
5qan,5.5275
6fgf,7.4603
5o1c,5.6209
5o1g,4.5184
6g9i,4.1423
6chn,8.1631
5nn0,6.3017
5yc4,5.4159
5nkn,4.7912
5qaa,5.291
6min,5.0461
6glb,7.4906
6gfx,6.9916
5otr,3.7046
5ytu,3.7537
6dq4,6.2207
5o9o,5.3251
6clv,6.9002
6e4u,5.4426
6afg,5.071
6gy5,4.9715
5yfs,4.3155
6cfd,8.4058
5xgl,5.9765
5nwe,4.2045
5z99,3.8352
6el5,5.1522
6gl9,6.7085
6gji,4.8416
5ylj,5.198
6gjl,4.3652
6fnf,7.191
5oha,4.2944
6am8,4.9976
5z7b,4.353
5yc3,5.3133
6eqa,8.1999
5qat,3.197
5y6f,5.857
6fnj,7.1308
5mo2,4.0019
5mnn,4.0019
5mno,4.0019
6csr,5.1602
5qah,4.5067
6f5w,4.3748
5o1h,5.7643
6h2t,6.1124
5y7z,7.6971
6bcy,5.6672
5qai,3.9232
6gu7,7.6914
5qb0,3.8128
6aox,4.8054
6eq6,5.4609
6g36,5.7379
5zuj,5.1086
6bd1,5.2016
6czc,5.0086
6fbw,6.2388
5yba,5.434
5o0j,5.034
6gu2,5.9594
5qax,4.9201
5mos,4.0019
5y94,5.5489
6g0v,4.6049
5yh8,5.409
5n7b,6.4432
6cnk,6.3624
6g35,5.7379
5qa8,5.7598
5qar,4.8485
5qa4,4.0777
5qad,4.3949
6fuh,7.2434
5qa6,4.6533
6faa,5.5346
6fa5,5.5346
6fac,5.5346
5o5a,5.326
5orj,4.0449
5vkf,4.3071
6bj3,5.4623
6fgg,4.9136
5od5,7.9608
5nyh,7.3057
5zop,5.1199
5wew,7.2286
5xsu,6.2115
6i8y,7.0007
6gu6,5.8423
6gjr,4.8443
5yhl,5.9723
5ov8,5.8738
6dub,5.4173
6eq5,4.5732
6fse,5.5201
6cd8,4.857
5nne,4.4567
6evn,4.6794
6fba,4.5505
5qas,4.9317
5wa5,7.0974
5odx,6.9844
5z89,5.6264
6bvb,6.0474
6e4w,5.9644
6e49,6.1798
6bed,4.7885
5olk,4.7581
6bdy,5.8948
6mim,4.8181
6hm4,6.2254
6aqf,6.3499
6e59,7.3428
6gon,6.2848
6goo,6.2848
6h96,6.7362
5o3q,5.008
6b5t,4.8428
5zoo,4.7649
6fi4,4.577
6fhu,4.3527
6dki,7.7779
6gl8,7.1875
5zvw,5.3992
6bh2,7.3264
6c99,5.901
6eq4,6.3901
6cdc,5.875
5oua,5.7964
6egw,6.2033
6dkg,7.929
5vzu,4.8891
6chh,6.1502
6faw,6.2078
6f4w,5.5703
6e2o,6.2916
6boe,4.2981
5xsr,5.6612
5znp,5.7321
5moq,3.6838
5mng,3.6838
5mnh,3.6838
5mo0,3.6838
6bm6,5.168
6d28,6.6368
5qag,4.7253
6gjj,4.4926
5yhe,5.1201
6b3v,7.0072
5os7,4.6829
5o55,6.9752
5o1b,3.8844
5qb1,5.3334
6fut,5.7321
5zt1,6.0605
5znr,6.3205
6fmk,7.6197
6cfc,5.3527
6bbx,6.2375
6hke,4.3468
6dk1,7.9601
6g6y,5.5267
6g6z,5.5267
5qak,3.5222
6guf,7.43
6cwn,4.1701
5qab,4.353
5ndb,4.3149
5o1d,5.5919
6bee,5.1259
5qa9,3.4936
5ork,3.367
6elp,6.3646
6g38,4.8037
6gub,5.9594
5uxn,4.2264
6g0q,5.5678
6eq1,3.5286
5qae,4.6042
5qao,5.1203
6gfy,7.3078
5oqu,5.1605
5o87,7.6582
6beb,5.0614
6f1j,4.7772
5qac,4.9642
6ahi,5.8394
6css,5.7915
6guc,6.8006
5n1p,5.7399
6egs,4.785
6gjm,4.3494
6guh,7.6914
6fnq,6.378
5ost,4.8236
5oaj,5.5637
5yyb,6.4026
6co4,5.9696
5oax,5.0201
5wj6,6.1984
6gla,7.5256
5oss,5.407
6gnp,5.8806
6hsh,6.1364
5z95,5.6264
6miq,5.7476
6evp,5.2917
6aji,6.0318
5o0e,5.8463
6em7,5.7607
6ema,5.8463
6eru,5.8353
6esa,6.0562
5nau,6.7737
5qaq,3.8096
6cwi,4.1701
6cwh,4.1701
6cwf,4.1701
6ggv,5.9312
6e83,5.4626
6f9g,7.1933
6hd6,6.9694
6fi5,5.5398
5oa6,5.2169
6hpg,5.0041
6gr7,4.8413
5zu0,5.168
5zzw,5.168
6g14,5.2776
5xvw,5.3862
6afa,6.8329
6af9,6.8329
6grp,5.8806
6fe1,5.6615
6fhq,6.5377
6h7n,6.7805
6ekq,6.4484
5owa,6.4484
6gnr,5.4148
5uxm,4.9976
6fau,6.2094
5vl2,5.7421
6a6w,6.1163
6afd,6.5142
5xs8,5.794
5mqx,5.237
5yv5,5.5457
6aff,4.2457
5y20,5.7684
5qa5,4.3552
6gfz,7.3078
5o1f,4.8126
5o1a,6.8456
5vh0,4.2713
6ami,4.9976
6fhk,5.3982
5yl2,5.2116
5qaf,5.6078
6gbe,7.0305
5yqw,4.6156
6bau,5.63
6g86,6.8719
5ybi,5.0862
5vqe,3.6896
5nud,5.422
6fe0,6.5669
5qaj,3.4679
6eya,4.8166
6h7b,5.435
5o1e,5.1166
5ovv,6.1875
5yto,6.1923
6hoy,7.8716
5ogb,8.5679
6ccu,5.8589
6q3q,5.0041
5qal,3.4988
5msb,5.2543
6fui,6.5915
6hqy,6.4047
6mdq,8.4301
6h8s,4.8304
5w8j,6.6519
5yy4,4.7356
6g9u,6.5342
5osl,4.3285
6ei5,7.3072
6cd9,5.6066
5yij,5.0572
6hk6,6.5688
6csp,4.6185
6f08,5.6065
5o9r,5.7504
5ody,4.999
6c3u,5.3333
6ma2,7.0309
6eyb,6.7253
5uci,4.8555
6g3a,6.3183
6baw,7.2069
6g15,5.445
5ol3,6.2254
6erv,6.2254
6erw,6.2254
6cer,5.0658
6ap6,5.9222
6afe,6.9342
6an1,3.7335
5o9y,6.1847
6b5o,5.2176
5y24,3.7113
6g39,6.3183
6ap7,5.4738
6fav,6.1976
6g0z,6.5186
6h1u,6.7902
5oah,6.6434
6ezi,5.2235
5qaz,6.15
5qaw,3.409
6b1x,6.3924
6b1y,6.1194
5nze,4.2045
6csq,6.3674
5orh,3.5172
6g37,5.7379
6b22,6.293
6b1w,6.065
6b1j,6.7196
6gu3,7.6914
5wep,5.9371
6e4a,5.5069
6h77,5.4784
6h78,5.4784
5w2s,7.0717
6mv3,4.7501
6hly,5.1447
6hlz,5.1447
6hm2,5.1447
5ods,5.0223
6exj,6.0929
6czb,5.4441
6dlx,5.1047
5wij,6.9553
6f20,4.1199
5qb3,6.5603
6gue,7.6914
5o1i,5.5081
6bj2,5.4623
6gmq,5.2595
5vnb,4.8128
5yls,5.2328
5tkk,5.4856
5xpi,6.713
6gzh,8.1676
6gzm,8.0619
6bcr,5.2875
6fdp,5.0585
6bw5,5.4855
6cpw,7.7505
6et8,7.1885
6b5q,6.8401
6g34,6.3183
5o5m,6.043
5ot3,6.042
6ert,6.042
6bhv,4.4182
6cf6,5.4434
5zla,3.6818
5zku,3.6818
6fdt,5.2338
6fug,6.7392
6fuj,4.501
6elo,6.0113
5nz4,4.2045
6gnm,5.042
6f1n,6.9412
6bod,4.604
6mxe,5.3057
6df2,5.4722
6fjm,6.0645
5xmx,5.0304
6fsd,6.1051
6g9b,3.9697
5umw,6.4964
5qay,4.6107
5ywy,5.2564
5v3h,6.0058
6atv,6.3573
5wmg,5.8533
6d6u,8.2473
6d6t,8.2473
6g85,6.7948
5o9q,5.5116
5zo8,3.8346
5zo9,3.8346
6d1x,6.537
5zkc,6.1859
5yc8,6.1859
6dq5,5.6909
5otz,3.5855
6arn,4.6074
6g47,3.2748
6gmx,3.2747
5oxk,6.2022
6mjf,5.7726
6ghj,5.2671
6fjf,7.4423
5ohy,6.69
6evo,5.3418
5niy,5.4438
5wik,6.6413
6fu4,4.8031
6f8g,5.2827
5yyz,6.2743
5wou,4.9313
6hlx,6.5774
6htg,5.2695
6f55,6.1986
6c28,5.0587
6ckc,5.665
6fni,7.191
5y2f,5.4324
5tkj,8.8476
6fap,6.2612
6fi1,6.2612
5mwz,7.6406
6aro,4.4051
6gw1,6.3376
5xbt,6.6238
6gzl,4.9889
6cnj,6.3624
6gwr,6.3839
6cc9,5.5187
6ccx,5.5187
5qav,6.4924
5qb2,4.5081
5qau,6.5682
6h0b,4.9974
6g98,6.5342
6guk,7.43
6cct,4.621
6fng,7.1308
5obg,7.3273
5o8t,7.3273
6cvv,6.4288
6h7f,6.2182
5vrl,7.0445
5om3,6.5569
6c4u,5.2848
5o9p,5.7313
6ap8,5.4738
6e86,5.3016
6dik,5.081
6dq6,6.0659
5ok6,6.367
6e4t,5.9392
6b67,6.9424
6hpw,6.4888
5w7x,4.3451
6hrq,4.7687
5var,6.4549
5y8y,5.9037
6beh,5.1223
6agg,4.5566
5om2,6.5569
6ce6,3.5385
5xhs,5.0018
5oci,7.6707
6chl,6.2349
5yy9,4.8858
5ovp,4.7355
6fby,6.3975
6emu,4.7366
6fmi,6.1242
6fii,6.0901
5oa2,3.6082
6gzd,8.0619
6i8b,6.5539
6eln,5.1183
6h41,5.3998
6cze,3.9274
6fns,5.7956
5win,6.238
5w4s,6.0412
5yhg,5.409
6bgg,6.4807
6fam,5.0718
6bec,6.0078
6bxy,8.6917
6bmi,3.8314
6d50,3.2112
6exi,3.9598
6e9a,8.024
6cdj,7.661
5xvg,6.4936
6cdl,7.661
6h5x,6.1576
6h5w,6.1576
6dif,6.6906
5web,6.4126
6gbx,6.9653
5w92,6.4177
6cn5,7.1637
6dj1,7.4337
5xva,8.1568
5wb3,5.8487
5ykp,7.1632
6apv,6.9527
6bbs,7.0551
6czd,6.1022
6bqh,7.1338
6drz,7.2982
6g4z,7.3957
5yr5,7.1632
6dge,5.0285
5y0g,6.1467
6ebe,7.4461
6eda,7.4461
6dar,5.9713
5y0f,5.9848
6b8y,6.3313
6aps,6.5408
5vja,6.5011
6ecz,6.4156
6aqq,9.1794
6bu3,5.919
5wdw,6.8767
6eeh,6.4156
6e7j,8.0617
5w44,6.7503
6bc9,5.6266
6dry,6.1716
6eeo,6.8378
5wfm,6.4126
5wap,6.8765
5n9n,5.122
5wa6,7.0173
6h36,5.7613
5n9k,6.1207
5yr4,7.2113
6got,3.6026
5wdc,5.5334
5wa7,6.2904
6f92,6.2778
6cbh,5.538
6g3o,7.0078
6hh3,6.4145
5y12,4.9952
6h2z,5.7613
6h34,5.53
6c8x,7.7685
5w73,7.058
5ou3,4.9336
5laq,5.7925
6eea,7.4461
6ays,9.0553
6apw,11.662
6h33,4.7715
6eiz,6.7457
5xvf,7.4783
6aqo,6.3655
6b4d,5.8556
6bvh,6.4155
6c7q,5.1935
5kw2,5.602
5ou1,6.4025
6apt,6.3655
5wfw,5.8487
6c4d,8.3604
6b7h,4.6394
6h7l,4.8607
6hgz,5.4672
6f7q,4.8257
6f90,6.2778
5mgi,4.7505
5y13,5.7926
6bqg,6.6965
5od1,5.0176
6bt6,5.4594
5owh,5.0555
5owl,5.0555
5z1c,4.9324
5nps,4.9521
5yic,9.8422
6dpx,4.9532
6ayt,8.9869
5wf3,6.6745
6g4y,7.9155
5oyd,4.9094
5nw7,6.2331
6gdg,4.9538
6dj7,8.177
5nxp,6.8275
6f9r,5.7779
6dhc,7.8548
5l8c,6.6935
5mwy,6.4094
6eif,8.1336
5zag,5.0039
6en6,4.1497
6cbg,3.6716
6dh6,7.7962
6ej3,7.1124
6iiu,6.7359
5npr,4.8489
6dh2,8.0368
6mvu,4.5964
6apu,6.8743
5ny6,5.7357
6f9t,5.5225
6dh7,7.778
5za7,5.3327
5oh3,3.9299
6ee3,7.4416
5oh9,3.8198
5va9,8.0165
5wf6,7.008
6iiv,6.8013
6dh8,8.0368
6g2m,4.784
6h7m,5.3821
5ylv,3.7215
5wlt,5.0023
5zae,4.4003
6ej4,6.7877
5n9l,6.5694
5uzj,6.7613
5zaf,4.5438
6eij,6.8383
6euc,6.6918
6ewk,6.6918
6ej2,8.0027
6f9v,5.5225
5nxx,3.2893
5uzk,7.1762
5za9,4.546
6g46,5.7661
6m9t,6.4076
6ee2,6.4708
5g5v,6.2578
5zkb,5.5142
6f28,6.5289
6hx5,3.388
5ll7,4.2236
5ylu,3.8168
6h7j,5.3619
6h29,4.6181
6h37,4.7715
5wg9,6.2904
6fnr,5.3616
5nxg,5.1548
6eip,7.5637
6ee4,7.3139
6gg4,3.9526
5wxo,7.0904
6ee6,7.2998
5nxi,5.4418
6bw2,7.0906
6cvx,8.051
6fnt,5.8147
5wf5,7.008
6eqw,6.118
5nzn,4.2045
6cjv,3.6818
6gg5,4.7202
5yum,4.3514
6fmp,5.1511
6djc,6.2645
6eqv,6.1566
6fcl,4.0962
5wgp,4.725
6dh0,7.7962
6eis,5.3728
6fag,5.7037
6ea1,7.313
6dpz,5.7206
6arj,8.2458
6dh1,7.778
6g22,5.7784
6f3b,6.776
6edr,5.8338
6eee,6.7297
6ea2,7.2532
6aqs,9.3636
5oh4,4.8671
5yjb,7.5968
6mi6,4.9039
5wlv,6.2109
5yia,9.8377
6f29,5.8336
5v6y,6.293
5yib,9.2964
5nxv,5.9448
6d1u,5.848
6buu,6.808
6cvy,8.1831
6flg,6.981
6faf,5.8513
5mwp,6.5694
6fky,6.5041
6d9x,5.5229
6dne,6.6882
6eqx,6.983
5ny3,7.4293
5wxf,7.091
6c5f,3.7304
6c7w,4.2883
6f05,4.6682
6ceh,3.9947
6exs,5.2725
5ny1,6.3617
6eiq,5.9931
5l8y,7.8542
5oh1,5.1754
6c1s,8.1857
5yid,9.8348
6ayr,9.0556
6cb5,5.0499
5yr6,7.313
6das,6.4681
5nxo,4.1149
5nya,3.9826
6m8y,6.2786
5zaj,6.9737
6eab,7.1363
5oh7,3.5929
5wxp,6.0786
6m9d,5.4812
6ex1,6.4802
6ayo,8.9844
5yie,9.2962
6isd,6.5268
5za8,5.9855
6dm8,7.9342
5zah,5.718
6hh5,6.2456
6m9c,5.8159
5nxw,6.1266
6g3q,5.5722
6eir,6.7935
5oh2,5.7569
5v3r,5.9683
6d2o,5.0439
5oje,4.5253
6d1m,5.4553
6ar9,6.9527
6ayq,9.0055
6hwz,3.388
5z5f,5.3273
6cbf,6.4025
6m8w,5.7742
5ou2,4.9713
5tig,5.3616
6c3e,4.8221
6c7x,8.2746
5wa1,5.7931
5wdl,5.7824
6g2l,5.769
6m9f,5.8124
6cvw,7.7685
6b95,5.1314
6dak,6.5842
6dj5,7.6331
6f9u,5.7779
6d1l,5.4469
6dj2,7.4337
6dil,6.6906
5y0x,4.6891
6h38,5.53
6g2n,4.784
6dpt,7.004
6b59,5.5367
6evr,6.6171
6dpy,5.5426
6eed,7.2927
6eaa,7.3187
6dai,7.5059
5zc5,5.459
6c0s,6.6445
6fkz,7.0852
6g3v,5.2541
5nzf,4.2045
6b2q,7.176
5nxy,3.7815
6nze,6.6334
6nzh,7.0665
6nzm,8.7426
6ocz,6.5997
6rfj,7.6446
6gva,7.8187
6ocw,6.3287
6ode,5.8406
6mjw,5.9616
6mck,7.7793
6qmr,3.608
6r0k,7.2347
6s90,7.1083
6plg,8.0293
6oir,6.989
6sfj,6.678
6g9s,6.8952
6oqn,5.8825
6rmf,7.7662
6uwv,7.3087
6k1s,5.6947
6nzg,5.9757
6h4z,6.9084
6ncj,8.2515
6sfi,6.9296
6mju,6.4999
6uwp,5.8985
6mdc,7.073
6rfi,5.9829
6h4s,7.286
6ul8,6.7852
6n0q,7.5978
6o6f,3.368
6hkn,7.0159
6mhd,5.4406
6mt0,5.7735
6hro,6.5173
6qeg,5.3289
6mdb,7.5113
6h52,6.3601
6akw,5.3073
6qef,7.0489
6sfk,6.5445
6qed,7.1657
6h4y,6.9356
6hgx,8.3055
6r8r,4.8526
6qfe,5.1155
6k9u,8.2882
6h4r,6.6237
6st3,7.0449
6oim,7.4836
6h4t,6.6335
6pgp,8.152
6h4p,6.6385
6h4w,6.7011
6o8i,6.2131
6q96,7.1641
6tel,7.7356
6qmt,4.7573
6h4o,6.6237
6d4t,5.6788
6oip,5.5193
6r8q,4.1131
6h4x,6.9356
6h51,6.3637
6hcw,6.8453
6rrm,6.096
6p3p,4.3728
6q7w,5.3952
6h50,6.3601
6npv,7.4274
6qm7,5.6009
6ten,6.8488
6h0u,6.8062
6mhb,6.0566
6md7,7.1713
6oko,7.1728
6rj2,5.9552
6t6a,4.7816
6mo2,7.2443
6k4x,2.9427
6p14,6.6742
6rtn,8.0233
6d4v,5.6316
6ind,7.6027
6imt,7.4515
6sal,7.3517
6duk,6.5355
6hkm,7.9299
6ink,5.4059
6oiq,6.1685
6te6,7.4368
6mo1,7.4091
6oio,5.4206
6nzp,7.8629
6p5v,6.9118
6hx1,8.0041
6j6m,7.0859
6ilz,8.594
6mhc,6.0449
6mo5,6.3949
6nzq,7.1209
6o6g,4.54
6ovc,7.3975
6rj5,6.5092
6rni,5.7869
6suo,5.1017
6npu,7.1918
6bqd,6.345
6ohd,8.9186
6iji,6.215
6ilq,7.1983
6aa4,6.3246
6eb2,8.1549
6pz4,7.0379
6oa3,4.7077
6rj3,6.2409
6fe5,3.3341
6npe,6.5642
6qhb,5.9299
6inm,5.4059
6n83,6.9589
6qs5,6.027
6g9f,7.7986
6mo0,7.866
6nzr,6.7563
6h4v,6.8772
6p8y,5.2331
5z1t,5.0153
6imo,4.4914
5y7k,6.081
6s88,5.8398
6moo,6.424
6h4u,7.1427
5z1s,5.8458
6gcx,7.6558
6i3u,6.821
6mod,5.7344
5zhm,5.8864
6dhu,4.3592
6die,4.3592
6sq0,8.0091
6ffe,5.3802
5zxi,5.0903
6n6o,6.3474
6aej,6.846
6d4q,5.685
6i0x,5.1808
6gj7,7.8431
6npp,3.8232
6fzm,5.6934
6nzf,7.6336
6k4t,3.7317
6n19,3.2566
6qxd,6.8227
6uvy,7.0282
6d4s,5.6345
6o9x,5.8835
6p11,7.0744
6n17,4.7819
6fv1,5.7631
6oin,6.1458
6p12,6.6742
6rjp,5.2451
6d4r,5.6338
6htc,5.501
6m88,5.6399
6n82,6.9589
6c67,6.7102
6qfh,5.1155
6hx8,6.5075
6q5b,5.7258
6jjm,3.9887
6i1r,2.907
6nss,6.2973
5zee,4.4426
6rne,6.43
6mny,7.6594
6ahs,6.0084
6oah,6.1182
6szj,6.6349
6j5l,5.2649
6jib,7.4982
5znl,7.4582
6jse,6.5539
6qxa,5.9801
6n3n,7.445
6d4u,5.6268
5z1r,5.6171
6dih,4.3634
5zqr,6.8174
6itj,5.4687
6jwa,6.3183
6njj,7.0576
6nji,6.737
6oyh,5.2696
6htd,6.5898
6ib2,7.2261
6pyu,6.1489
6udx,4.3076
5zgg,4.8036
6g8l,6.5224
6qh9,7.6215
6nvh,6.538
6nvl,6.538
6msn,6.0963
6kzc,6.7103
6ijl,7.4321
6e6w,6.0551
6npm,3.7563
6f1w,7.382
6htr,6.5843
6nel,5.0248
6pf5,5.9719
6uhv,5.3485
6e4c,6.2831
6g3c,7.993
6q6m,6.8687
6nem,6.4232
6q9u,9.584
6ckl,4.7864
6n5f,6.2113
6hmp,7.8794
6k0j,4.5446
6i0k,3.7397
6i0c,5.5357
5ovf,6.6879
6m95,6.0648
6mo8,4.7081
6q9q,7.2752
6hmr,7.5292
6qg7,7.3271
6f7i,6.6489
6q39,6.5001
6qad,6.4553
6m8e,5.549
6qri,5.3222
6i8z,8.0247
6pya,7.0821
6mo9,5.2768
6irt,6.684
6skd,5.7209
6dtn,6.9299
6rn6,7.0038
6hcu,6.8453
6iby,7.9995
6ic6,5.096
6jz0,5.9662
6iuo,6.7747
6c9n,6.414
6htp,6.4276
6pi1,6.6013
6ega,7.5823
6ohu,6.7626
6s9d,7.6175
6pf4,6.3714
6g8j,5.0843
6e3z,6.624
5zef,3.7451
6qmd,4.4309
6e6v,4.3972
6q9s,7.2028
6s7s,5.3261
5zqp,7.2845
5y7h,6.4269
6uim,5.3738
6oyz,4.4014
6nrf,5.907
6nwc,6.8778
6q8p,5.9433
6pf6,6.0933
6pk7,5.104
5zqo,7.1161
6skb,6.1528
6c9r,4.5608
6f96,5.7767
6qhr,7.206
6g8q,5.6444
6o1g,7.573
6ow7,6.4426
6pyr,7.0049
6hrw,5.9644
6qff,5.1155
6h4q,7.1427
6edl,6.5008
6jut,7.7726
6dha,5.6734
6e5b,7.2823
6m8c,5.549
6s7z,5.869
6hop,5.9634
6e3m,3.705
6gcw,7.8804
6c9p,4.268
6m89,5.58
6ufn,5.5144
6n3o,7.648
6r7d,5.8503
6ebw,6.7749
6qcj,4.5015
6jmf,8.0119
6nvi,7.4916
6hys,5.5346
6q7v,5.6321
6p8x,5.2368
6peb,7.302
6hgv,8.3061
6hvw,7.3936
6n7z,6.1977
6kzd,6.7046
6kdz,6.3901
6rz6,7.6378
6pgo,6.6847
6im6,7.1595
6njh,7.4442
6jsz,6.9823
6e0r,8.2705
6r5f,7.6084
6m7h,8.2676
6etg,5.7388
5zqq,6.8017
6s9b,5.6704
6prt,4.9232
6hvv,7.256
5zcu,5.6139
5ovi,6.5783
5qj2,5.6709
6msc,7.3823
6q7h,6.1865
6gjd,7.7583
6ic0,7.7873
6ibz,6.706
6qaa,5.1492
6iup,7.0658
6nyw,7.8762
6qw9,6.3326
5qj3,5.3893
6f26,7.382
6ps9,7.3293
6iar,5.1601
6oa1,5.4845
6n3z,8.9354
6imi,7.1595
6hvu,7.4144
6qwa,6.3326
6s9c,6.0951
6huc,6.5146
6nd3,4.0366
6hmb,7.4745
6hv0,6.7619
6n3l,7.0478
6nri,4.6148
6udy,3.8805
5ovh,6.9887
6knh,3.4766
5z5v,6.0573
6ke0,7.3197
6pf3,5.7936
6hwu,7.1232
6q8k,7.1526
6kdx,6.1347
6m9l,6.4433
6mhm,6.108
6n3k,7.2826
6q6o,5.5883
6ibx,7.1134
6p1l,9.6268
6npi,3.7302
6qfg,5.1155
6qae,5.0006
6rpg,6.6202
5zma,4.4569
6hs0,5.2779
6izq,6.4058
6dji,3.8763
6hs4,6.5951
6jsf,6.5539
6q9o,6.6616
6ak4,6.8723
6oag,6.1182
6jsn,6.9823
6mso,6.0963
6mum,8.5484
6mzw,7.5035
6mzq,7.5035
6q9l,6.2775
6nkp,5.6208
6hv5,7.7467
6hvr,7.4773
6r8p,4.1844
6gcl,3.7818
6ufo,5.5723
6g8k,4.9937
6phz,5.6891
6oht,7.2711
6n5h,8.3127
6a6k,5.5351
6huu,6.5271
6k1q,6.4048
6qft,7.8292
6nrj,5.2292
6q9y,7.3909
6uii,6.0371
6n5c,5.7038
6f86,5.6661
6s9x,6.4404
6r7j,7.2974
6pht,6.4612
6p1d,5.6308
6hgy,5.6913
6ny4,7.4971
6ow2,7.8377
6pl3,6.7209
6rj6,7.3342
6fne,5.4621
6s43,5.2462
6e5g,6.3526
6imr,5.3818
6tld,5.8571
6fu1,6.3733
6m8b,5.4909
6dtx,5.1731
6eb1,7.0275
6jsg,6.7419
6mo4,5.788
6gcr,7.315
6oe3,6.3035
6hot,5.0826
5ovg,7.0548
6qw8,6.6856
6uhu,6.6752
6ib0,7.6919
6i0p,4.1695
6nk0,7.0017
6pic,4.9524
6keb,3.708
6pyb,5.5351
6pdj,6.7707
6nsp,6.4312
6q37,6.132
6j10,6.4048
6e3g,6.5949
6qme,6.3564
6mep,6.4859
6i0r,4.4621
6qw7,6.6856
6oco,7.4151
6mdd,4.7173
6agt,5.7829
6n9p,6.2083
6oyw,7.3035
6qha,6.3591
6jt3,6.3757
6p5w,6.8722
6a84,7.1954
6nvj,6.1553
6dtw,5.1731
6hzu,7.5276
6m8a,5.5672
6hp9,7.1533
6d4w,5.628
6oyt,8.1332
6fff,7.122
6r7k,7.5249
6rn7,5.6434
6hy2,6.6042
5y7j,6.081
6hva,7.7454
6aa5,6.0511
6oz6,6.6121
6hv2,5.6163
6hou,5.0267
6nrh,6.647
6kla,6.2784
6nrg,5.3713
6s7k,5.0514
6imb,7.1624
6imd,7.1624
6q9w,8.8177
6hvs,7.7331
6hv4,7.2274
5z1e,7.1256
5z1d,7.1256
6hcv,6.4873
6q7a,6.6809
6rna,6.3371
6p10,7.0744
6od6,8.3919
6jpj,7.7303
6qab,3.7949
6qac,5.0174
6mul,7.1171
6rln,5.6691
6rn9,5.8358
6qhc,6.1927
6uvv,5.7252
6hbn,7.8311
6d5w,7.36
6ffg,6.6964
6qho,7.2248
6s55,7.9253
6oi9,7.2334
6hor,4.9562
6hv7,7.3713
6eg9,8.3833
6npt,7.3702
6ijh,5.7344
6hzv,7.9027
6ic5,8.1945
6qxu,7.1537
6dim,3.7097
6djd,3.7097
6m8d,5.5672
6n7y,6.1977
6q9h,6.8126
6hrx,5.0484
6pys,7.0049
6huq,6.5197
6uf0,7.7965
6ic7,7.2845
6jjn,6.0079
6skc,4.9221
6psb,7.0402
6a1c,7.2032
6mob,7.419
6c9q,5.122
6n4t,7.5414
6jid,5.5289
6fym,5.4922
6s8a,7.5629
6nvg,7.4612
6s89,6.5378
6qg4,7.5036
6a3n,7.7306
6uil,5.5974
6djj,3.487
6sze,5.415
6hwv,7.3607
6moa,4.6957
6msa,7.2291
6f8j,6.0885
6r49,6.476
6e6j,8.0526
6gjb,6.4846
6hub,6.7814
6nsq,7.2073
6i0b,5.5357
6n4e,8.2618
6qwb,6.3326
6mo7,5.9673
5zr3,7.7409
6f94,7.0397
6n5g,7.3285
6i5i,6.3488
6ocu,6.6049
6qgj,7.9478
6mqe,5.4856
6r8o,6.2826
6h4d,5.5074
6i8m,5.6062
6qyn,5.4866
6qz8,5.4866
6dyv,8.9945
6dyy,9.0197
6h76,3.2748
6qyo,6.491
6maj,6.4556
6qmk,7.7226
6dyw,8.9567
6qmj,5.745
6dyu,9.079
6jb0,3.1872
6slg,8.055
5zyj,7.2012
6u5y,7.3444
6qyp,6.2513
6nfh,5.4657
6rr0,5.7518
6qsz,4.7738
5zyi,7.2012
5zyl,4.9663
6p83,6.2531
6qfq,6.1137
6nfi,7.4763
6pi5,4.8108
6pii,4.8108
6u8l,5.7018
6qr0,6.7589
6fzf,5.8969
6efk,5.8219
6fvl,6.0258
6np2,4.5472
5zyk,4.9663
6ai9,6.3721
6qqz,6.8016
5zhl,6.3418
6kdi,5.3555
6e23,7.6601
6iph,4.7581
6idg,5.3555
6fvm,6.0258
6i17,8.3909
6mqm,6.3283
6u8o,6.8922
6fzg,5.5019
6oja,3.7206
6n9l,6.0504
6phr,6.4558
6qgk,8.1147
6idz,3.7235
6if0,7.5165
6qz6,5.121
6qz7,5.121
6a73,5.502
6np3,4.3179
6ntj,4.3179
6qzb,5.2192
6g2r,4.2199
6qi7,5.557
6qr3,7.2482
6fzp,5.5186
6pfj,5.857
6mom,7.6202
6n7d,7.8948
6iez,6.8106
6pek,5.896
6r4s,6.4288
6c8c,5.6127
6u8b,6.5831
6pxc,6.1625
6sy7,3.4784
6fzj,5.7499
6r7r,4.8184
6idb,3.114
6u5m,5.7662
6j81,7.3203
6op9,8.2254
5zys,5.4541
6p3w,5.8032
6o3x,5.949
6qr4,6.2711
6nad,7.5068
6dyz,10.3195
6r8l,6.2826
6mkq,6.1022
6md4,5.5721
6hgi,7.3911
6aec,5.6014
6j72,5.091
6ak5,5.1266
6hq7,6.6238
6hq3,6.3402
6a87,4.1785
6oie,5.0874
6p7p,6.3402
6dsp,5.7036
6qyl,5.121
6qz5,5.121
6htn,4.9778
6mlo,6.3954
6n3f,5.1102
6hm1,7.3294
6dz0,10.558
6r8i,5.3937
6jbb,3.4151
6jb4,3.386
6mle,6.3954
6qgf,5.6729
6uyx,6.2219
6mbo,7.0418
6mbp,7.0418
6pka,7.8506
6r9x,6.3025
6d9s,5.6857
6o7g,4.7223
6os6,4.7202
6a80,4.9028
6md0,6.707
6mh1,8.062
6n48,7.6026
6r8w,4.6688
6iyv,6.0134
6gj8,7.4037
6e22,8.5068
6dz3,10.3456
6n0p,6.8467
6k4r,3.4784
6dz2,10.3656
6e1a,7.7627
6h8c,7.2629
6i5j,6.2871
6i5n,6.1085
6n3w,3.7933
6bs3,5.5346
6i14,7.0865
6n0m,6.4324
6rml,6.2662
6jan,3.386
6aad,4.8048
6ipj,4.8332
6rqk,6.3776
5zhn,6.3418
6stl,3.9775
6inz,4.9318
6mnc,8.4432
6r4v,6.1515
6aan,5.2025
6i8t,5.6062
6aeh,5.1498
5zdb,5.237
5zdd,5.237
5zde,5.237
5zdc,5.237
5zym,4.9663
6gge,4.5038
6a9c,5.4854
6d78,8.1999
6mh7,6.8649
6ncp,5.6742
6ipi,5.5524
5zdf,5.237
6hol,7.0388
6uyy,6.4498
5zhj,4.693
6o68,6.5886
6p85,6.3311
6jof,6.7206
6haj,4.0273
6kjf,7.0466
6haz,6.003
6ql3,5.6615
6qrd,7.4173
6j3p,4.4367
6rih,5.2321
6ha4,4.0273
6iqg,5.6087
6qrg,4.7747
6pia,6.4564
5zbz,5.4043
6abk,5.8272
6j0o,7.3878
6jaq,4.529
6fmn,5.5554
6d49,4.3398
6d4a,4.3398
6gjw,6.0933
6i77,6.4842
6pg5,4.6646
6nv7,8.7209
6cf7,8.3309
6dgr,5.8771
6i4x,5.3829
6a05,5.3588
6a30,6.3761
6e7u,6.7622
6cjj,5.3982
6e7t,5.8366
6me1,5.9014
6pg9,6.2824
6qqv,5.6765
6un1,5.0245
6jon,5.2087
6mjq,6.92
6g6x,6.5309
6n55,5.1536
6n53,4.0264
6max,5.8141
6op0,7.4685
6jao,3.7029
6tyz,5.6413
6mt6,5.5417
6klk,5.2779
6dql,4.9325
6i68,5.7563
6jdl,7.1696
6qrc,5.4688
6mja,7.6332
6gga,4.3318
6mjj,7.8157
6jfk,6.3894
6pg8,3.03
6e7r,7.0964
6qfw,4.9788
6qk8,5.8397
6qre,5.256
6hah,4.0273
6p84,6.4546
6nsv,5.7054
6mt4,5.5417
6q4q,6.4478
6e1z,6.7859
6ipl,4.7581
6cd5,7.171
6pyd,7.4607
6i62,5.3447
6nlj,5.3809
6qlr,3.6161
6jap,3.4151
6kmj,6.4673
6qxj,5.652
6g2b,6.7313
6e3s,7.0172
6g7a,6.4129
6nfz,6.9627
6nfy,6.9627
6qts,5.4705
6t1l,6.6872
6om2,7.7899
6n54,3.9956
6g24,4.1179
6g2o,6.0747
6e7x,5.7909
6ql2,5.4556
6mkw,5.5538
6qas,6.9415
6t1j,4.7381
6miy,7.3678
6n3e,5.5691
6i66,5.4309
6iou,4.7342
6i78,5.6222
6seo,5.2911
6mj4,6.7125
6ueg,4.1716
6jbe,4.529
6qr9,6.2869
6qtq,4.9576
6frj,6.4412
5zk7,7.5249
6poh,3.7797
6prg,4.0155
6qqw,5.7635
6quv,5.8359
6r0x,5.3122
6bs5,4.399
6n8x,5.1522
6qge,5.6729
6iiw,5.4217
6n87,8.0853
6pi6,5.4937
6jjz,6.1254
6j0g,6.4157
6j0k,6.4157
6ets,3.993
6n3v,4.6202
6j3o,6.3314
6cse,5.475
6h1d,5.7726
6agk,6.7064
6ggd,3.9934
6t1o,7.12
6ak6,4.961
6ikm,5.8808
6nfo,5.7661
5zyh,7.4699
6i12,6.5775
6hk4,7.1696
6fvo,6.7326
6bs4,7.1696
6sen,6.0632
6mg5,5.6517
6itq,8.1456
6n93,5.8244
6rmm,5.8979
6ocq,7.5081
6mlp,5.5538
6pg6,5.0024
6i67,5.2445
5z66,5.7184
6ipm,5.5524
6g6t,7.4554
6nfn,6.3042
6qfx,6.4007
6gj6,5.4606
6iae,6.5186
6p86,6.5662
6p8z,7.3208
6i96,6.0184
6dyr,4.3846
6cq1,4.9663
6ift,4.9242
6nw3,7.6518
6pl1,7.9443
6hq4,6.5482
6itp,7.3414
6h9v,5.822
6nk1,6.5987
6e7m,6.8932
6v5l,5.123
6nsx,5.4279
6e1y,6.6101
6g2c,6.1213
6ooy,6.1363
6pg7,3.7981
6qln,6.5047
6jno,7.2074
6mmq,5.008
6i75,4.8765
6qlu,4.9102
6qtr,5.9882
6qto,6.1039
6e91,5.2158
6pge,5.2934
6nj0,5.1469
6mmc,6.0504
6g5l,6.1652
6iso,5.0928
6p87,4.4843
6p8a,7.2022
6j06,6.1088
6q36,6.4657
6pgb,5.3647
6qe0,5.8436
6pg4,3.9737
6poq,5.1502
6np5,4.6993
6nti,4.6993
6o9c,5.7606
6pga,4.8043
6pid,4.9524
6mm5,6.5858
6i11,6.1571
6i10,7.5178
5znc,5.477
6mln,6.3954
5zjf,5.5727
6o5g,6.6605
6ia7,4.7596
6dgl,6.7365
6dgq,6.0777
6qtw,5.289
6a5e,4.9596
6c3n,4.0668
6qr2,6.9318
6dgo,6.4889
5zxk,6.4157
6fgc,6.4577
6a06,5.703
6gfm,5.7936
6i74,5.1498
6om4,6.4284
6dzx,3.7206
6gdy,5.1792
6t1n,7.4611
6n3y,3.6522
6csf,5.475
6r1b,4.7735
5zdg,5.237
6mli,5.5538
6d8v,4.9393
6hgg,7.3414
6ott,5.9227
6mm2,5.6014
6aaq,5.9844
6qzr,5.0387
6p88,5.8678
6sge,5.091
6g25,5.6188
6e7w,5.7442
6q9t,8.2022
6nco,6.9127
6qdx,6.1502
6nu1,5.3189
6hk3,6.4946
6j7l,4.8882
6jag,3.4151
6nyv,6.8383
6qlq,4.766
6mt5,5.5556
6qau,7.2833
6fpu,5.8861
6poi,5.663
6dn5,5.1688
6hhp,5.9592
6dyo,3.7441
6ql1,4.4257
6e7v,5.8863
6qrf,4.9546
6pvz,4.5598
6pyc,7.4607
6q4e,4.6279
6e92,4.596
6qfu,4.7819
6dkp,6.2776
6e5s,6.8932
6c3l,5.2434
6np4,5.2893
6c5h,4.7307
6m8q,4.7792
6rtw,7.111
6u80,6.4573
6o3y,5.0395
6j1l,6.996
6py0,7.3646
6qaf,4.9341
6i65,4.7399
6g5u,7.4554
6qtx,6.3013
6qzh,6.6105
6g2s,4.1233
6ggb,4.0148
6ggf,3.7916
6aee,6.0271
6hzx,7.7774
6olx,5.1522
6n8y,5.1522
5zk5,5.6068
6n0j,6.1692
6os5,4.7202
6p7q,4.0665
6pgc,4.5696
6qls,3.4182
6u6w,6.4574
6qmu,5.4505
6fvn,6.7326
6qav,7.7918
5zni,5.9819
6dzv,5.9491
6im4,3.7113
6s07,5.1799
6u9v,6.3894
6hgj,8.0254
5zjz,7.7347
6q38,8.2011
6h4a,7.7861
6h75,3.2748
6mla,6.3954
6o5u,4.5739
6k2n,4.4565
6qi4,6.3923
6gj5,5.6938
6q6f,5.2897
6mmo,4.1838
6q3z,8.5165
5zk9,7.1244
6hk7,6.4027
5ove,7.5412
6hkx,5.8863
6hky,5.8863
6ajz,6.3397
6qat,7.277
6gy0,7.16
6phx,4.7771
6g29,5.0237
6jad,3.7029
6ajr,4.3622
6i64,5.1793
6pg3,5.2843
6oh3,4.1479
6i5p,6.2718
6ior,4.2919
6nzk,2.6663
6qfv,5.4339
6sdd,6.3289
6qqu,5.8077
6d08,5.3547
6mqc,5.4856
6d07,5.1971
6qlp,5.4008
6sfc,5.269
6ajy,5.1348
6qtm,4.9917
6t1i,7.4583
6a03,6.5482
6a9o,6.4413
6gxg,5.7326
6gxy,5.7326
6iot,6.359
6pu3,5.0677
6jam,3.1872
6e4v,4.9573
6q4g,5.7784
6mji,7.7364
6ghv,5.8984
6k5r,4.5713
6hp5,3.7113
6hks,5.9318
6q3y,8.3496
6mlj,6.3954
6i7a,6.0644
6dys,4.6982
6i61,4.8332
6hmy,4.5013
6qc0,5.5973
6k5t,4.5713
6iyw,5.1255
6nng,6.7497
6qqt,6.3213
6eeb,6.3721
6ml9,6.3954
6ms1,5.5939
6a04,5.9309
6t1m,6.7205
5zyg,6.7802
6iht,4.206
6oh2,2.907
6j63,6.9457
6nv9,8.0337
5zjy,7.5106
6i97,6.0184
6o2p,4.3644
6g8i,6.2481
6ipk,7.1746
6qqq,4.2022
6peg,5.7543
6g2f,6.4349
6k3l,7.4745
6e8x,6.711
6mtu,6.1593
6i41,6.0644
6cn8,7.4072
6dyn,5.4561
6pvy,4.5908
6sde,6.5343
6ssy,5.4091
6v1c,4.926
6dy7,4.7781
6e7s,5.8066
5zdp,7.3873
6cyg,6.5637
6p9e,7.1487
6c5j,4.7307
6c5k,6.6342
6dya,6.8879
6det,6.359
6nu5,5.3189
6ntb,5.6014
5zqu,7.9451
6n7q,7.0067
6r9s,6.6808
6miv,7.5289
6j9w,3.1872
6r9u,7.2822
6qe5,5.168
6o3w,5.0744
6i13,5.6897
6aao,5.6748
5zml,7.5148
6jdi,7.1696
6hoi,5.4215
6cyh,6.4977
6mku,6.3954
6qr7,8.4666
6n9t,6.0189
6fcj,6.9648
6qra,7.7783
6qcg,5.7347
6g27,5.5796
6qhg,6.7646
6st0,3.7709
6rhe,4.2096
6mtv,5.0515
6nfg,5.3704
6gxq,7.0791
6ios,3.6145
6q92,4.6609
6dn6,3.9064
5oai,5.6091
6n3x,3.3852
6j9y,3.386
6nnr,4.5892
6i76,4.5178
6qr1,7.5887
6n0k,6.8287
6pl2,6.7326
6kqi,7.823
6qlo,4.5858
6agp,5.5074
6kjd,6.9744
6pml,3.6997
6fh3,5.3867
6i18,6.7078
6nm4,6.3586
6ftf,8.1213
6m87,5.3515
6md6,4.1677
6s57,8.2651
6s56,7.4156
6ajv,5.5487
6ajx,5.5198
6cyi,6.5637
6j7e,7.1696
6hbm,3.5991
6hgf,7.3414
6p89,6.4624
6g2e,5.4473
6ncn,5.3374
6joe,6.7206
6qpl,5.257
6hmt,5.9592
6i0z,4.17
6qlt,4.6946
6hni,4.5506
6i63,5.5785
6njz,5.7152
6hay,8.0445
6hhr,5.1416
6rk4,4.3413
6afk,5.6531
6ooz,5.5576
6da1,6.2773
6dat,6.2773
6mlg,6.3954
6oxq,7.8661
6ng0,6.9627
6qgh,8.1751
6oxp,7.6999
6o0k,8.4409
5zg1,7.1604
6oxv,8.1373
6oxw,8.1373
6ne5,7.84
6no9,7.4878
6oxr,8.1533
6p3t,7.3735
6oqc,8.2944
6d3x,6.2237
6udv,7.4687
6hlb,6.1855
6oy1,8.043
6oqb,7.07
5zg3,7.1568
6ud2,8.4227
6nzt,9.089
6ndl,9.3058
6nzv,7.7336
6pvx,5.4441
5zty,6.909
6jn6,5.6612
5zg0,7.3564
6oxu,8.1373
6p3u,4.326
6p3v,6.4456
6n4b,4.0231
6oxx,8.1533
6oxs,8.1533
6udi,7.719
6oxt,8.1373
6ps0,5.2703
6o0p,8.4409
6me4,4.4636
6oy2,8.043
6ps4,5.2652
6d40,6.2251
6q89,7.4862
6oqd,7.2876
6ps3,5.7244
6sbt,6.7204
6ixd,6.0995
6h9x,7.5568
6i9a,6.5027
6udt,5.5505
6ps1,8.3924
6ps6,8.3924
6cjs,7.3024
6oxz,8.1374
6n78,7.9233
6n79,7.7113
6jij,5.5584
6saf,7.6317
6d19,4.5415
6oxy,8.1533
6cjr,8.1306
6o5t,8.59
6ftw,6.8835
6q54,4.15
6pt3,6.064
6jki,5.509
6hoq,5.9634
6me3,6.9251
6iql,6.1214
6me2,4.1064
6o0m,8.4409
6pvw,5.5527
6hle,5.7329
6ibl,6.974
6hza,5.5159
6oy0,8.1374
6n77,7.8167
6orr,6.0456
6udu,4.8956
6qgg,8.0604
6hld,5.9928
6pgx,5.0101
6ggg,6.204
6n7c,7.6027
6hzd,5.5159
6n7b,6.5166
6j8r,4.8796
6gg8,6.9281
6odz,5.5297
6c2r,7.615
6hzb,5.5721
6fz4,5.59
6hzc,5.7339
6pit,5.2254
6d3z,6.6277
6oe0,5.5275
6peu,6.5212
6s1s,4.8308
6d18,4.5418
6npf,6.1846
6pvv,6.4288
6nt2,6.0312
6me5,4.485
6jav,6.4741
6mq3,7.6954
6eds,7.6954
6o94,9.1112
6q60,5.3425
6jay,6.1029
6hhj,7.2449
6n92,4.5969
6hr2,8.6716
6u26,6.5775
6oac,8.5445
6s4t,3.4781
6rvl,5.799
6ibs,5.4828
6r0v,5.5549
6c9v,4.7196
6g9x,4.1769
6hzy,6.6402
6d1b,5.5233
6c85,4.0904
6hp0,5.5168
6r11,6.5704
6r18,5.3149
6r1c,5.4994
6i5g,7.151
6h14,6.7205
6rw1,7.1628
6gf3,7.1034
6iam,5.164
6ovz,5.5333
6hb5,8.1544
6hb7,8.2656
6myn,7.5073
6ox0,5.509
6a8n,6.683
6d17,4.5108
6u7o,7.5723
6gvi,7.7967
6q35,6.9159
6s4n,7.7164
6s4u,8.2142
6hhg,6.5728
6hgs,4.3156
6e6m,6.2031
5qqo,8.1306
6mlw,4.2144
6szp,5.6897
6ugz,6.9773
6n94,5.8261
6d1h,4.8715
6mnp,5.446
6rfn,6.389
6gev,6.8123
6nmb,4.8075
6jn4,7.1601
6d3y,6.0056
6jaw,6.6166
6u7p,7.8111
6prf,7.6635
6mxc,4.3156
6hy7,8.0078
6j8q,6.0211
6o50,3.4744
6ouv,4.5273
6qyk,4.4503
6i5y,8.2508
6h12,7.2927
6q8c,4.6422
6nwk,6.1858
6d3g,7.7986
6r13,4.1515
6mlh,4.9488
6plf,7.079
6nyh,7.7918
6dd1,5.4165
6o5x,5.7238
6mll,4.5417
5yy6,6.556
6qs1,4.5358
6a8g,7.2343
6g02,4.0561
6gvx,5.7104
6ugo,4.5998
6mia,5.4749
6hax,8.6716
6mxb,5.8821
6k05,7.1749
6ugq,5.6411
6p5o,4.652
6e5t,6.3613
6gvf,7.928
6jio,6.5115
6q8b,7.4873
6o9d,9.1051
6s0e,4.258
6oe1,5.5275
6h7d,4.6668
6dd0,5.4163
6o21,5.3415
5qtt,7.5668
6d3q,4.9004
6o4w,6.7512
6gbw,5.8074
6ps5,5.5596
6tl2,4.9706
6n96,5.6579
6otg,7.9032
6rfw,6.8597
6d15,4.488
6d1d,5.5017
6dl2,5.4155
6d1g,5.5825
6hgr,4.1407
6gxb,4.7147
6o0o,7.1875
6ppy,4.333
6jax,4.2243
6m7i,7.6764
6g01,3.2258
6dzy,5.9491
6q30,4.1575
5qtu,7.959
6byz,6.8004
6n7a,6.601
5ywg,5.8905
6of5,5.6235
6pno,7.2304
6a94,4.8748
6o4x,5.7221
6md8,7.6764
6mnv,5.3182
6gwe,6.8646
6hb6,5.8218
6rvk,8.1228
6nwl,6.4094
6pve,5.8948
6d1a,5.2449
6r1a,6.7873
6s5k,4.6055
6efj,4.0894
6mey,5.4457
6rot,8.8953
6c9s,4.4634
6r1d,5.3143
6r1w,7.2454
6o95,9.1048
5qqp,8.1232
6o8u,9.1039
6q2y,4.7434
6mxd,4.1407
6ibv,6.3886
6ibk,5.8455
6o57,4.983
6o5a,5.1192
6qwi,4.644
6ugr,6.9773
6mlf,4.3613
6d1j,6.0757
6mdu,4.7888
6h13,6.9462
6s9w,6.7742
6pvu,3.6879
6pnm,6.4474
6jn3,5.9436
6hhi,7.2621
6pvs,5.8886
6a93,7.7478
6om8,5.0246
6pnn,6.2651
6gg3,5.4836
6e5l,6.2597
6hhh,7.5863
6ugp,5.6411
6jn5,7.1601
6o0h,5.852
6abx,4.2656
6n97,5.3088
6n95,4.5941
6cjp,4.9597
6pm9,7.6057
6h3q,4.5936
6rvf,6.8637
6d1k,5.4165
6qxs,4.0208
6o48,5.7238
6ugn,4.5998
6do1,6.8394
6jtc,5.2254
6d16,4.7604
6r4k,4.3641
6d1i,5.8822
6uh0,5.0545
6r1k,7.1081
6k04,7.1749
6q8a,6.9795
6ic2,5.7602
6gvh,6.8981
6gvg,6.98
