id,prediction
2tpi,6.3215
5tln,6.3867
4tln,5.6541
6rsa,4.706
1rnt,5.9214
6cha,4.7858
4ts1,4.7062
4tmn,6.7873
2tmn,5.7223
1tlp,6.8124
1tmn,6.4297
5tmn,6.5562
4fab,6.017
1p01,5.8609
3at1,5.454
1p05,5.9377
1p10,5.8188
6gch,6.5018
7gch,6.5725
1p04,5.7594
1p06,6.2274
1p03,5.8302
1p02,5.8292
8abp,5.7424
1rbp,7.3032
7abp,5.662
6abp,5.95
1fkf,5.9139
9icd,5.7486
4er1,6.6862
5er2,6.1903
4er2,7.7613
2ypi,4.9408
4er4,6.7455
5apr,6.6177
3er5,6.5277
4apr,6.3421
5hvp,5.9353
6cpa,6.5914
2er9,6.9231
2er0,6.8052
4sga,5.6524
2er6,6.0402
3er3,6.6154
5er1,6.325
9abp,5.7282
1bap,5.9427
5abp,5.7304
8gpb,5.8553
1apb,5.65
7gpb,5.8196
1stp,7.7026
5est,6.392
6tim,4.852
6gpb,5.1773
9hvp,6.2318
4tim,4.7453
4est,6.393
4phv,5.2606
1rne,7.1653
1ind,6.0186
1igj,6.7594
1fkb,5.811
1gca,6.0284
1l83,5.2492
2avi,7.5812
1rin,4.499
1dmb,5.4495
1atr,5.1455
1dbb,6.6752
1pop,5.9258
1gpy,4.4709
1abf,5.6599
1rgl,5.83
6rnt,5.6503
1rgk,5.5876
3gst,6.1598
1cps,6.4593
7hvp,5.7612
2gst,6.1598
2lpr,5.8188
3lpr,5.9235
1ppm,7.5428
1hos,6.2974
1ppl,7.142
9lpr,5.9036
8lpr,6.2172
5lpr,5.8132
1bcd,5.3131
1ivp,5.956
1trd,5.9036
6lpr,5.9235
7lpr,5.8894
1mns,5.0697
1ths,6.2444
1htf,5.8016
2hmb,5.7313
1him,6.6878
1dbj,6.5696
1hte,5.6993
2dbl,5.3274
1htg,5.8393
1thr,5.9903
1acj,5.9923
1dbk,6.1456
1hsl,5.6426
2drc,6.0615
1sre,4.6701
1sri,6.4151
1tka,5.7618
1abt,5.7591
1lst,5.4815
1tkc,5.7975
1avd,7.2729
1ctr,5.2637
1hgi,4.9845
1hgj,4.8921
1dhj,6.0624
1tys,5.7928
1sps,6.0717
1pyg,5.8268
1adl,6.3082
1mfd,5.0288
1hge,4.6457
2cgr,6.5657
1dhi,6.076
1srg,6.3759
1erb,7.2354
1mfa,4.9769
1tni,5.4059
2ctc,5.4232
1add,5.2966
1tmb,7.1031
1elc,6.2514
1wht,5.1982
1tsi,5.7599
1cil,6.1593
2sim,5.3693
1thl,6.2913
1tnh,5.1344
1ela,6.2732
1cbx,5.4849
1inc,6.0409
1ppc,6.5769
1hps,6.1722
1fig,5.3131
1tet,6.1397
1azm,5.597
1rpa,4.8473
1tng,6.5526
1pph,6.4389
1ett,7.1646
1cim,6.1036
1csi,5.7411
1cin,6.1455
1fki,5.7126
1rpf,5.3767
1gbt,5.6283
1apw,7.0859
1fkg,5.6343
1tkb,5.3766
1nnb,4.9877
1tnj,5.7363
1ent,6.4314
1hvl,5.8608
7cpa,6.6039
1epo,6.6173
1hvk,5.8608
1hvi,5.8608
1tnl,6.166
1bra,5.0101
1hgt,7.0916
1els,5.4839
1eed,6.2443
1heg,5.9207
1sbg,5.8949
1apv,7.0122
1hef,5.9754
1agm,5.9501
1ppk,6.8698
1csh,5.6773
1iht,6.1156
1lyb,6.9762
1tnk,5.2968
1dwc,6.8035
2cht,5.2308
1aaq,5.8451
1hvj,5.8624
1epq,6.6102
1dwd,7.2233
1epp,6.2852
1ets,7.2307
1elb,6.2776
8cpa,6.5235
1fkh,5.751
1siv,5.8731
1mnc,5.739
1fta,5.2353
1shd,5.9443
1tps,6.3869
1idb,5.9427
1hrn,7.1255
1drj,5.3649
2dri,5.3717
1drk,5.3794
1flr,6.1103
1tyr,6.201
1hmr,6.1097
1hms,6.1097
1cbr,6.0987
1hmt,5.7313
1cka,4.9139
1utr,5.5165
1ahx,5.3707
1cny,5.8638
1laf,6.0915
186l,5.5197
1cnw,5.6884
184l,5.5661
1lcj,5.7981
1yda,5.3641
185l,5.1073
1pgp,4.538
1lah,5.4776
187l,5.1592
1cnx,5.6725
1ahy,4.5069
188l,5.1758
1ckb,4.9117
1ydb,5.3596
1lag,5.6047
1prl,5.3969
1prm,5.3969
1rlp,5.1968
1rlq,5.1968
1ydd,5.4152
1cgl,6.0785
1ele,6.0709
2ada,5.1312
1fpc,7.2706
1eld,6.2396
1lcp,4.6949
2srt,5.9988
1pdz,4.7395
1tyn,6.5992
1hvr,5.4039
1atl,6.2241
1tpw,6.0551
1hpv,6.7626
1css,5.7655
1ctu,5.9345
1gar,6.4082
1eat,6.3482
1ebg,5.5189
1hdt,6.6553
1bty,5.0795
1eas,6.4313
1ibg,7.2268
1fiv,6.0781
1bma,6.2438
1ctt,5.4427
1csr,5.7788
1hbv,5.9349
1std,6.041
1qca,6.565
1hvs,5.8179
1hii,5.7557
1lan,4.5205
1hti,5.0436
1ppi,6.394
1hih,5.8884
1vrt,6.7539
1vru,6.3723
1rth,6.5074
1bil,6.8526
1pig,6.4871
1bim,6.7963
1fpi,5.0576
1inf,6.5949
1cwc,6.8939
1rti,5.2422
1gym,4.5646
1cpi,5.7577
1mik,6.889
1inh,6.1847
1qwf,5.0984
1nja,5.7771
1qwe,5.1393
1njb,5.8393
1gaf,5.1275
1sts,5.7869
1tsy,5.8136
1cea,5.3701
1dar,5.9649
1slg,5.8015
1lkk,5.7285
1lkl,5.6797
1tsv,5.8225
1nje,6.3269
1str,5.9471
1ceb,4.415
1njd,5.8031
1njc,5.7463
1mai,5.4157
1zsb,5.3579
1sld,6.1309
2olb,5.6222
1pot,5.78
1btn,5.1661
1det,5.8559
1kel,5.5186
1sle,6.6232
1swi,4.8831
1mmq,6.2219
2upj,5.9759
1lhc,7.1429
2csm,5.4832
1grp,4.6645
1fmb,5.9399
1sln,6.0695
1lhd,7.1108
1lhe,7.1611
1hsg,5.656
1hsh,5.5944
1igb,5.728
1jrs,6.6174
1aht,5.4321
1mmp,6.0486
1pbk,6.0479
1jao,5.6279
1gai,4.6838
1tcx,5.9228
1cwb,6.9874
1rdn,4.3611
1amn,5.8236
1dud,5.4596
1gah,5.9715
1gno,5.5559
1rdj,4.5051
1gnn,5.5716
1dif,5.9409
1bmn,7.289
1rev,6.5015
1jaq,5.5051
2csn,5.7116
1mmr,6.1358
1mtr,6.0463
1hpx,5.9763
1rdl,4.3024
1gnm,5.595
1pro,5.4483
1noi,5.7352
1noj,5.7002
1nok,5.7002
1bmm,7.2417
1lhg,7.1082
1lhf,7.1496
1rdi,4.8489
1mdl,5.0853
1rnm,4.5518
1tcw,5.9219
1fkw,5.1489
1kvo,5.9144
1tze,5.7623
1lt6,5.714
1jlx,6.4541
1bkm,6.1328
2rox,6.4845
1jld,6.1009
1lt5,5.0936
1tvr,6.6046
1uwb,6.7243
1dth,6.3223
1rt2,5.4735
1aq1,7.3504
1rt1,5.6582
1lfo,5.4342
1avn,5.1951
1rbo,4.6163
1drv,5.3247
1aqj,5.1734
1bxl,5.8867
1okl,5.2486
1ao0,4.7318
1nlp,5.6024
1avp,5.9987
1jev,5.939
1aj7,4.9157
1jeu,5.6455
1ag9,6.8376
1ado,4.75
2adm,5.1813
1aqi,5.1658
2h4n,5.3333
1nlo,5.53
1gbq,5.3635
3gbq,5.3635
2mas,5.1824
1rst,5.9588
1aqc,5.4966
1shc,6.3054
1jet,5.6243
2hrp,6.8847
2aac,4.2447
1irs,5.8421
1mpa,6.5294
1nox,6.05
1uvt,6.8738
1qbt,5.6993
1qbr,5.8254
1ajq,4.9658
1qbu,5.8822
1ai7,5.2185
1ai6,5.0071
4vgc,6.3542
1hxb,5.8593
1sqc,6.1561
3mbp,5.5439
1ai5,5.2831
1ad8,7.3744
1dmp,5.3584
1qbs,5.2238
1pau,5.5399
2kce,7.4478
1hpo,6.0632
1af2,4.8913
1vgc,6.4084
1yds,6.6025
3gss,6.3319
1dub,5.6108
1uvu,6.9359
2gss,6.0733
1ajx,5.3242
2rkm,5.6243
1h4n,5.055
3aid,5.8357
1aid,5.6304
1al7,5.3149
1ajv,5.4131
1ajn,5.0358
1fwe,4.7014
1vfn,5.4719
1juy,5.2042
1vot,6.2933
1ydr,6.9739
3vgc,6.3542
1ai4,5.1321
7upj,5.9631
1anf,5.5439
1al8,5.3842
1fax,6.7055
6upj,5.556
1ydt,6.1766
1uvs,7.3418
2vgc,6.4632
1ajp,5.2186
1amk,4.7711
1ml1,4.7684
1tom,7.3111
1sme,6.8652
5upj,5.556
2jxr,6.8579
1rtf,5.0339
1bm2,6.2818
2pax,5.9175
1vik,6.1624
4aig,6.211
4pax,5.4347
1a2c,6.1362
1bmb,5.6756
1aq7,6.8419
1bl4,5.9081
1fgi,5.7045
2aig,6.2287
3pax,5.1511
3aig,6.4333
1agw,7.1438
2qwg,5.0217
1bji,6.8818
1bmq,6.3655
1ao8,6.2668
1skj,6.0881
1err,6.3991
1a5v,5.2579
1akv,6.4682
1b7h,5.6205
1b6h,5.6139
1a4k,6.8853
3pcj,5.3926
1b1h,5.9654
1ax2,5.1869
1b39,5.3654
1bcj,4.6052
1b0h,5.9473
1b38,5.3654
1a7x,6.2323
1a09,6.1629
3pck,5.3407
1x11,5.4243
220l,5.2232
223l,5.2248
1a07,6.082
1a1b,6.0153
1a1c,6.0809
1ax1,4.9983
1bcu,5.2339
2nmb,6.2884
1wdn,5.8802
1b3h,5.9312
1axz,4.6073
1a9q,5.5073
1ax0,4.7653
1akq,6.4682
1akr,6.4733
1jmg,5.7878
1jmi,5.8031
1b5h,5.6243
1a4h,6.3226
1aj6,6.5264
1yet,6.2048
1bbz,5.2454
1vwn,6.1309
1jmf,5.821
1gux,5.7987
1b3l,5.5967
1b3f,5.7841
1af6,4.1449
1azg,5.209
1axs,6.9875
1br8,5.3783
1a1e,6.1262
2izl,6.4044
1vwl,6.5476
1azl,6.4744
1a08,6.2674
1akw,6.437
1b3g,5.6433
4tmk,5.4605
3pcn,5.225
1amw,5.2127
1b2h,5.6222
1a99,5.6358
1akt,6.4659
1b4h,5.6222
1a3e,6.1687
1bm7,5.6172
1vwf,5.7857
5tmp,5.4882
1bhf,5.7214
1swg,8.9978
4rsk,5.3958
1a0t,4.3306
1at5,4.7933
1aku,6.4682
1b05,5.5659
1b32,5.6086
1at6,4.8137
1awi,5.2872
1usn,5.9166
2qwe,5.1253
1bv7,5.7857
1a5g,7.2452
1xug,5.9982
1bxo,6.4663
1bv9,5.7893
1a52,7.4033
1bhx,7.1765
1tbz,7.3549
1bdr,5.8222
2usn,6.3664
1moq,4.9299
1alw,5.2923
1bdq,5.7207
1met,5.245
10gs,6.8338
1br6,5.9802
1ayu,6.3684
1tsl,5.9594
1awh,6.6225
1meu,5.3008
2wed,6.4271
1awf,6.4252
3pcf,5.0082
1tsm,5.8859
2pri,5.3381
1a4w,7.2188
1bdl,5.7207
3tlh,6.3553
2amv,5.5685
1a8t,6.8205
3pce,5.2253
1ayv,6.3112
1b5g,7.343
1mem,6.8971
2wec,7.1095
1a9m,5.6469
1hvh,5.3039
1au2,6.3012
1ilq,6.0215
2qwd,5.0674
1b4d,5.4299
1hxw,6.0699
1bju,6.3571
2qwb,4.6945
6cgt,6.3997
2qwf,5.1452
4mbp,5.5439
1a61,7.308
1bwa,5.7855
1bjv,6.4729
1a46,7.2912
1b0f,6.1043
1mes,5.2375
1bjr,6.5467
1au0,6.3777
5fiv,7.1613
1a7t,5.6845
1afk,5.4907
3pcc,5.0307
3jdw,4.9426
2hpa,5.5694
2qwc,4.9922
1hfs,6.2082
1ohr,5.8471
1a8i,5.2499
1bwb,5.8568
2prj,4.6989
1lox,5.8715
1b11,6.0591
1bxq,7.0955
3pcb,4.9238
1bq3,5.9571
3pch,4.9972
1a28,6.5483
1auj,6.6267
1a30,5.2308
1afl,5.4722
1axr,6.0541
1ibc,5.9098
3pcg,5.0731
1a69,5.4947
16pk,5.2348
1bq4,5.1604
3bls,5.1083
2web,6.63
6fiv,6.1362
1aw1,4.6491
1stc,7.1909
1jfh,4.4859
1a4g,5.5492
1bl7,7.3536
1bmk,7.3117
1qf5,5.6713
1bqm,5.7565
1a9u,6.7084
1db4,5.7333
1db5,5.5233
1bl6,7.182
1qfs,6.6341
1qti,6.2631
1vij,6.1624
1c3r,6.567
1bqn,5.6765
1qf4,5.6713
1cj1,6.3024
1a86,5.9069
1biw,6.4664
5prc,5.7722
2cbr,6.326
1cx9,4.5914
6prc,5.8693
1bqo,6.1986
3erk,7.2121
1qs4,6.782
1bio,5.6484
1b9v,7.1572
1zfp,5.5792
1qpf,6.568
4erk,6.611
1czq,5.5785
1qpl,6.4462
1b2i,4.4322
1a4q,6.9404
1a85,5.9358
1c50,6.8477
1bug,5.8922
3znc,5.9579
1c9d,5.3729
1eve,6.4608
3cbs,5.7256
7prc,5.8693
2cbs,6.529
1cw2,4.332
1c5f,7.0202
1b9t,7.0054
1bnm,6.658
1bnn,6.5558
1d3v,5.4604
1swr,7.8798
1a42,5.8702
1bn3,5.4369
1bnt,6.7048
1bkj,6.6463
1b2m,5.862
5fwg,5.8363
2a2g,5.2622
1bnu,6.8521
1a4r,5.7521
2ay3,5.2635
1a50,5.2422
1bnq,5.8923
1rpj,5.706
1ct8,6.5949
1bn1,5.8644
1bn4,5.9422
1azx,5.6003
1d4p,6.9499
1czl,6.5468
2ay6,5.145
1bnw,5.9126
1czr,6.4897
2ay4,5.1411
2ans,5.5468
1ork,6.1848
1bnv,6.658
1c12,5.5716
2bow,5.4268
1fpp,5.6605
1b9j,5.6955
1qka,5.6621
1d4w,6.0581
1vr1,6.9673
2ay2,5.3359
3tmk,5.7387
1bky,5.2826
1bux,5.3299
1mxl,5.59
1d2e,5.4749
2ay5,5.0039
1bgq,6.0202
3kiv,5.391
1qsc,5.8071
1sm3,6.8973
1d7i,4.7842
5a3h,4.4289
1b58,5.905
1d04,6.5468
1czo,6.5549
2pcp,6.8416
1bt6,5.7251
1yei,6.0261
1yej,6.0681
1b5j,5.6337
1bzy,6.1067
1b55,5.4551
1qja,6.3222
1b51,5.6209
1qkb,5.6535
2ay7,5.3048
2ay1,4.9918
1clu,5.6626
2ay8,5.1464
1d7j,4.6934
1b46,5.7467
1b40,5.9081
1b4z,5.6797
1bzf,6.1592
2ay9,5.5206
1evh,5.5746
1aze,5.2926
1qk4,5.0604
1d4t,6.0487
1qk3,5.5892
1qaw,4.1993
1b52,5.5893
3mct,5.3854
3mag,5.0946
1bwn,5.4556
1m6p,3.9669
2mpa,6.5363
1b5i,5.7085
1b42,5.6691
1d4y,5.8964
3erd,5.1209
2std,5.9646
456c,6.353
1bzh,6.7779
1sfi,6.4783
1ch8,5.9736
1oth,5.6351
3ert,5.5785
1bo5,4.7083
1dfo,5.9196
1ca8,7.3425
4yas,4.8742
1bxr,5.259
1pme,6.882
2bpx,5.656
830c,6.3106
5yas,4.8259
1a5h,6.8625
1ba8,7.3319
1ekb,5.5479
1cet,6.1623
2bza,5.1346
11gs,6.3319
1dg9,4.8598
3amv,5.57
1qin,6.0452
1cp6,4.6533
1qf2,6.5269
1bzc,6.9994
1xka,6.5985
1bm6,6.3683
1a94,6.2937
1b8y,6.2924
1d5r,5.3073
1ce5,5.0795
1caq,6.2922
7std,5.9768
6std,6.0801
1mfi,4.7059
2sfp,4.5695
1bai,5.7733
2bpv,5.8365
1c3x,5.5777
1bzj,7.0292
966c,6.1601
1b8o,7.0651
13gs,6.8339
1upf,5.6835
1c3e,6.2903
1a0q,6.619
1c3b,5.3453
1qhc,5.7202
2tsr,7.2047
2fmb,6.1252
1cr6,6.9813
1bgo,6.6202
4fiv,6.0437
1qcp,7.0029
1b8n,5.5175
1d6n,6.8166
5std,6.7222
1ciz,6.2922
2bpy,6.0261
1bb0,7.3327
1hwr,5.3691
7kme,6.8403
1qbv,7.3997
1qjb,6.331
1qf0,6.1859
2fgi,6.7628
4std,6.0749
1qf1,6.3342
1qbq,5.401
1icj,4.8456
3std,6.2545
4prg,5.9881
2toh,5.8375
3usn,6.1096
1zzz,6.7822
1b56,5.6958
1yyy,6.7822
1ody,5.6733
1qr3,6.8956
1eei,5.5597
1d5j,6.2069
1e02,6.1451
1e00,5.6112
1eef,5.9258
1dzj,5.2751
1c3i,6.2974
1bzs,5.6881
1fv9,5.5306
1efi,5.6625
1qhr,5.5774
1ftk,5.3113
1fd7,5.8237
1d8f,6.4844
1qj6,6.5851
1c8k,6.6929
1di8,7.3016
1cqp,5.7736
1fyr,5.5834
1e06,5.621
1e1y,6.6813
1qpe,6.2114
1d8e,5.6205
1dmt,6.4029
1d8m,6.3211
1qkn,6.4236
1dzp,5.2674
1dzm,5.3098
1d7x,6.1649
3gwx,5.6879
1exv,6.6174
1c29,4.5818
1c8v,4.5383
1qtn,5.2675
1ezf,6.8131
1dtt,6.3724
1di9,7.0956
1c8l,5.57
1dx6,6.2631
1dtq,6.4323
1em6,6.5418
1dm2,6.7448
1ftj,4.9633
1qj7,6.5461
1fsg,5.8246
1ftl,5.5336
1qj1,6.4372
1fao,5.0113
1fl3,6.4026
1d2s,6.9797
1df8,7.7924
1qku,7.3403
1g52,6.0142
1d3q,6.6008
1c7f,6.4744
1dl7,5.5903
1g1d,6.0146
1flm,5.9949
1e03,5.5832
1db1,6.7307
1fcz,6.4138
1fbm,6.2
1d3d,6.7102
1f4y,5.0369
1dzk,5.4608
1g53,5.9819
1qkt,6.4875
1czc,4.4505
1czk,6.4897
1g54,5.9323
1g46,6.0161
1duv,5.1391
1ggd,6.672
1qft,5.1426
1ddm,5.9569
1fhr,5.8036
1f8a,5.9318
1ql7,6.7388
1c5c,5.8315
1elr,4.9686
1ff1,5.5025
1qng,6.5335
1qiw,5.1559
1dpu,5.4796
1f40,5.8583
1g4j,5.945
1dkd,5.8445
1e8h,5.22
1g45,6.0165
1cze,4.3111
1f4x,5.0528
1fo0,6.0015
1om2,5.7471
1e5a,5.0506
1ftm,5.4
1fzq,5.8011
1fj4,5.6957
1g1e,5.4119
1e4h,4.727
1g48,5.9838
1fcy,6.4
1bp0,5.7852
1d3p,7.2799
1qpb,4.57
1g4o,5.9089
1c7e,6.4744
1ej4,6.3791
1g6g,5.2048
1g6r,6.0031
1etz,6.2346
1f3j,6.735
1fcx,6.4933
1d6v,6.9938
1fch,5.8606
1d6s,5.2859
1dva,6.4556
1qnh,6.8298
1c1u,6.1023
1c4v,7.0713
1b57,5.8272
1c1r,6.0239
1c1v,6.127
1f7b,5.9664
1c4u,7.2459
1c70,5.6269
1fjs,6.8408
1fh8,5.7211
1fhd,5.8148
1gfz,5.3859
1e37,6.0565
1c5x,5.9696
1d1p,3.7841
1f3e,5.2929
1c6y,5.6647
1fh9,5.8151
1c5q,5.6747
1e6s,4.9477
1d4k,6.0316
1d9i,7.289
1ec9,5.0017
1fq8,6.9982
1f74,5.8344
1ezq,6.7766
1eoc,5.239
1ecq,4.673
1c5s,5.5007
1f4e,7.2136
1doj,6.7623
1e34,6.0469
1qm5,4.7326
1fkn,6.2837
1d4l,6.5215
1b6k,6.0354
1f0t,7.2159
1dqn,7.7594
1e2k,5.5359
1d6w,7.2834
1exw,6.4414
1b6j,5.7496
1c4y,7.058
1fq6,7.0936
1erq,5.375
1qbn,6.2859
1c83,6.2725
1ecv,6.278
1qji,6.7637
1gfw,6.5392
1qb1,7.3171
1eoj,6.8319
1ek1,7.0272
1f0s,6.8811
1qbo,7.2949
1qaq,5.3878
1ylv,4.651
1f57,4.5325
1hlf,5.104
1ejn,6.6383
1c5n,5.7958
1c86,6.8712
1c5p,5.0795
1f0r,6.8295
1c85,6.1505
1f4f,7.2296
1c2t,6.2903
1d09,5.6939
1egh,4.7986
1ggn,5.1998
1fq7,6.8846
1c5o,5.3068
1f4g,7.3182
1qan,5.0348
1fw0,5.3405
1qb9,6.8163
1eol,6.7612
1fq4,7.3059
1b6p,5.9921
1fq5,6.7424
1f73,5.7424
1ql9,6.8578
1qi0,4.4196
1dy4,6.0387
1b6m,6.0463
1c88,6.8023
1fh7,5.6872
1ero,5.6668
1b74,5.5265
1qm4,5.2564
1e2l,5.5182
1b6l,5.9138
1ek2,6.3205
1ft7,4.8679
1c5y,6.1819
1c87,6.7888
1f0u,6.4905
1bsk,5.7251
1e55,5.3153
1gfy,6.8542
1enu,5.3214
1qq9,5.122
1eix,5.4174
1dgm,5.0059
1c5t,6.029
1qb6,6.6453
8a3h,6.0811
1c84,6.1923
1ci7,6.7394
1c5z,5.3422
1dqx,8.1363
1jlq,5.5448
1h8y,6.4881
1joj,6.8292
1jbd,5.4248
1g37,7.3124
1i7m,6.1188
1ft4,5.9036
1hvy,7.2721
1jik,6.3492
1fo3,4.7782
1jq3,5.4233
1i7c,5.5801
1k2i,5.1173
1i91,6.7574
1i8z,6.7908
1i90,6.0168
1jvp,6.7665
1jj9,6.0051
1hc9,5.3968
1iep,7.0163
1fvv,6.6678
1g2a,6.0177
1k1p,6.6828
1g49,6.2955
1h5u,6.8951
1jii,6.121
1f0q,5.5564
1g4k,5.1295
1ikw,6.7458
1cs4,5.595
1fo2,5.0879
1haa,5.4175
1i32,6.6539
1hbj,6.3588
1g05,6.3211
1jje,5.6086
1fls,6.2474
1e9h,6.261
1i8j,4.4591
1jij,6.1346
1jk7,7.2483
1hs6,6.6043
1g5s,7.0856
1jil,6.0837
1iky,6.5925
1ikv,6.7308
1i72,5.4325
1fvt,6.686
1ikx,5.7924
1i33,6.6423
1g27,5.803
1jjt,5.4546
1j7z,6.3969
1jd6,5.8097
1ie9,6.708
1j81,6.3969
1hn4,5.4491
1fwv,4.9914
1fwu,4.9914
1jd5,5.9711
1j4q,5.4128
1i80,5.1249
1j80,6.3969
1k3q,5.7492
1g3f,5.2965
1ex8,5.3346
1g7v,4.9006
1i7z,6.8649
1ka7,6.055
1h6e,6.17
1hiy,5.0033
1e3g,6.9042
1hn2,5.475
1h8s,6.6322
1j4p,5.6065
1k3n,5.6065
1j4k,5.8036
1ih0,5.9513
1f90,6.0378
1k1l,6.5796
1fzo,5.9714
1h61,6.1819
1k1n,6.3041
1h62,6.1403
1k03,4.7763
1hq5,5.2365
1i9n,6.05
1ha2,5.6994
1fzm,5.9307
1h60,6.2498
1f47,6.219
1if8,6.1498
1ii5,5.0572
1joc,5.2333
1k1i,6.617
1k1j,6.7912
1i8h,5.4244
1jgl,6.7275
1i9l,5.9361
1i9m,5.9917
1i9o,5.9861
1h9z,5.6994
1i9p,6.0162
1i9q,5.9616
1imx,5.9293
1if7,6.1498
1ewj,7.0457
1iq1,5.828
1fl6,5.4034
1ikt,6.5706
1k1m,6.6076
1jmq,5.1772
1ilh,5.9711
1e3v,5.5636
1fe3,5.6633
1fzk,5.9854
1h6h,5.4195
1k9r,5.3112
1fdq,5.1055
1i5h,5.3449
1idg,5.6227
1k9q,6.5289
1gny,5.0182
1g6s,5.0084
1fzj,5.9363
1i1e,5.9534
1j4r,6.3828
1f8c,5.0623
1e66,6.2626
1fsy,6.1299
1g7g,6.5015
1jzs,6.0598
1i37,6.6147
1hp0,5.4968
1k9s,5.3682
1fsw,5.706
1i00,7.1486
1hnn,6.0604
1hqh,5.3498
1f92,7.1512
1e72,4.7072
1jp5,6.0548
1h9l,6.0833
1e6q,4.933
1g42,4.5561
1hqg,5.359
1iih,4.7282
1e1x,6.6459
1hdq,6.6159
1f1j,6.0237
1g3c,5.8461
1g3b,5.8429
1eub,6.2356
1e5j,4.5338
1juj,6.7097
1hlk,6.2203
1hqf,5.4376
1i6v,4.8557
1g2k,5.7592
1f2o,5.0581
1f2p,5.0899
1e1v,6.567
1g30,7.3085
1f8e,5.2764
1ga8,5.3647
1f28,7.6218
1f5k,5.3336
1fm9,6.3393
1fpy,4.4493
1i48,6.3305
1g5f,4.2114
1jak,5.8601
1g3d,5.8429
1i43,4.898
1iem,5.9313
1iew,4.705
1iig,4.6521
1dxp,5.678
1i41,5.2763
1hp5,5.4095
1g2o,6.2609
1f9e,6.2674
1g98,4.8056
1g9r,5.2648
1jsv,6.9197
1g7f,6.5466
1hi4,5.2909
1ik4,5.4112
1f8b,4.9872
1g3e,5.8461
1hee,6.6144
1k06,6.4625
1k08,6.4625
1f8d,5.2733
1g2m,7.2321
1jh1,5.7709
1jut,6.8254
1f5l,5.3071
1jd0,5.4347
1f9g,5.5561
1g2l,6.9515
1hv5,6.6748
1hi3,5.2841
1k1o,6.7236
1g36,7.394
1efy,6.1767
1jr1,5.8021
1g35,5.6695
1gcz,5.2539
1gag,5.8955
1g32,7.2957
1jtq,6.4194
1jjk,5.4333
1iau,5.7061
1ga9,5.9918
1hyo,5.3008
1hi5,4.8527
1l6y,4.769
1kkq,6.2251
1i7i,6.3377
1il9,4.9452
1m5c,5.3863
1kz8,6.7517
1gzg,4.9224
1h1q,6.7959
1i7g,6.3805
1kat,5.9954
1ld7,7.528
1il4,4.9929
1ktt,7.2817
1jyi,6.055
1kmv,6.8898
1klg,5.6344
1m5f,5.3765
1juf,6.1242
1iyl,6.8484
1ke8,6.3703
1jiz,6.2017
1il5,4.9241
1h1r,6.9224
1lev,5.4667
1m7q,7.3693
1il3,5.8202
1m5e,5.3773
1hww,5.5266
1klu,5.6202
1kak,5.6719
1ld8,6.9882
1ijr,6.3828
1eou,5.798
1l6s,4.4489
1hy7,6.2299
1kyn,5.9037
1hxk,5.2057
1hty,4.495
1gmy,6.5306
1nd5,5.5457
1jg0,6.6272
1ke6,7.2633
1inq,6.0777
1ke5,6.8519
1jdj,5.8064
1lqf,6.8641
1g9a,5.9134
1g9b,5.2916
1g9c,5.2916
1g9d,5.9134
1k3t,6.5043
1ke9,6.9195
1mzs,4.9872
1ljt,6.4333
1ke7,7.1766
1m5d,5.3792
1m5b,5.2245
1llb,5.9906
1m7y,5.4774
1lbf,5.9055
1jyc,6.2452
1n4k,5.3417
1lrh,4.9593
1li6,5.4352
1kv2,7.3608
1is0,6.0239
1gz9,5.1804
1gzc,5.1419
1esz,5.8588
1gx8,6.8605
1m83,5.3659
1g50,7.2146
1gui,4.1572
1lhw,6.8601
1lgt,5.0342
1kdk,6.9765
1kl5,5.9357
1kv1,7.1001
1lhv,7.8577
1kzn,6.84
1kyv,6.4429
1kl3,6.7697
1lek,5.961
1lhu,5.7428
1guw,5.3035
1m74,5.4225
1lgw,4.987
1l5q,5.3406
1jm4,5.4581
1jpl,5.4792
1leg,5.9476
1k6v,5.3111
1mwt,6.3133
1h2t,5.6773
1h2u,5.997
1h79,6.2481
1l5r,6.6371
1h7a,5.7224
1lvc,5.6794
1kf0,5.1616
1mwn,5.71
1l2z,6.0102
1i8i,6.3333
1l0a,6.1553
1j5i,5.6179
1k6t,5.6335
1gwr,5.5333
1mq1,5.6798
1jyq,6.2021
1g85,6.3609
1jq9,6.0255
1lf8,5.5029
1h0a,5.6472
1k6c,5.5972
1k2v,5.8198
1k6p,5.3088
1n5z,5.8895
1jlr,5.515
1gu3,4.6992
1fd0,6.4247
1l5s,5.2032
1li3,5.3985
1kll,5.6889
1jif,7.3291
1lxh,5.6222
1lbk,5.0872
1lkx,5.4492
1gwq,6.0787
1m48,6.0719
1gni,6.0696
1lxf,6.1252
1lb6,5.7
1g7q,5.5905
1ez9,5.6593
1kmy,5.261
1g7p,5.6892
1gnj,5.8529
1li2,4.9677
1l7x,5.3648
1ghy,5.6203
1gj7,6.068
1izh,5.892
1gi4,6.0004
1d4h,5.2869
1ec2,5.6007
1gj6,5.699
1gj8,6.5125
1mto,4.4037
1kuk,6.5116
1m0q,4.2506
1kug,6.468
1kui,6.5132
1h1b,6.4486
1ihy,5.2267
1kqb,5.2088
1eby,5.2007
1ke3,4.9668
1izi,5.9324
1gzv,4.7747
1gz4,5.3992
1loq,4.5788
1kf6,5.5377
1koj,5.0315
1gpn,6.9107
1j01,5.8882
1jqe,6.1796
1m4h,6.2675
1ebz,5.5968
1lol,4.4614
1gjb,6.4976
1gjc,6.4976
1ksn,6.7111
1gqs,5.8492
1gi6,6.4143
1ew9,4.6574
1l8g,7.1982
1gvk,6.1638
1h22,6.7098
1ebw,5.6114
1ec3,5.8386
1jq8,6.1738
1fv0,5.4351
1ec1,5.7101
1h2k,4.3586
1mui,5.9757
1d4i,5.2411
1k4g,5.9804
1kpm,5.5199
1kav,5.3814
1kds,5.0904
1lf3,6.8937
1gvw,6.3074
1h5v,4.4419
1gj5,6.4198
1km3,4.8591
1h1p,6.6117
1jqy,6.197
1j15,5.059
1j16,5.059
1me4,6.0217
1jwt,7.0997
1nde,6.9925
1ghz,6.106
1lee,6.5376
1gvu,6.4138
1iup,4.5367
1kdw,4.5834
1h4w,5.0046
1m1b,5.8225
1gyy,5.4724
1g9s,4.991
1l2s,5.9452
1n1m,5.2099
1ec0,5.2901
1gyx,5.4653
1gi1,5.4909
1gja,6.4387
1jys,4.9381
1lf2,6.8095
1gu1,5.0252
1gi7,6.1773
1j14,4.9965
1iiq,5.8589
1h8l,5.2058
1kti,4.8014
1eb1,6.0056
1kc7,4.9056
1it6,6.8268
1k21,5.7868
1ke0,4.5427
1gpk,6.2786
1d4j,5.4327
1h23,6.7361
1m0o,5.5832
1kzk,5.552
1mhw,6.2399
1ghv,6.5104
1i2s,4.4226
1k22,6.7098
1kfy,4.8928
1ew8,4.6397
1g9t,5.639
1j17,6.8579
1m0n,5.8275
1gi9,6.4443
1gjd,6.4666
1jqd,5.3433
1gvx,6.054
1ll4,6.4159
1kv5,4.8074
1ghw,5.6841
1me3,5.9187
1los,4.8792
1h1s,6.8251
1h1h,5.1423
1jcx,4.7128
1k4h,6.1018
1jvu,5.4139
1lor,4.6048
1gi8,6.1127
1gj4,5.7369
1eb2,6.577
1q6m,6.2391
1q6j,6.1285
1q6n,6.1692
1j1a,6.1092
1onp,5.2614
1oir,7.0678
1ogu,6.9256
1nq0,5.378
1mzc,7.1769
1nyx,5.6681
1g3m,5.5539
1ouk,7.2974
1n7t,5.2257
1okx,6.8059
1mqd,5.3383
1ms7,5.3383
1pqc,5.9436
1kwr,5.3463
1mqh,5.6333
1q9m,6.1019
1nl4,6.5377
1mqg,5.5816
1ol2,6.4441
1oyn,6.1019
1kwq,6.6628
1okv,6.3077
1ove,6.8055
1pxl,7.1147
1n94,6.5522
1n95,7.006
1o5m,7.4039
1nzq,6.651
1n0t,5.391
1p2a,6.4106
1q6s,6.5605
1h0w,6.7766
1pxj,6.3549
1h3b,6.1244
1p5e,5.1918
1pmv,6.2109
1q3d,6.966
1njt,6.2707
1mkd,7.2415
1pxi,5.9923
1m51,6.5531
1o6h,6.1487
1h36,6.143
1urc,6.7989
1uom,6.4283
1npw,5.8602
1nhx,6.5727
1n9a,7.4232
1pxk,6.761
1oiq,7.1185
1mm6,5.3589
1mm7,5.3165
1pyw,6.2816
1ol1,6.4285
1q41,5.3943
1h01,7.5002
1mqi,5.5669
1o6q,5.4929
1h3a,6.3835
1h39,6.1959
1h08,6.9172
1h35,5.4691
1nnk,5.3647
1h3c,6.1255
1h00,7.43
1q6p,6.2621
1h07,7.3438
1mxu,5.6062
1my3,5.6062
1ouy,7.3856
1mqj,5.9575
1rgj,5.9736
1o79,6.1408
1q3w,5.6091
1okw,6.5175
1nmk,6.4219
1npv,5.9006
1pmu,6.7828
1h37,6.3496
1q6t,6.5742
1o0d,6.8257
1onh,6.3365
1oe0,5.4744
1gsz,5.8651
1pmn,7.2546
1pmx,6.0188
1pq6,6.1372
1o6r,5.513
1ong,5.9841
1nf8,4.932
1o7o,5.5277
1gx0,5.5101
1nzl,6.0779
1mv0,5.1437
1oeb,5.2327
1q72,6.7739
1qyg,6.8601
1p1n,5.3563
1hk2,6.7267
1usi,4.2038
1ugy,4.7583
1n4m,6.0313
1ov3,5.2923
1o5p,5.8903
1gww,5.5101
1hk3,6.6994
1mrw,5.6261
1g74,6.154
1o9k,6.4635
1gt3,5.8638
1ms6,6.8566
1gt4,6.45
1h28,5.8495
1nzv,6.0385
1usk,4.9508
1m7d,5.0674
1h24,5.9186
1mh5,6.6692
1njf,5.475
1msn,5.5165
1ogx,5.7209
1ugw,4.741
1gt5,5.4557
1ogd,4.7546
1n8u,5.0922
1n8v,5.0358
1q8u,7.0667
1ugx,4.386
1ogz,5.7248
1ols,5.7641
1ntv,5.5378
1urg,4.9065
1p1o,5.2913
1mjj,6.6023
1h25,5.8747
1n7m,6.4114
1obx,5.92
1r0p,7.0972
1oai,5.6719
1r2b,6.0554
1n3w,5.5234
1p1q,5.3891
1i3z,5.9532
1r0x,5.1898
1r10,5.0424
1jws,5.6611
1j19,5.7435
1q8t,7.072
1oif,5.4647
1p93,6.4376
1gt1,5.5083
1lnm,5.6572
1ow4,5.1503
1hk1,6.7154
1h27,6.0642
1o9d,5.8961
1gwv,4.575
1h26,6.3966
1ngw,6.8733
1oz0,6.0873
1h3h,5.1886
1ofz,5.2547
1mn9,5.126
1q9d,7.0871
1nli,4.8725
1jwm,5.7618
1m13,6.4244
1uj0,5.0167
1q4k,5.8952
1umw,5.8985
1oko,3.7377
1uh1,4.3194
1lv8,5.4747
1oba,4.5928
1nu8,5.7036
1p28,4.6644
1lke,5.5899
1osg,6.779
1ntk,6.8701
1msm,5.5325
1n0s,6.1106
1r17,6.5719
1olu,5.7577
1oe7,4.7843
1oe8,4.7574
1m7i,4.9396
1mj7,6.4696
1jwu,5.7655
1lvu,5.4591
1oim,5.0281
1hk4,6.675
1q4l,5.7893
1py1,5.3265
1p7m,4.9547
1olx,5.7768
1ow6,5.0618
1ow7,5.1083
1ow8,5.144
1pz5,6.1388
1hk5,6.7277
1q8w,6.7316
1oqp,5.8146
1mfg,5.3359
1ppx,5.4555
1pun,5.4555
1puq,5.4555
1pus,5.6371
1gx4,5.5101
1m5w,4.5625
1mrx,5.6126
1mau,5.3659
1p4u,5.6496
1pdq,5.6052
1ucn,5.0354
1ox9,5.5714
1nw5,5.1976
1q5l,5.469
1odi,5.0033
1nu1,5.9546
1o9e,6.4093
1l6m,4.954
1om9,5.727
1nw7,5.3676
1iwq,5.7461
1maw,5.3403
1gwm,3.9619
1odj,5.4209
1jn2,6.0541
1onz,5.9249
1o3e,6.3615
1o3f,6.3615
1o3g,6.3615
1o2t,6.6957
1j07,5.6065
1o2q,6.3807
1lyx,4.7384
1lzo,4.7384
1pf8,6.9411
1n46,7.1857
1oyt,6.9839
1nhg,5.235
1o3h,6.7759
1o3i,6.7759
1o2h,6.3644
1o39,5.5803
1o3b,5.5803
1o3c,6.2509
1o3d,6.2509
1nz7,6.6655
1nm6,7.4443
1m9n,4.9719
1o2j,6.0987
1o2k,6.0987
1pvn,6.0413
1nnu,5.2112
1o37,6.0377
1o38,6.0377
1nlj,6.7876
1nq7,6.0121
1mpl,5.7284
1o30,5.7449
1o3j,5.7945
1o3k,5.7945
1ony,6.9274
1gz3,5.412
1o3p,6.6782
1n7i,5.3118
1o86,6.1894
1n4h,6.9066
1o3l,6.3937
1nms,6.6967
1m2r,5.6116
1n7j,5.2946
1nax,5.7177
1o2o,6.8084
1pbq,5.4397
1iy7,6.3712
1o6i,5.8445
1k1y,6.145
1qwu,5.5508
1nc1,5.2235
1o2g,6.5499
1m2p,5.6367
1o2z,5.8979
1m2q,5.6071
1o2n,5.5968
1nhz,6.8237
1pu7,5.2664
1pu8,6.0101
1os0,6.2851
1k27,7.4835
1p6d,5.7692
1j37,5.5439
1nfw,6.7904
1nl9,6.7134
1o36,6.2854
1p6e,5.7069
1ms0,5.8981
1o0h,4.7632
1n3i,8.298
1nfy,6.8084
1nt1,6.5751
1ny0,5.6417
1o2u,6.29
1o2v,5.6655
1o2w,5.6655
1o2x,5.6655
1o2y,5.6655
1q54,5.1352
1ny2,5.5596
1lq2,5.3361
1pxh,6.6671
1o32,5.8199
1o33,5.9786
1o34,5.9786
1mf4,6.2179
1p0y,4.9302
1nu3,4.9453
1my4,5.563
1nc6,6.9614
1kr3,6.2203
1nc3,4.8058
1o35,5.6163
1jn4,5.5527
1oyq,7.3725
1mrs,5.4235
1ndv,6.0324
1ph0,6.904
1pr5,5.5437
1npz,7.1859
1nhw,5.8062
1n1t,6.0424
1n1v,6.0424
1n51,6.2267
1o2p,6.0956
1lqe,6.2948
1njs,5.9939
1nvs,6.9471
1oss,5.3726
1my2,5.4142
1j36,6.3273
1nfu,6.8348
1mcz,5.1243
1mq5,6.7634
1mxo,5.7259
1lf9,5.5631
1o8b,4.184
1n5r,5.6749
1nhu,6.302
1nhv,6.1436
1lrt,5.5551
1h0r,5.0553
1nyy,5.8079
1nny,6.9204
1owk,7.0354
1pb9,5.5633
1no9,5.3647
1orw,6.5606
1lpz,6.8435
1nj1,6.762
1pcg,5.6787
1pa9,5.9998
1h46,5.8279
1np0,5.5108
1owi,6.691
1lpk,6.0978
1i5r,6.8052
1nfx,6.7867
1pyn,6.8199
1o2s,6.0004
1pq3,4.9909
1mrn,5.6535
1my8,5.8514
1ozv,4.9628
1no6,5.7098
1nym,5.8423
1nwl,7.0916
1lzq,5.8959
1nl6,6.7695
1jt1,5.8342
1owh,6.614
1ocn,5.2818
1owj,7.025
1o1s,5.9797
1ps3,5.7535
1nvq,7.257
1nj5,6.5507
1nqc,6.6231
1ndw,5.9008
1o0f,5.5538
1pr1,5.4947
1h1d,6.3875
1o2r,7.1848
1owd,7.082
1ocq,5.2606
1q1m,7.2346
1n3z,5.6061
1owe,6.5646
1nxy,5.6744
1me7,5.0393
1me8,4.9407
1ndy,5.8624
1pb8,4.6502
1o0m,5.4099
1p2g,4.365
1qx1,5.2839
1ndz,6.7855
1nvr,7.2548
1m2x,5.7223
1mq6,7.2999
1lpg,7.0003
1o0n,5.4433
1n2v,5.2529
1ui0,5.168
1njj,6.0196
1o0o,5.5353
1od8,5.9266
1qxk,6.6399
1lqd,6.8644
1uv5,5.6197
1xom,6.5026
1xbc,6.9831
1vjb,5.5418
1xon,7.0889
1vjy,6.4509
1xlx,6.5886
1q1y,6.913
1r5g,6.41
1xm4,7.0755
1xdg,6.4713
1rs4,5.6577
1py2,6.2709
1unh,5.3933
1r58,6.0599
1vj5,7.1242
1v0p,7.0437
1rv1,6.7836
1ung,6.6712
1r5h,6.5306
1rwq,6.7134
1unl,7.0295
1oiu,6.8934
1tkz,6.4901
1xnz,5.2893
1o45,6.4215
1snk,6.4141
1so2,7.1151
1xdd,6.2975
1rsd,5.7457
1pzj,6.063
1t46,7.0914
1tl1,6.5579
1xor,7.2231
1o4d,5.1715
1o4f,5.8831
1xm6,6.0414
1xp6,6.8265
1tow,4.9704
1xn0,6.3539
1o4e,5.812
1xp1,6.8265
1tl3,6.4793
1x81,6.635
1xoq,7.0249
1tkt,6.5055
1uu3,6.775
1rhk,5.7319
1tu6,6.7055
1xmu,7.0971
1sj0,6.5823
1ni1,6.7205
1xlz,6.8109
1o41,5.3693
1pum,4.0243
1xp0,7.1196
1uze,6.2782
1o4k,5.2579
1xoz,6.7731
1xp9,6.7993
1tqf,7.1118
1utz,6.4478
1rri,5.3774
1ros,6.0493
1xpc,6.7993
1hkm,6.0463
1s9v,5.936
1tlo,6.5665
1o46,6.7771
1sqb,6.0854
1o4a,6.401
1tg5,6.484
1wdy,5.8343
1uyh,7.061
1uu7,6.6846
1uy9,7.1642
1qxy,5.6391
1uyk,7.2164
1rhq,5.6606
1rhm,5.6262
1w22,7.1149
1qxz,4.9247
1tou,5.5056
1uvr,6.5653
1uym,6.4375
1npa,5.8602
1tve,5.771
1o43,6.4594
1o4i,5.9484
1o4p,5.2636
1hkj,6.1371
1rtl,5.1519
1szm,6.6269
1xos,7.0592
1oq5,6.9544
1uwh,7.4944
1t49,6.9402
1soj,4.8699
1v3x,6.7727
1q6k,5.7377
1vcj,7.1207
1riw,6.4142
1rrw,5.1577
1vyz,6.6854
1tkx,6.6582
1o4b,6.6115
1rhu,6.1049
1tl9,6.4255
1xh3,5.7876
1o4q,5.7358
1o4o,5.2333
1o4h,5.108
1xot,7.0794
1o4r,5.4164
1uyf,6.908
1t48,6.3263
1v1k,7.5278
1vyw,6.4517
1rsi,5.4484
1rq2,4.4015
1o44,6.4788
1r78,7.0681
1uyi,7.0609
1o4j,5.7655
1hkk,6.0729
1uyc,6.7654
1o49,6.5467
1o48,6.5159
1o47,6.632
1w4l,6.8863
1t1r,5.6103
1tv6,6.1681
1uu9,6.2678
1v0o,6.2192
1xmy,6.3662
1w51,6.7395
1ppw,5.3386
1rs2,4.938
1py5,5.2972
1uyg,6.7625
1u59,7.0747
1okz,7.29
1v2h,5.2227
1oky,7.4321
1w6j,6.1059
1q0b,6.5496
1uk1,6.7594
1re1,5.7228
1oiy,6.8113
1oi9,6.8228
1pw6,6.2597
1rhr,5.8481
1w6r,6.3809
1w76,6.3809
1rxp,6.6934
1uy8,6.7659
1pfy,7.4217
1tfz,6.3742
1qxw,5.7333
1t1s,5.7925
1rry,5.1738
1uk0,7.1384
1t4j,7.0495
1rhj,5.7475
1u32,7.2816
1o42,6.5113
1uu8,6.5842
1tfq,6.6855
1xsc,5.4803
1xzx,5.5164
1sr7,6.6709
1toi,5.3647
1utj,5.0976
1os5,6.8747
1oh4,5.4991
1s3k,4.959
1vjc,5.2595
1ujk,5.3816
1vjd,5.2595
1nki,4.7148
1s19,6.5513
1utn,5.1346
1ru2,5.0679
1q4x,5.6324
1qy1,5.0375
1toj,5.4323
1ukh,6.2927
1sqn,6.7184
1xow,6.8894
1udt,7.2854
1tpz,5.4601
1tq4,5.4534
1tog,5.4545
1uho,6.5099
1xb7,5.3165
1uod,4.5859
1xxh,5.4261
1w9u,6.1657
1oj5,6.0806
1ujj,5.2376
1t7d,6.8873
1utm,5.901
1udu,6.818
1t29,6.1357
1t7r,5.9155
1oay,5.754
1ule,4.8342
1u1w,4.5572
1p17,5.7258
1ryf,5.7065
1qy2,5.0558
1v11,6.155
1rmz,5.697
1vyg,6.3188
1xws,6.2395
1sbr,5.7701
1v1m,6.3358
1pg2,4.9748
1uz8,6.1075
1nlt,5.8596
1v16,6.3336
1vkj,6.0397
1rd4,6.763
1ru1,5.0679
1pfu,4.9848
1ux7,4.92
1xt3,5.6345
1uti,5.7056
1q1g,8.2148
1r5w,6.0519
1oau,5.7554
1ryh,5.6305
1w80,5.4996
1utc,5.8493
1szd,4.9183
1xap,6.5989
1y0x,6.2333
1xxi,5.2271
1t08,6.2488
1uef,6.3835
1utl,5.2771
1tok,4.655
1r5n,5.169
1u2r,6.2382
1vea,6.3393
1xa5,6.3542
1osv,6.0948
1r5v,6.0417
1qvu,4.9627
1utp,5.4059
1t2v,6.307
1oar,5.9113
1r6n,7.3987
1qvt,4.9627
1td7,5.9685
1uw6,6.7256
1ttm,6.6762
1sv3,5.2943
1t37,6.2767
1w3j,4.9138
1r9l,4.8576
1s5q,5.4119
1uto,5.7363
2bfr,4.9586
1opi,5.9325
1sw1,5.8723
1u8t,5.6994
1uxa,5.3563
1oxr,4.9938
1sw2,5.4276
1pzi,5.4342
1ulg,4.5423
1q7a,5.8014
1sje,5.7215
1w2x,6.8691
1uv6,4.7235
1p19,5.7976
1uxb,5.352
1rzx,5.4234
1nw4,8.2344
1x8s,5.9254
1u9l,4.9552
1r4w,5.3448
1sjh,5.7127
1vyf,6.1907
1rp7,6.4292
1vja,6.7339
1w1g,5.6065
1oxg,6.5259
1v0l,5.4434
1v0n,5.4679
1vj9,6.6845
1sqo,6.7394
1sc8,6.6596
1ua4,5.1422
1pxm,7.2319
1xd0,5.027
1pxn,6.9328
1sb1,7.5894
1pkx,5.1055
1vcu,5.1822
1om1,5.7872
1nh0,5.9564
1wc1,5.2136
1wc6,5.3322
1rjk,6.7296
1pxp,6.8446
1qw7,5.1716
1uys,7.1394
1w1d,5.7436
1s4d,4.7596
1xjd,7.3211
1q4w,5.4063
1r5y,6.002
1o5a,6.5419
1re8,6.3118
1t69,6.2642
1w3l,4.868
1px4,4.5237
1phw,5.553
1pwp,6.1269
1wm1,6.4693
1sqa,6.9742
1sqt,7.0537
1v2k,6.6795
1ta6,7.1938
1u0g,4.7876
1s26,5.3757
1o5f,7.1744
1uj5,4.6669
1uj6,5.0752
1xbo,7.172
1s63,7.5517
1uwu,4.9227
1uwt,4.9227
1mu8,6.7358
1v2n,6.3805
1r1h,6.4654
1u6q,6.5324
1ugp,4.6095
1sl3,7.303
1q63,5.9804
1m0b,5.8507
1w5w,5.5364
1rql,4.8856
2bet,4.7309
1o5b,5.9041
1q66,6.0634
1ur9,6.3788
1o5e,5.7516
1u0h,6.5712
1qxl,6.7878
1o5g,7.3041
1pwq,6.8588
1t3t,5.2268
1tl7,6.5712
1uz1,5.3634
1v79,6.1585
1xff,4.6434
1v48,5.5149
1pi5,5.7166
1v2o,6.2169
1v2p,6.2169
1sdv,5.6132
1u2y,5.167
1txr,6.0894
1v2t,6.2027
1rm8,6.0895
1ssq,4.7936
1pxo,7.2755
1pwu,6.5203
1mue,6.451
1r1j,5.8896
1r1i,5.984
1rdt,7.1414
1rek,6.9828
1s39,4.7298
1uou,5.7719
1v41,5.0989
1xs7,7.061
1w8m,5.1824
1u33,6.0711
1v2r,6.2142
1pk0,5.4747
1q95,5.6939
1w5y,5.71
1q65,5.5279
1t4s,5.1748
1xxe,6.2183
1uml,6.8115
1w8l,5.3328
1ro6,6.3061
1pi4,5.8737
1pye,5.9593
1q5k,6.4032
1ta2,7.262
1xkk,6.8996
1w5x,5.38
1mu6,6.6965
1uz4,5.7487
1p57,5.9051
1q83,6.7521
1sgu,5.6227
1v2u,5.0519
1v2v,5.0519
1rwx,6.2183
1pzo,5.1578
1pzp,6.0246
1s64,7.238
1xbb,7.2114
1s89,4.7821
1w3k,5.0588
1v2l,5.0544
1v2m,5.0544
1sdt,5.6136
1v2j,5.1085
2bes,4.9487
1rej,6.7957
1rww,5.9989
1o5c,7.1508
1ogg,6.5658
1ro7,6.5711
1v2s,5.1094
1pl0,6.0665
1s38,5.1657
1w5v,5.4057
1thz,6.1142
1o5r,6.853
1q91,5.9197
1pf7,7.2254
1v2q,6.2291
1sdu,5.6448
1q84,6.7331
1tuf,5.3648
1p4r,6.2066
1v0k,5.3558
1v0m,5.3689
1v7a,6.8711
1pwy,5.5443
1sh9,6.0721
1v2w,6.2088
1yt9,6.0483
1tt1,5.1788
2a5u,7.0158
1z6j,7.454
1waw,6.0768
1yhs,7.0132
2b54,7.0174
1y2k,6.7756
1y2j,6.9535
1y2h,7.018
1y91,7.3647
1w83,7.3666
1z4u,6.7031
1yvf,6.1054
2a3x,5.3638
1yt7,6.8083
1s9t,4.9003
1y2e,6.6967
2ai8,5.1717
1rw8,7.5317
2c1a,6.3485
2a4z,6.0244
2byh,6.7636
1y2c,6.6459
2c6l,7.0714
1zz3,5.8397
1z6q,6.0881
1wbt,7.3041
1wbn,6.925
2c6m,7.2473
2c1b,6.7072
1z34,5.8164
2byi,6.6623
1xhm,6.5647
2ai7,5.7391
1wzy,6.5756
1zh7,6.5203
1r6g,6.4575
1wbs,7.3136
2b53,7.4742
2c6k,7.1942
2bz5,6.2821
1xo2,5.6929
1you,5.4204
2b5j,5.6639
1zz1,6.4873
1z6p,6.068
2a3i,5.6527
1yc5,5.4702
2c4g,6.7913
1w1t,5.7531
1u3s,5.5357
2bro,6.4882
1zyj,6.1519
2bge,6.7747
1wug,5.5023
1zuc,6.7801
2c68,6.7366
1x76,5.5913
1z3c,4.8273
1x7e,6.0998
2c6i,7.1549
1zp5,5.7448
1wqv,6.9
2f6y,7.0921
1ywr,7.3732
1x78,5.618
1ymx,5.6761
1yw2,7.4461
1yhm,5.9719
2a3a,4.8468
2b8l,7.2876
1ttv,5.6456
1wbv,6.5772
1y57,6.8194
1xh8,7.2979
1wss,6.708
1x7q,5.9233
1wu1,6.932
1x70,6.7164
1w82,7.0464
1yk7,6.6442
1wbg,6.2972
1z9h,5.6894
2ban,5.5599
1zgv,6.4922
1y2d,6.7153
2aie,5.6599
1w1y,5.9512
2bbb,5.9026
2f71,7.1432
1x0n,5.9836
2bts,7.0273
2brh,6.3916
1y6a,7.097
2c69,7.0344
2bmc,6.9077
1svg,7.0905
2be2,5.7029
2bpm,7.3483
2bw7,6.3703
1u3q,5.9491
1u9w,6.6821
1ynd,6.4907
2a3w,5.3342
2aia,5.6092
1z5m,7.0621
1zkn,5.1414
2f70,6.5217
1wok,6.1224
1wcc,5.2094
1w84,5.6743
1svh,7.0581
2f6v,7.1835
1y6b,7.052
1veb,7.1015
1yi3,6.1015
1x7b,5.5587
1yvz,6.1347
1wb0,6.1702
1u9q,6.0923
2f6z,7.1268
1way,7.158
1xog,5.0419
1xoe,4.9923
1wbw,5.3681
1yrs,7.213
2a3b,4.7768
1w1p,5.6542
1zzl,7.3268
1wum,5.4902
2brn,6.8386
1u9e,5.1918
1zrz,6.2981
1wv7,6.835
1sve,7.0961
1u3r,5.8356
1w0x,6.9778
1zz2,7.0435
2brg,6.4556
1w1v,5.8445
1sqp,6.0136
1wun,7.0087
1xqc,6.501
1xur,6.2624
1xuo,6.9073
1u9v,6.7528
1xuc,6.4288
1u9x,6.757
1yvx,6.1746
1zkl,5.2923
1wxz,6.557
1zgb,6.9736
2brc,6.4422
1y2b,5.1614
1wax,5.9924
1xud,6.8136
1zxc,6.45
2b52,7.4902
1zaj,5.1246
1wtg,7.0382
2btr,6.8463
2b55,7.1411
1x8b,6.2591
2b8v,7.2931
1x7r,5.7435
1tft,6.7746
1t13,5.3752
2bfq,4.8839
1xt8,4.9784
1tr7,4.9064
1uwf,4.9064
2f01,7.7543
1tmm,4.9751
1zub,5.4692
2bmz,4.0168
1ysg,5.5061
2aa6,6.5392
2bys,7.1831
1w9v,6.0655
1z2b,7.196
2ao6,6.905
1s5z,5.0362
2bt9,4.7529
1y8p,5.2706
1yy6,5.0
2byp,6.9223
1kjr,5.1275
1ws5,4.9789
1ws4,4.9789
1xk5,6.5124
1y8o,5.2433
1ydk,5.5742
2a29,5.3029
1wdq,5.0629
1vyj,5.8774
1ycm,6.1793
1z3j,6.1793
1yid,5.5896
1ykp,4.9717
1x9d,3.8077
1z3t,5.0047
2a58,6.4419
1y2f,5.9691
1xfv,5.4876
1xh7,7.228
1sqq,6.0839
1y3p,5.3229
2a0t,5.4758
1ywh,6.4311
1u1b,5.5171
1y19,6.0067
1xh9,7.2221
1y0l,5.2999
1t7j,6.8554
2bz8,5.0335
2byr,6.9765
1y3n,5.311
2c2l,5.4336
1xge,5.6896
1xr8,5.9544
1w70,5.1644
2bjm,5.7742
2agv,5.5503
2arm,5.7026
2a25,5.61
2c3i,7.1386
1wva,5.1346
1yc4,6.6829
1wdr,4.9873
1y98,6.0241
1w96,6.847
1y3a,5.9412
1zhy,6.6095
1xz8,4.7215
2a4m,4.46
2br8,6.9183
1zkk,5.9032
1xh5,7.0856
1xh4,7.3215
2bj4,5.7931
1zhk,5.8801
1ywi,4.489
2bak,7.3653
1tjp,5.8062
2baj,7.1342
1w6y,5.6979
1yvh,5.8917
1we2,5.1962
1y2a,6.2995
1xq0,6.6943
1zm6,6.2767
1xh6,7.2159
2bal,7.3249
2az5,6.1914
1x07,5.2036
2f8i,5.9026
1rr6,7.1121
2aeb,5.3349
1x8d,4.6151
1yc1,6.5126
1xr9,5.6677
1z3v,5.0047
2c1n,5.9156
1t4e,5.9762
2f7i,5.2771
1y2g,5.3383
1xpz,6.1868
1vj6,5.4634
1zhl,5.8801
2b9a,5.5138
1w7x,6.4799
1wuq,5.2097
2ajl,6.7455
1yly,6.3053
1t4v,6.9069
2c3k,7.1061
1ysi,6.876
1xn2,6.2499
1s50,4.4255
1x8j,6.1923
1tvo,6.7633
2etk,6.7187
2etr,6.7464
1wur,5.791
1w31,4.6829
1ws1,5.6839
2bok,6.7694
2a5s,4.6176
1w2k,6.7677
2b07,7.3306
1w0y,6.7188
2ax9,6.199
1yys,6.4518
1yvm,5.4919
2ayr,6.5238
1yyr,6.4518
2ael,6.515
2esm,6.8418
1wcq,5.0893
1ym1,6.2672
2b17,5.3895
2c3j,6.7019
1z71,7.2523
1x6u,5.484
1x39,6.0076
1z1r,6.4154
1y1z,5.0435
1zxv,5.7961
1xgj,5.8791
2br6,6.3835
1yms,5.9529
2brm,6.517
1x38,5.3361
1zp8,6.1047
1zdp,6.0586
1zyr,6.1591
1zoh,6.4986
1w2h,5.3872
2ad5,5.6195
2brb,6.3053
1x7a,7.0128
1z6f,5.8528
1xk9,5.9182
1xgi,6.0378
1ya4,6.1871
1y1m,4.9669
1wkm,5.5052
1v1j,5.7038
1y3w,6.8347
1x8t,5.385
1ybg,5.5627
2afw,5.2733
2aou,6.9757
1wvj,5.8793
2adu,6.2569
1w4p,5.4969
2bvd,4.9436
2a14,5.5024
2erz,6.3664
1t31,6.4533
1z9g,5.9951
1ze8,5.2768
1wn6,6.046
1y3v,6.5247
1y3y,6.7829
2azr,5.3626
2bo4,3.8928
1yqy,6.6582
1t5a,4.4352
2f6t,7.0921
1tx7,5.5748
1u65,7.2285
2ax6,6.2183
1w2g,5.1492
1y6q,6.7775
2bgn,6.1725
1z4n,5.204
1z4o,5.1988
1u71,6.6915
1syi,5.5225
1wvc,5.5096
1vzq,6.7387
2a3c,4.8038
2aow,6.7278
2aox,6.63
1t32,6.3679
1syh,5.5222
1z6d,4.7491
1zgi,7.2233
1y20,5.0425
1vyq,5.4375
1xn3,6.2815
1zoe,5.4299
1xnx,5.8579
1yfz,5.2914
1z6s,4.6514
1z1h,6.4895
1zpa,6.1494
2al5,5.5669
1w4q,5.5263
2b7f,5.7288
1rt9,7.1121
1y4z,4.7165
1yxd,4.8909
1t5f,5.535
1xhy,5.7513
2c6o,6.9176
1w4o,5.4433
2afx,5.9855
2br1,6.5923
1yqj,6.995
1zog,5.4947
1y3x,6.8225
1x8r,5.385
1z95,6.4179
1y6r,7.3719
2exm,5.7556
2c3l,5.4984
1x1z,4.7303
1yq7,5.6348
2d06,6.8521
1yci,6.028
2aov,7.0312
2bqv,5.7057
2bed,7.6304
2bu5,6.3064
1ym2,7.0029
1ym4,5.8839
2f4b,6.8844
2nsx,5.4886
2bdf,6.8997
2evo,6.1166
2bcd,6.7018
2ewp,5.6274
2fq6,6.4039
2g1y,7.2636
2h03,6.3339
2gm1,7.1075
2hha,6.7991
2axi,6.6702
2iw6,7.3554
2ath,6.9962
2f3e,6.4405
2f3f,6.436
2ie4,7.1031
2etm,7.4819
1zeo,6.0444
2c5n,6.9036
2h96,7.0224
2gtk,6.6815
1zpc,6.8958
2c5x,6.8917
2c5y,6.8526
2gg2,5.4758
2gg5,4.7025
2cv3,6.9022
2evc,5.3944
2ggx,4.7742
2h02,6.3197
2auz,6.5284
2fyv,5.4515
2gz7,5.3488
2bdj,7.139
2f2c,6.5183
2fm0,6.9228
2a4l,6.9841
2fda,6.5014
2aux,6.5671
2hai,6.8102
1ykr,6.7284
2fix,7.187
2gg3,4.7293
2f3r,5.4959
2i5j,6.0882
2evm,5.4289
2g6p,6.5938
2ccu,6.6041
2fde,5.8881
2ewy,6.9481
2gfs,6.7412
1zpb,6.5738
2c6e,7.4619
2fum,5.8802
2ggu,4.5479
2fes,6.8294
2c0o,7.7299
2g01,6.9687
2ew5,5.7297
2aa9,4.8156
2aay,4.8156
2cm8,5.7302
2feq,6.7688
1ztq,6.5968
2j9a,5.7129
1yw7,6.4599
2g19,6.6403
2i40,7.281
2ckm,5.968
2giu,6.7232
2nq6,6.506
2cmc,7.2613
2gg7,6.3633
2cne,7.1792
2j7x,7.0836
2gg0,6.388
2h44,6.4743
2anm,6.7415
2ew6,5.5458
2f1b,5.631
2brp,6.3922
2c8y,6.9396
2iw8,6.7659
2fme,6.4639
1yw8,6.5361
2ama,6.6508
2cng,7.0388
2igy,7.079
2hny,6.7365
2gga,4.3591
2irz,7.0923
2c93,6.9728
2ggb,5.4707
1zd5,5.8115
2cgu,5.7892
2f3k,6.0723
2j50,6.6106
2fjm,7.1563
2gnh,7.0346
2j87,5.2582
2cgx,6.1254
2bdl,6.8437
2euf,7.3886
2i0v,6.3169
2ggd,4.3593
2chz,6.8757
2cgw,5.7748
2bdy,6.6105
2chw,6.4908
2azc,6.2831
2cma,6.8186
2chx,6.7748
2b7a,6.2184
2am1,6.5962
2fl2,6.4749
2ccs,6.1801
2gpp,6.1905
2hwh,6.4559
2bb7,6.3702
2gni,6.6845
2i47,6.6461
2f4j,6.8859
2h42,7.2621
1yy4,5.2351
2fky,6.5882
2iit,5.8418
1yye,5.6438
2h8h,7.3009
2nq7,6.5072
2a2x,6.8179
2fwy,6.941
2is0,7.0913
1zaf,5.4029
2c4f,7.2681
2g1r,7.3333
2ica,6.6515
2cm7,6.7317
2bve,6.4066
2cni,7.219
2g0h,6.7002
2c8x,7.013
2az9,6.3359
2fj0,5.5727
2nyr,6.5171
2exc,7.4028
2bkt,7.0817
2cnf,7.4693
2i0y,7.5464
2i1m,7.4693
1zd4,5.8115
2gg8,6.1723
2cgv,6.2917
2cmf,5.968
2hwi,6.7143
2gc8,6.5984
2cn8,6.3517
2fie,7.3994
2gg9,6.2491
2c8w,6.9909
2am9,6.5515
1zom,6.4955
2c6c,5.8041
2bua,6.2841
2c90,5.3461
2c9t,6.8362
2bks,7.2975
2fl6,7.3949
2fjn,7.0889
2b1p,7.1558
2hfp,6.8065
2gcd,7.5561
2gz8,5.7794
2fjp,7.1881
2dq7,6.9259
2fdd,5.7641
2ddf,5.7152
2c6g,4.4831
2np8,7.6601
2fm5,6.9228
2g1q,7.2415
2g9x,6.903
2dxs,6.8346
2hk5,6.943
2ank,6.9619
2boi,4.2486
2g24,7.2628
2chm,7.3549
2aq7,5.4241
2aqb,5.4546
2hd1,5.0052
2a0c,6.9729
2fwz,6.9507
2g0g,6.6741
2igx,7.215
2gnl,7.0245
2cnh,7.3509
2gv2,6.6247
2c5o,6.4101
2iiv,5.8893
2bv4,4.3945
2fv9,6.3683
2j83,6.3427
2azb,6.2834
2cmb,7.2083
2j4z,6.6516
2a8h,6.4881
2az8,6.3535
2gnf,7.0565
2gnj,7.0
2d1x,5.2773
2alv,6.8665
2f1a,6.1797
2gmx,6.4809
2b1z,6.714
2ayp,6.41
2bkz,6.9973
2go4,6.1635
2i7c,5.6027
2iw9,6.8005
2f18,6.2209
2auc,5.5085
2aei,7.1494
2hiw,7.1544
2am2,6.6363
2cct,6.7523
2i1r,6.828
2bub,6.8369
2i0h,6.7579
2f34,6.2283
2c94,5.4446
2fb8,7.3438
2ceo,6.4018
2gh7,7.7543
2iwx,6.3016
2ews,5.7047
2euk,6.4529
2fgh,5.1348
2h21,5.3401
2eum,6.405
2evl,6.4664
2cgf,6.3087
2iws,6.3345
2c9d,5.552
2izx,4.9922
2hdx,5.8696
2f14,5.8912
2fgu,5.8264
1zc9,4.7228
2c97,5.6892
2cvd,6.0922
2ivz,6.4588
2ce9,6.7123
2df6,5.3067
2j79,5.1029
2fkf,4.5982
2fw6,3.7092
2fwp,3.7049
2iwu,6.3345
2g83,6.2336
2g6q,4.9155
2boj,4.7468
2fl5,6.1792
2gfa,5.6903
2h2h,5.4313
2j7g,5.3104
2buv,5.0852
2flh,5.4872
2bmv,4.7638
2ewa,6.7149
2a5b,5.3367
2cbz,4.9455
2j77,4.9884
2foy,6.1551
2haw,5.2344
2clv,6.104
2g2r,6.3287
2g97,7.0
2hu6,5.9221
2o4n,5.8814
2gl0,4.8344
2gzl,5.5047
2ccc,6.5276
2fx9,6.9211
2b4l,5.1802
2o4p,5.8873
2ha4,3.9173
2fr3,5.9852
2c92,5.552
2cbu,5.0718
2azm,5.7823
2bmk,5.7951
2fuu,5.0925
2c9b,5.2898
2idk,7.4838
2a8g,5.5466
2flu,6.2619
2fx7,5.9611
2hmv,4.723
2hmw,4.7805
2hmu,4.7779
2cex,5.0962
2h23,5.4529
2fqw,5.1851
2aoj,5.6825
2j75,5.3742
2ca8,4.8429
2ha2,4.6523
2j7b,4.9325
2a5c,5.4366
2fsv,5.2186
2fqy,4.8859
2aof,5.5598
2fov,5.7859
2b4m,5.314
2frd,5.2775
2h3e,5.7163
2g5u,5.4055
2cbv,5.2271
2hf8,6.3009
2f35,6.1512
2fx8,5.9585
2o4s,5.9635
2nm1,6.1071
2ccb,6.8616
2iko,7.2592
2o4k,6.0658
2h9m,5.885
2aoh,5.6496
2amt,5.1581
2cia,5.9212
2ha0,4.0781
2j78,5.0981
2ez5,6.0532
2h6b,5.4915
2h2j,5.4871
2h2d,6.9276
2fxv,5.4491
2h13,5.9593
2c80,5.8255
2ez7,5.2064
2ha7,4.1692
2j7f,5.3446
2fys,6.1239
2ha5,3.8353
2j7e,5.7829
2ha6,3.8962
2c1p,6.1206
2a4w,6.5029
2g96,5.7792
2ces,5.2466
2gph,5.8271
2gz2,5.1089
2f5t,4.5303
2o4l,5.8853
2ci9,5.955
2fo4,6.122
1yon,5.6606
2j7h,5.066
2doo,6.2999
1zea,6.1209
2h6q,5.8052
2fr8,5.2713
2bba,5.7897
2fci,5.7086
2hmh,6.5058
2fqx,5.2653
2j7d,5.6292
2fgv,5.8064
2o9k,5.8715
2iku,6.88
2il2,7.3119
2fxu,6.1903
2gtv,5.7725
2h6k,5.7585
2fou,6.0915
2hnx,5.6748
1zsh,5.4794
2ate,5.2087
2h5a,4.9758
2d0k,6.0441
2cet,5.4279
2cc7,6.3018
2fts,5.5124
2ha3,3.8759
2aoi,5.5951
2cf8,7.2672
2cf9,7.2367
2f0z,5.9416
2aoe,5.9597
2d1o,6.0458
2hh5,7.0389
2f7o,4.7874
2f81,6.6906
2fzz,7.131
2f9u,6.016
2i3h,5.5125
2i3i,6.2395
2a4g,6.195
2a4q,6.273
2bq6,7.0605
2bz6,7.0221
1zsf,5.8275
2d3u,6.5408
1zsr,5.8275
2b1i,5.1423
2d41,6.1898
2g00,7.1832
1z6e,7.2281
2i0g,6.5511
2b1g,5.1886
2d3z,6.0099
2f7p,5.6815
2hwg,4.2478
2jbj,4.5788
2f10,6.5192
2bzz,4.8315
2fqo,5.032
2g94,6.6465
2gvj,7.0175
2hoc,6.2154
2f9b,5.5147
2h4g,6.06
2aqu,6.0833
2jbk,5.5062
2aog,5.4956
2avv,5.6258
1w6h,6.341
1zvx,5.7264
2fqt,5.032
2g5t,6.8226
2i0d,6.1791
2ewb,6.0033
2i03,7.0322
2ien,6.6278
2fhy,6.9308
2h5i,5.5281
2idw,6.6091
2avo,5.609
1yz3,5.313
2b1v,6.4978
2flb,6.2769
2d2v,4.6792
2gvd,5.9555
2b1r,4.6792
2g8r,5.5839
2hds,6.0626
1ypg,7.1361
2anl,7.1369
2fpz,5.2165
2e1w,6.1575
2h5j,5.1495
2gvv,5.6334
1zfk,5.7222
2gbf,6.03
2aoc,5.5559
2clx,4.8519
2gvz,6.1198
2c6n,5.9915
2gv7,7.0857
2a4r,6.1663
2j34,6.8839
2hb1,5.3894
2hd6,5.7759
2i19,5.9019
2ajd,6.0237
2dua,3.9275
2bmg,6.8892
2am4,5.5256
2f94,5.6959
2fzc,6.2942
2hdr,4.6839
2j4i,6.9618
2f8g,6.6662
2avm,5.4986
2nw4,6.8427
2aod,5.4979
2an5,5.8712
2c4v,3.6425
2i0j,6.5665
2iuz,4.8151
2bvr,6.5833
2fx6,4.9552
2c4w,5.866
2dw7,4.598
2cn0,6.9523
2fzk,5.6874
2fs8,7.1024
2fxr,7.1024
2gsu,5.1328
2b1q,4.7622
2fdp,6.6205
2avs,5.6081
2i3v,5.0046
2f1g,6.8497
2b7d,6.8767
2bvx,7.4078
2i0e,6.1922
2i3z,7.2106
2f2h,6.5478
2ajb,5.7369
2ieo,6.6662
2ihq,6.6626
2h4k,6.0168
2ioa,5.3019
2hs1,6.5809
2aez,4.7463
2g5p,6.7437
2j47,6.294
1zfq,6.0647
2f89,4.8726
2c57,4.829
2ivu,7.4741
2isw,5.6882
2isv,5.7846
2cmo,7.1112
2boh,7.073
2bqw,6.8306
2bxt,7.4635
2fs9,7.0818
2fvd,7.7149
2gbi,7.3012
2hb3,6.7236
2hs2,6.7537
2hdq,4.7421
1y3g,6.3508
2j9h,6.126
2hzy,4.9888
2avq,5.5559
2fzg,5.699
2aw1,6.3577
2gv6,7.0256
2j2u,6.9042
2i0a,6.1234
2i80,6.4039
2cbj,6.4731
1zge,5.2107
2aq9,6.2957
2ceq,5.3109
1zky,6.5211
2gbg,6.0167
2fai,6.4467
2gmk,4.5405
2hdu,5.8651
2ff1,7.2576
2ff2,7.2576
2h5d,5.9295
2h65,5.4181
2f80,6.5769
2g63,6.7445
2hnc,5.2496
2aj8,7.0654
2g8n,6.1653
1z9y,5.729
2cji,6.9335
2hxm,5.5927
1zs0,5.7264
2bxu,6.5404
1yp9,6.4748
2d1n,5.9041
2fm2,6.2131
2bvs,6.7671
2f9k,5.0642
2bq7,6.8376
1ype,7.1444
1w7g,7.3534
2c02,4.8527
1ypj,7.0865
2in6,6.3782
2j4a,5.688
2io6,6.5758
2uzn,6.7744
2obj,6.0221
2hwp,6.147
2duv,6.2262
2hwo,6.1181
2p3g,7.4436
2uzb,6.7975
2r9s,7.1668
2jdt,6.1953
2uzd,6.909
2rjp,6.3816
2va7,6.6229
2of2,6.9443
2jdo,6.0518
2pgj,6.7729
2pgl,6.7701
2uw6,5.7922
3b8z,7.4856
1vsn,6.4398
2ofv,6.8093
2gdo,7.2486
2o64,5.7859
2ohv,5.8314
2fw3,6.0867
2oj9,6.9719
2hog,7.1743
2pvw,4.6019
2q6b,6.4348
2off,5.4222
2owb,7.2428
2qpj,6.4241
2uyi,6.8508
2v10,7.0194
2e98,5.7833
2og8,6.9389
2uzl,6.7981
2gmv,7.0041
2p98,6.1929
2hy0,7.2928
2o65,5.6428
2ozr,6.0657
2va6,6.7478
2e99,5.7974
2v0z,7.1814
3b2w,7.315
2uue,7.2458
2o63,5.6377
2g9r,5.9514
2g9u,5.9374
2q1j,6.9335
2pzi,5.9706
2e9a,5.8182
2o48,5.8447
2i6a,6.164
2v12,7.1449
2r0u,7.3937
2p99,6.0985
2e9c,6.1934
2o3p,5.4897
2o7v,4.3028
2g9v,5.9189
2uzv,7.3357
2e9d,5.8622
2jbl,5.9888
2ooh,5.8429
2ork,5.1881
2ghg,6.9952
2r9m,6.3573
2qe5,6.3131
2q2y,7.2651
2q7m,6.515
2p3o,5.0047
2pg2,6.3469
2veu,7.157
2ohr,6.7383
2qcg,4.9959
2p4i,7.0639
2qcn,6.1063
2gh6,6.2653
2ieh,6.6647
2ojf,6.7792
2hiz,7.08
2e2b,7.5575
2oah,7.07
2p83,6.727
2qk8,6.495
2q1l,6.1037
2hxl,7.2252
2qd9,7.7309
2hxq,6.6975
2gfj,5.6798
2ou7,5.2888
2o5k,6.8093
2o7n,6.3642
3bi6,7.1938
2hb9,5.1893
2ilp,6.2038
2q6c,5.9995
2oph,6.1129
2hyy,7.1501
2osc,7.0169
2qe2,6.3588
2vex,6.9402
2oh0,6.7433
2uw7,6.6203
2pjl,6.2465
2iok,6.2017
2ofu,6.9519
2oo8,7.3246
2ow1,6.1412
2r6n,6.9755
2rgu,7.1119
2q72,6.0716
2q2z,7.2796
2v0c,6.7637
2r3c,5.7773
2qt9,7.1587
2gu8,7.31
2j2i,6.7573
2ow0,6.2008
2qoh,7.3733
2uw0,6.5254
2h9t,6.6339
2jc0,6.9543
2rcu,6.2251
2p8s,6.4929
2vcj,7.1234
2vci,7.3429
2oq6,5.3536
2q6h,6.2969
2qch,5.5556
2qoe,6.8037
2jaj,5.4497
2ohq,5.5553
2ph6,7.2164
2uzo,6.8955
2hvx,6.4602
2hm1,6.8744
2ovx,5.8921
2uym,6.3945
2nww,4.5604
2ds1,7.2793
2oh4,6.653
2vev,7.1055
2ow9,5.7372
2gfk,5.2781
2h1h,5.4183
2ohm,6.1333
2gj4,6.9517
2uw5,5.778
2qcf,4.9456
2fvc,6.224
2hz0,6.7254
2nqg,6.8148
2hz4,6.8096
2pzy,7.652
2p2i,7.0215
2poq,5.2773
2gd8,6.4325
2v11,6.5664
2vf6,5.8111
2ohu,6.7485
2vd7,5.7833
2gqn,6.217
2qtb,7.1316
2jbu,4.7383
2q8i,6.5567
2qcd,4.9172
2o9i,6.089
2ohs,6.9079
2gm9,7.0074
2hzn,6.7513
2q9n,5.9709
2pvv,4.9171
2vey,7.0816
2qcm,5.8956
2uze,5.5097
2oic,7.0369
2pe2,6.8824
2uw4,6.4277
2os9,4.7394
2gde,6.5705
2pix,5.7969
2p33,7.2245
2r8q,5.2935
3biz,6.5425
2iqg,6.787
2nv7,5.5063
2pe1,6.1219
2rfn,7.4481
2p9a,6.0634
2imb,5.5698
2q9m,5.9337
2vew,7.0629
2p2h,7.146
2ow2,6.3245
2i5f,5.3639
2hzi,7.5644
2p8h,7.2154
3bcn,5.7325
2uw8,5.2254
2nqi,6.8022
2ywp,7.1765
2o5d,6.7438
2ooz,4.5734
2jbo,7.4122
2jbp,7.3744
2pe0,6.3043
2qju,6.1022
2uw3,5.9985
2of4,6.9634
2ogz,5.652
2va5,6.1402
2q8g,6.3142
2iog,6.8657
2oht,6.3574
2or4,5.5427
2pcu,5.9909
2ohp,6.1704
2no3,7.0275
2z60,7.3746
2v7a,6.6748
2e7l,5.955
2gek,5.4782
2nnv,5.295
2uxi,5.623
2pl0,6.9785
2r5d,5.8486
2v8w,5.2159
2jdu,4.1483
2c1q,7.2546
2p0d,5.0157
2v00,6.0088
2gej,5.4823
2oi3,6.1228
2jdp,4.2027
2jbv,6.0562
2jdk,4.9879
2py4,5.4434
2jdh,5.05
2qki,6.3921
2nn7,4.8643
2pfy,5.589
2qqs,5.6989
2hkf,6.2725
2qpq,3.5389
2e27,5.8434
2nno,5.1526
2gfd,5.5267
2nxl,5.8271
2jnw,6.0781
2qx0,5.8898
2e7f,6.2545
2p8n,5.2059
2j3q,6.0833
2pze,4.9171
2fxs,5.8295
2nnd,5.0586
2nns,5.7644
2r7g,6.0539
2hug,5.2643
2z5o,4.7425
2joa,5.3215
2peh,5.4999
2pv2,5.4194
2oqs,4.775
2ph9,6.4368
2qm7,5.4544
2e5y,5.5929
2nn1,4.6337
2qta,5.516
2itt,7.1832
2pgz,6.8603
2v25,5.1637
2j6m,7.1978
2q8y,6.172
2odd,5.5238
2r58,4.762
2oiq,7.1329
2itp,7.1981
2g78,5.9938
2g79,5.8246
2ito,7.256
2oei,4.7559
2vhj,4.8341
2pk6,6.0459
2vhq,4.7458
2j4k,4.7891
2o9a,4.6977
2jup,5.1893
2jg0,6.1851
2hr6,5.4082
2nsj,4.9941
2clk,4.4865
2jsd,5.9846
2qm9,5.5629
2dwx,5.7357
2ov4,5.3659
2uxu,5.9165
2i4z,6.0709
2i4p,6.0709
2q8h,4.5986
2v3u,4.6819
2gh9,5.254
2uyq,6.1713
2z5s,5.8246
2nxd,5.8178
2z5t,5.7284
2r5a,4.7738
2r5b,5.8029
2itz,7.2651
2jdn,4.4231
2nmx,6.2196
2nsl,5.01
2pk5,6.0278
2j9n,5.0795
2v5x,6.9427
2pem,6.0852
2v87,4.873
2vba,5.5684
2vb8,5.7373
2nn8,4.4549
2hzl,4.2099
2rly,4.966
2hrm,5.5356
2cle,5.7184
2clm,5.7063
2clf,5.7184
2o9v,4.6741
3b50,5.5365
2uyn,4.8811
2nwl,4.6725
2oi9,6.0308
2o3z,5.4228
2r0z,6.3883
2isc,7.5492
2jdm,4.2027
2ntf,6.8988
2opy,6.1531
2puy,5.0704
2ra6,4.9917
2ogy,6.2323
2jq9,5.3721
2v83,4.8907
2v86,4.858
2v85,4.8202
2j4q,5.5208
2hj4,5.0981
2qhd,6.0137
2nng,5.5956
2uwd,7.2673
2gj5,6.2852
2hjb,5.1798
2jqk,5.441
2jdy,4.3257
2p09,5.0634
2iv9,5.558
2p0x,5.0218
2igw,4.8039
2v95,6.5404
2pv3,5.8242
2e2r,5.2586
2h5e,6.1126
2igv,4.6912
2oi2,5.1214
2p15,7.134
2cli,5.9688
2cll,5.9829
2jo9,5.7198
2ity,7.2274
2pql,5.5341
2imd,4.9451
2pll,5.3349
2q7q,5.1684
2o1v,5.3546
2nxm,5.8401
2i4j,6.0709
2i6b,6.5652
2qbx,5.8896
2hqu,5.64
2ovq,5.7429
2pv1,5.6096
2jf4,5.8794
2r05,5.7073
2r03,5.7505
2ipo,5.6886
2v88,4.8345
2clh,6.1792
2clo,6.2118
2r02,5.6968
2jmj,5.1801
2ohl,5.1089
2rm0,5.1464
2e94,5.7302
2i2c,5.0703
2ftd,6.8173
2o4j,6.7497
2p16,6.737
2e95,6.302
2uvm,5.306
3bgp,6.5678
2e93,6.0506
2e92,5.4501
2iu0,4.8935
2oxd,5.3954
2ot1,5.4489
2oxx,5.2297
2j4g,5.4464
2e91,5.018
2jj3,6.7307
2pog,6.5262
2nt7,7.4055
2oxy,5.6017
2oz5,5.9054
2j27,4.7869
2v3e,5.9452
2p95,6.7657
2z4b,6.6396
2op3,5.5907
2o4r,6.7497
2g9q,5.4835
2o2u,6.8286
2qtu,6.7801
2ok1,6.2593
3bgz,5.6521
2yxj,7.5918
2oyl,5.5472
2v0n,5.9405
2p94,6.7477
2o7e,5.0678
2p2a,6.1974
2z9g,4.5236
2flr,6.017
2ql9,5.3772
2q54,5.4171
2hw2,5.7737
2on3,4.9603
2p4j,7.0756
2onz,5.9895
2eg7,5.4529
2qlb,5.361
2obf,6.1827
2qlf,5.371
2oc7,6.1114
2pu1,5.1876
2z94,4.8636
2hvc,6.2326
2p93,6.3162
3b7i,4.8645
2uz6,6.5048
2psx,5.7252
2opb,6.3604
2uz9,5.1937
2i4x,6.7969
2hob,7.0825
2qrl,4.6194
3b3c,4.7983
2hah,7.1617
3b92,6.1403
2oym,6.0486
2qe4,6.5601
2v3d,5.5924
2oc9,7.1165
2p3a,6.3152
2q15,7.2981
3bgq,7.1818
2o9j,6.3693
2oa0,6.3693
2cem,6.0632
2ovv,7.5526
2jnp,6.2897
2ovz,6.5221
2fle,5.7663
2oz7,6.5728
2p8o,5.527
2uwp,7.0436
2f9v,6.3037
2oc0,5.7332
2ptz,5.4302
2pu0,5.4302
2jal,4.7842
2pwg,5.0127
2nta,6.7555
2on6,7.106
2iyf,5.5053
2g70,5.6203
2jh6,7.466
1vso,5.3531
2p3d,6.1868
2e2p,5.332
2o1c,4.9056
2i4t,7.4966
2rcx,5.8109
2q55,5.7608
2i4d,6.7467
2oax,6.5236
2op9,6.6506
2ojg,6.9644
2cej,5.9261
2i4w,6.746
2r5q,5.734
2i4u,6.8098
2np9,5.8142
2onb,4.9543
2itk,6.375
2jew,5.8534
2psj,6.5672
2fu8,6.0558
2ony,5.9653
2za3,5.1222
2h15,5.6483
2o9r,4.569
2uy4,6.501
2hl4,5.9819
2z3h,6.0832
2it4,4.948
2vfz,5.5084
2p3c,6.2811
2psu,6.0123
2ihj,6.1557
3b3x,5.0436
2gvf,6.5906
2o8h,7.6113
2q80,5.4365
2jiw,5.4861
2r9b,5.9541
3b3s,4.8987
2oi0,6.5025
2v96,6.3048
2jh0,7.3597
2nnq,6.3269
2oaz,6.386
2ojj,6.9078
2uwo,6.915
2oqi,6.5033
2o0u,6.8713
2uy5,5.4443
2p3b,6.3393
2r5p,5.5151
2oag,7.3233
2i2b,5.6097
2ima,6.0285
2o4h,5.2066
2eg8,5.3777
2g72,6.3269
2cfd,6.019
2hhn,7.0097
2r2w,5.9989
2g71,6.2904
2p53,4.8012
2jh5,7.3339
2cfg,6.019
2oxn,6.2286
2i72,5.558
2pou,5.3217
2oc2,6.2969
2qu6,7.4128
2nnk,5.8157
2nnp,5.8157
2nmy,5.7842
2nmz,5.7842
2glm,5.7914
2oc1,6.3522
2qlj,6.2962
2gkl,5.4562
2j62,6.2156
2pwd,4.9884
2j95,6.8874
2ovy,7.6746
2oqv,7.3524
2uwl,6.9038
2pbw,5.524
2qft,4.5135
2jfz,6.9851
2nwn,6.7231
2uxx,6.9949
2j94,6.8938
2ql7,5.2301
2qzr,6.4203
2qrk,5.1268
2o4z,5.28
2obo,5.6121
2psv,6.3631
2q38,5.2632
2cen,6.0549
2q5k,5.9336
2oyk,5.547
2jds,7.0995
2jdv,7.1101
2i4v,6.8539
2qdt,5.3003
2uy3,4.9573
2h6t,7.9178
2q3z,6.9882
2pow,5.3188
3b3w,4.9579
2qfu,4.5208
2o22,7.0581
2v2q,5.7546
2pov,5.2998
2q1q,6.4893
2q70,6.5424
2qu5,7.0775
2z1w,5.2075
2v2v,5.7108
2oc4,7.1099
2oji,6.6263
2jfh,6.2724
2ql5,5.3772
2glp,6.3138
2q11,7.0452
2q8m,5.1218
3bea,7.4909
2ow7,5.8155
3bel,6.9398
2vv9,7.4147
2vcx,5.4843
3ctj,6.8057
3cst,7.1883
3d4q,6.2287
2r64,7.0687
2rgp,7.2959
2w3l,6.0374
3bmy,6.9887
3c1x,7.6226
3cp9,7.7272
2rc9,5.0344
2vwx,7.092
3dog,6.6949
3br9,6.7876
3d7h,6.545
2r7b,6.5707
3ddp,7.1096
2vwy,7.1424
2z7i,5.7539
3dct,6.6887
3bjc,7.2478
3cth,6.7034
3bi1,6.9227
3cwe,6.1851
3ej1,6.9872
2vd1,6.4975
3f5p,7.4039
2vgp,6.5042
3e7b,5.7134
2q8s,6.0533
3bm9,6.2385
3e7a,6.9299
2qc6,5.9618
3di6,5.6887
3c45,7.0436
3ddq,6.9848
2vx1,7.18
3eoc,7.2529
2vww,7.0185
3drp,6.78
2vwu,7.1322
2jdl,5.9931
2q94,5.2875
2z7r,6.9934
2rc8,4.6294
3c10,5.9986
3bv2,7.3187
3eid,7.3873
3bv3,7.3081
3el7,7.1885
3e2m,6.1932
3drr,6.7681
2q93,5.3442
2qyn,6.7763
2qu3,6.1693
3b8q,7.1308
3bys,7.3009
3d7f,6.4232
3drs,6.6247
2w4i,7.2495
2qyl,6.766
3dwb,6.6972
3b8r,7.2893
2ze1,6.4552
2z4y,5.6365
3db6,7.0282
2z78,6.2835
2vwz,7.172
3bhx,4.5248
2zdz,6.0554
3byu,7.1236
3ds6,7.3673
2vcq,5.2786
2z4w,5.6514
2qa8,5.586
3f66,7.3425
2q92,5.254
2q96,5.0119
3c6u,5.7327
2viq,6.2492
2rib,4.781
2r4f,5.654
3bz3,7.4684
2vtr,6.2943
3bet,6.4702
3dpd,6.3875
2vcg,6.7702
2q95,5.7001
3e63,6.0511
3cs8,6.5283
2z4z,5.9188
3ce3,6.9417
2viy,7.2915
2pjc,6.8344
2vtj,6.5811
3c4f,6.8155
2r3k,6.6384
2r3l,6.8004
3c4e,6.3654
2uup,6.1592
2r3j,6.3639
2r3m,7.634
3dej,6.3725
3fc1,6.9684
2z50,5.6557
3bh8,5.5174
3bpr,7.1088
2rjr,4.8576
2vd0,6.0202
3bh9,5.8727
2zva,7.0795
2pks,6.7756
3ccn,6.2447
3e7o,7.1832
2vth,6.4704
2vte,6.193
3dy6,6.7451
2pj9,6.8391
2pj2,6.6846
3chd,6.1622
2zas,5.3028
3dda,5.5985
2onc,6.9477
2pj4,6.6147
2vj6,7.2977
2vto,6.3747
2vtq,7.2275
3deh,5.6308
3bi0,4.7023
3cib,7.3512
3d7d,6.2957
3ehw,5.64
3cqu,6.4336
3eqb,6.8265
2pj5,6.8702
3c4c,7.549
2vo7,6.8558
2ea2,6.522
2vwv,6.7323
2jkm,7.3707
2piz,6.4272
2uuo,6.3154
2pj7,6.7585
3chs,6.2298
3d7g,4.6417
2qn1,6.3928
2ph8,6.7991
2vj9,7.1169
2vta,5.3092
2pj8,6.8143
2vd4,6.7159
2pjb,6.8988
2zjf,5.6117
3c43,7.3546
2vin,5.8683
2vtm,5.5633
2r2l,7.6446
2w05,7.1319
2qh6,5.7498
2r3i,6.974
3f69,5.9883
2k31,5.8842
3c6t,6.4113
2pja,6.6818
2rg6,7.2717
3cjo,6.6014
3dt1,7.3364
2qnx,5.8248
3bqn,7.0189
3cbp,5.5028
2z52,5.6472
2zlg,6.5245
2ria,4.8557
2qo1,4.9556
3daj,6.7268
3f07,6.4593
3bwf,6.6471
2e9o,7.1749
2piy,6.839
3chq,6.2727
2r3h,6.8156
3c7q,6.9365
3c72,6.8701
2zm1,6.4482
3eio,6.1076
2pre,5.7264
3d14,7.1004
2qlq,6.2578
3eyl,6.6935
2zp0,7.0012
3el8,6.6994
2v13,7.0617
3cgf,7.2118
3cm7,6.7347
2qzk,6.844
3dek,6.4311
3cho,6.1059
2qn2,6.2172
2ow6,5.6382
2vnn,7.0036
2w17,7.6935
3be2,7.354
3cn0,5.3544
2rg5,7.2947
2qyk,6.906
3bhb,6.0706
3bx5,7.3554
2rf2,6.5919
2qu2,5.3157
2qnz,5.841
2vts,7.5265
2zmj,6.4836
3e01,6.6632
2vl8,5.3172
3ccb,5.7369
2zlf,6.3216
3d4l,6.2078
2vie,7.0368
3bsc,6.8848
2pt9,5.5029
2vqj,6.924
3dm6,7.2318
3bgm,6.1733
2ow3,5.8208
2qmf,7.3798
2vaq,6.3466
2vnm,6.9374
2vtp,6.3441
3cic,7.5494
3dcv,6.6713
3dya,6.9704
3cgo,7.304
2v22,7.2273
3chf,6.1775
2qaf,5.184
3bgl,6.4193
2qve,4.808
3eql,5.8834
3e62,5.3763
2vj7,6.9211
3ctq,7.1991
3ddu,7.5346
3dei,6.4157
2vio,5.5581
2ei6,6.9471
3cqw,6.691
3dbd,7.3297
2vtt,6.8057
2vrx,7.388
2ea4,6.3725
2vu3,6.6286
2pj6,6.7974
2rl5,6.9273
3bl7,7.0524
3efw,6.989
3ekn,7.4288
3elj,7.4791
2rku,7.4115
3che,6.0898
2vip,6.3825
2rjs,6.0787
2qq7,6.2561
2vvt,6.7694
2r3f,6.8816
2vgo,7.2277
3ch9,4.9802
2viv,6.9156
3chp,6.1767
3d27,5.4009
3cj3,6.789
2qmd,7.3182
3bc5,6.8775
3cid,7.4804
2vj1,4.1011
3b9s,6.2285
2jkk,7.3249
2e9n,6.8883
2vvo,4.4289
3cjf,7.004
3dcr,5.2541
2pmn,6.467
3c5u,7.5154
2pj3,6.9209
3eht,5.9479
2r3o,6.4052
2viz,7.2787
3cy2,6.6372
3chr,6.0665
2zdx,7.1803
2rip,7.1858
3ee2,6.0504
2vti,6.7773
2r4b,6.7021
3bl9,7.0898
3ecn,4.9866
2qzx,7.8443
2v16,7.0161
3bym,6.7537
3bki,6.3803
2jko,7.5355
2jkq,7.5981
2r3n,7.2041
2viw,6.902
3dbs,7.1885
2zof,6.4095
3byo,7.1873
2pj0,6.8451
3ens,7.0075
2r3g,6.2489
2vle,5.3578
2qiq,6.4814
3chc,5.5643
2w06,7.3813
2vtn,7.1533
2vtd,6.2053
2pjt,6.3074
2vcw,5.0989
2qk5,6.6883
2qp8,6.8935
2qzl,7.1678
3ccc,6.8611
2zdt,6.6273
2pj1,6.8225
2r3p,6.8467
3ddb,5.6219
2vqm,7.0243
2vtl,6.4477
2qhn,6.5039
3db8,7.0786
2jjk,6.6162
2zv9,6.4494
3cd8,6.7423
2z8e,5.1297
2q2a,5.6454
2rkn,5.5737
3e64,6.6234
2vt3,5.3497
3c49,7.1374
2zmd,5.9277
3exe,5.6247
3cow,6.1918
3bu8,5.439
2vpn,6.1584
3bxz,4.9194
3diw,5.7507
2uyw,7.7957
3dab,5.9256
2qky,5.7684
2jgs,8.3817
2vwc,6.3236
2qpu,5.8053
3bb1,5.4574
2p7z,5.4985
2p7g,5.2226
3d0b,6.6221
3exf,5.6094
3c7n,5.6328
3bva,5.4667
2jkt,6.1712
3cj4,6.7531
2phb,6.855
3bum,5.8561
2p3i,4.5337
2q2n,5.9896
3cph,5.5865
3d2e,5.3671
2jql,5.4125
2w0p,5.2881
2q2c,5.3219
3c2o,5.3719
3cj5,6.8405
2zb1,7.2086
2pvu,5.7723
2vx0,6.9641
2w0s,5.5693
2jg8,4.565
2or9,6.4515
2q89,5.7241
2vrj,5.9921
3ebl,6.1109
2zm3,6.4464
3bun,5.8405
2qbu,5.0182
3bti,5.3539
2p7a,5.2306
3c2r,4.5634
3ce0,6.466
3dst,5.5968
2jkr,6.0951
3buo,5.7899
2z92,5.8389
3cii,5.9862
2vmd,4.0041
3coy,6.3342
3cfv,5.7878
3ckb,4.4229
3btl,5.3746
2rcn,5.4266
2z97,5.6799
2vmc,4.2664
3cfs,5.7591
2pmk,5.381
3bim,5.5023
2k2r,5.6347
3bu6,5.7827
3eeb,5.1681
3buw,5.8625
3e5u,5.3755
2zju,6.261
3e1r,5.4995
2q88,6.2146
3btc,5.3746
3d1e,5.724
3eg6,6.2386
2vyt,5.0779
3eml,6.7195
3bzi,5.9088
2pqc,5.4183
3d1f,6.4991
2oz2,6.7574
3bt9,5.2019
3c2f,4.749
3bxg,5.0849
3bbb,5.0742
2rin,4.9703
3chg,4.8235
2rnw,5.2922
3c39,5.4145
2r6f,5.2026
3c9e,5.7048
2jqi,5.2655
2vpe,5.1528
2vo4,5.3583
2eh8,6.2671
2jb6,6.651
3cd5,6.324
2vuk,5.9388
3exh,5.604
2z6w,6.9377
3ccw,6.2057
3cd7,6.1037
3ds0,5.9191
2vmf,5.6208
2k4i,5.1929
3ck8,4.6887
3e6v,5.3915
3c84,6.7639
3cj2,6.7464
2jk9,5.3609
2pym,5.8461
3bl2,5.9634
3cyy,5.2785
2rcb,4.9276
2r1x,6.6379
2zpk,6.6697
3cpj,5.5061
2w68,4.1627
2r23,6.7471
2vfk,5.0645
3d9k,5.3598
3f9w,5.9046
3bze,5.9862
3ds1,6.0482
2k0x,5.0559
3b5j,5.4189
3f17,6.1101
3bux,5.7981
2qry,5.9153
2reg,4.9179
3btj,5.2019
3c6w,5.0802
2jst,4.5273
3bex,5.0089
3coz,6.3124
3bxf,5.2232
2rio,5.2061
3bra,5.838
2emt,5.9651
3clp,5.5309
3f3e,4.2954
2k62,5.2962
2qfo,6.6391
3ew2,8.1017
2rny,5.7218
2qv7,5.5954
3f8c,6.0934
3fat,5.1935
3ery,6.0301
3buh,6.3614
3cf1,5.9123
3f8f,6.1715
2z4r,5.0791
2k00,5.9128
3cwk,5.9319
2pyy,4.8495
2r1w,5.1955
3d7k,5.3766
3cda,6.0835
2k46,4.9977
3cd0,6.2859
2v7d,5.9374
3cct,6.0989
2jiu,7.2093
2pyn,5.8509
3b2q,5.1712
3d9p,5.4252
3brn,5.6981
2zbk,6.8474
3c4h,7.0245
3eks,6.7117
2q64,5.8365
3c1n,4.809
2qtr,5.551
3bvb,6.5769
3bxe,5.007
2qic,4.8478
2zkj,5.2171
3d2r,5.2171
2vc9,5.3285
2vpo,6.0725
3bzf,6.0216
2r0h,4.6569
2r1y,5.2582
3f9y,5.8648
3d9m,5.4395
3d32,6.2374
2zit,5.3242
3b82,5.3242
2qtn,6.5837
2zdm,6.7718
3f18,6.2248
3bf1,5.1119
2vw5,6.4731
2vnf,4.9556
3b4p,5.7984
3f6e,5.8928
2zdl,6.769
2rnx,6.0594
2qhr,6.3748
3c3r,6.0594
2pr9,6.024
2zdk,6.7416
3dp4,5.3046
2zif,4.8104
3c3o,6.0195
3feg,6.5439
3c3q,5.9288
3bbf,5.3467
3coj,6.3458
2oz6,5.6556
2vcb,7.0896
2k3w,4.9011
3f16,6.061
2vvn,5.8822
2q7y,6.5271
3ccz,6.2495
3f48,4.2639
3cr4,5.4517
2zdn,6.7388
2qbw,5.653
3bjm,5.5138
3btr,5.7699
3ds3,5.776
3b2t,5.5429
2pqj,4.9992
3blr,6.9932
3ctr,5.6733
2jb5,6.2649
3cyu,6.9046
3f80,5.2857
3f1a,5.9673
3b8h,5.3242
2pqb,5.3602
3c79,6.7089
3eov,6.8062
2r2b,5.1537
3ds4,6.0285
2pmc,5.7219
3cr5,5.6263
3f19,6.1029
2qhm,7.2785
3bug,6.0202
2q63,5.7866
2pl9,5.6921
2vxj,4.007
3d9l,5.7529
3f3d,4.2133
2rfy,5.0435
3bu1,4.6991
2zjv,6.0398
2k2g,6.2897
3f15,6.1746
2pnx,4.947
2r75,5.5735
3cgy,6.386
3d2t,5.7411
3e6k,5.2623
2zg1,5.4313
2zg3,5.4303
3d62,5.5373
3buf,5.1409
3b78,5.3242
3ck7,4.7249
3d9n,5.4924
3bxh,5.2304
3dsu,5.5968
3eyf,6.559
3cdb,6.1684
2qbp,7.2903
3e0p,7.1185
3c56,5.297
2qi5,5.671
2qi6,5.7613
2qi4,5.7583
2qbq,7.0847
2r38,5.9561
3ekr,6.5138
2p59,6.4468
3c52,5.4597
2qi7,6.1832
2qi3,5.6787
2qnn,5.9042
2r3w,5.8649
2vnp,5.0153
3bc3,6.4848
2rfh,5.5765
2zq0,7.1289
2v2h,4.7508
3e8r,7.0324
2qbs,7.1609
2za0,5.2736
2zb0,7.1922
2pwr,5.9313
2pvh,6.0749
2z4o,5.8825
2pwc,5.8424
3bm8,6.3187
2vh6,6.9844
3eko,5.5398
2p4s,7.9407
2r6y,6.5964
2qf6,6.1789
3blu,6.3576
2pvn,7.1559
3c1k,6.6524
2pvm,6.4659
2v2c,4.7722
2qnp,5.7632
2vw1,5.2984
3ckp,7.1177
2r6w,6.7396
2qbr,6.433
2w26,6.6197
2zaz,7.292
3b65,6.2118
2vw2,5.833
2osm,4.9545
2qrp,7.2138
3bkl,6.5885
2ri9,5.3079
2qnq,5.7275
2qmg,7.2385
3d91,7.1416
3bh3,4.8331
2qd7,5.8641
2rkf,5.9572
3bkk,6.4941
2qd8,5.8906
3cke,5.72
3bgb,5.9395
3d04,6.0985
2vqt,5.0757
2z7g,5.8583
2qhc,5.9721
3c2u,5.4423
2v6n,5.6449
3b67,6.294
3e93,7.2093
2r3t,5.9561
2zcq,6.1031
3d1z,6.6865
3b5r,6.3652
3bqc,5.2353
2vkm,7.0786
2rkd,4.4961
3ckz,4.9532
2qg0,6.9868
2w54,5.2517
3cyx,5.8157
3e92,7.2305
3d1g,5.4785
2vi5,5.2346
2z7h,5.7172
2vjx,5.4112
3d67,5.7046
2e9v,7.0282
3cf8,5.4831
2uy0,5.9393
3bl0,5.4655
2qw1,5.6538
2q7o,7.1744
3d7z,6.7404
3f0r,6.4108
2zcr,6.1395
2zn7,7.2002
2vo5,6.2514
3d4z,5.2842
3cf9,5.4268
3ewj,6.4206
2osf,4.8964
1w12,6.4562
3dd8,6.755
3efk,7.4109
2r9x,5.7358
2ra0,6.9742
3c88,5.5332
3d94,6.9713
3czv,5.4033
3fas,4.6741
2pyi,6.2155
3cyw,6.6662
3d50,5.9756
2zc9,7.336
2zgx,7.3935
2jt5,6.3751
3b7u,6.54
2qrh,7.2259
3b9g,7.2732
2rka,4.3798
2p4y,6.9717
2r43,5.8649
3ddg,6.8453
3bar,5.1693
2pqz,5.7694
2qd6,5.8906
2q8z,5.5614
2vr4,5.8248
3d1x,5.8063
2qlm,6.605
3bl1,6.9567
3b66,6.3293
2qp6,5.1473
3b7r,6.7903
2ves,5.8803
1w0z,6.8776
2p1c,5.8967
3cs7,7.0937
2yz3,5.2363
3ddf,5.8328
3egk,7.0914
2rk8,4.4408
3dln,4.8344
2pvl,7.2906
3be9,7.3397
3cl2,5.3127
2jt6,5.9922
2zmm,7.134
2v54,5.2812
3djk,6.6806
1w10,5.6366
1w13,6.7034
2vj8,5.8785
3bla,6.6616
3eqr,7.0292
3d4y,5.2842
2vh0,7.119
3bmq,5.5805
2uxz,5.9219
2qo8,6.9671
2q6f,7.1699
2za5,6.4209
2qln,6.5172
3bft,5.4414
2qhy,5.9201
3cm2,6.6448
2q9y,5.8974
2pu2,5.325
3bgs,7.9818
2vr0,6.0801
3efj,7.1482
1w14,6.7842
2qg2,6.9886
3d83,7.4118
2qn3,6.4882
3bv9,7.3845
3bc4,5.3281
3e9b,5.2455
2qci,5.8422
2qnb,6.4575
3ds9,6.188
2qi0,6.0638
2vc7,6.3673
2vl1,4.7946
2pnc,6.2837
2vvs,6.4129
2r2m,6.3555
2z3z,5.9447
2qtt,4.9955
2vsl,5.9562
2zda,7.4786
3b68,6.2185
3d0e,6.8735
3ckr,7.1084
3dyo,4.5319
3bmo,5.248
3cen,6.7465
3e16,5.9603
3e5a,7.3052
2qi1,6.1197
3d52,6.1837
2qoa,6.5068
3bfu,5.4661
2qhz,5.918
2ole,6.3851
2jkp,5.1839
2jke,5.0887
2pvk,6.402
2rd6,7.0181
3d20,6.6662
2vk6,4.5558
3bcs,5.4028
2r59,6.3783
2qrg,7.3297
2zfp,7.1329
3b7j,5.1992
2epn,5.3123
2qmj,6.5623
3f3a,5.0922
3c8a,5.5265
2jk7,6.6986
3d3x,4.6236
1w11,6.893
2zcs,6.2182
3d1y,5.8157
3d9v,7.0546
3b4f,5.7817
2pq9,5.3427
2e9u,7.2927
2qrq,7.2897
3bbt,6.4085
3d51,5.0709
2vot,6.6635
3c8b,5.5804
2rkg,5.9735
2qtg,5.4635
2v77,5.4659
2rke,4.3524
3cl0,5.2101
3c89,5.5627
2eep,5.9266
2rk7,4.3357
2pvj,7.2672
2rcw,7.2305
3caj,6.3466
2r9w,5.7174
3bxs,5.9517
3bgc,5.9134
2vnt,6.9548
2qrm,7.1812
3f3c,5.1364
3dc2,4.6859
2vl4,5.5591
3emg,7.0898
3fz1,6.2369
3h59,6.8928
3g9e,6.2122
2w1c,7.3909
2wev,7.3011
3cvk,6.983
3d5m,7.2659
3gur,6.1989
2wez,6.9935
3ii5,7.5948
3hmm,6.493
3gxl,6.994
3igv,7.1034
3ig6,6.9425
3hf6,6.5868
3fei,7.32
3g8i,6.3489
3fyk,6.3238
3gyn,7.0154
3ff6,6.8554
3hp5,6.9344
3gol,6.87
2w3k,6.6496
3fxv,7.1176
2w6n,5.4523
3jpv,5.4235
3du8,6.9146
3kvx,7.4346
3g42,6.4242
3fui,6.7178
3kb3,5.4988
3fv8,6.3649
3fun,6.7869
3hng,6.6336
2w3i,7.1529
3c7p,7.075
3hd3,6.8818
2wf0,7.3294
2wtd,7.2363
3iej,7.0937
2wbd,7.0426
2wi6,6.9915
3kah,7.2263
3ej5,4.9742
3il6,6.1784
3g6z,6.9623
3i06,6.571
3k3b,6.5412
2wtc,7.2832
2w6p,5.8854
2w71,5.9236
3hr1,7.071
2waj,6.3297
2wmw,6.5671
3hqz,6.7639
3fr5,5.9409
3gw5,7.2691
3k48,6.1822
3g70,6.8616
3g3n,7.4553
2wo8,5.8504
2wqb,6.9866
3fqh,7.0605
3dv1,6.2164
3fr2,5.9419
2zv2,6.0514
3g1m,5.9895
3fr4,6.1797
3hp2,5.6779
3fnu,7.4102
3gc7,7.5048
3fej,7.2817
2wtj,7.333
3fpd,7.2113
3eq7,6.5125
3kaf,6.4632
2wmx,7.0712
3hw1,6.9475
3fc2,7.374
3eq8,7.2942
3g72,6.9926
3djf,5.531
2wi5,6.5704
2w1d,5.2233
2wbb,6.6083
3jzb,5.2372
2zoq,5.7207
3ezv,7.3456
3fy0,7.3188
2woa,6.0007
3ft4,6.0125
3jzk,5.8995
2w1i,6.9288
3hyf,6.2746
3a4o,6.6325
3e0q,4.9833
3f9n,7.4633
3fci,5.7285
3dp0,5.6118
3k3g,5.4142
3d28,6.246
3duy,5.7407
3dp2,5.522
3doy,5.5748
3dp3,5.8281
2wi4,6.614
3fzs,7.1275
3ftw,6.3001
3eyg,7.1108
3idp,6.899
3il5,6.4075
2zvj,5.9706
3hj0,5.5172
3doz,5.5075
3k3i,5.9573
3fmr,5.5103
3fck,5.6428
3hy7,5.6868
3fu6,5.6947
3h2a,5.1884
3co9,8.0175
3cwj,7.1123
3ezr,7.4578
3fmq,5.5257
3hqy,6.7406
3hhm,7.0214
3jzq,6.4824
3ftv,6.3001
3e3b,7.1153
3fzr,7.1666
3hxf,7.453
2w70,5.3057
3dgq,6.2252
3hha,6.8753
2w1e,7.218
3fi3,7.6633
3fxz,7.1483
3h03,6.2321
2wf4,7.3017
3a29,6.9219
3e3u,6.3448
3f8s,6.0901
3i81,6.9897
3h3c,7.2022
3fu3,5.6175
3e51,7.0122
3eta,6.8179
2w6z,5.4233
2v5a,6.7411
3fue,5.3487
3dz6,5.5969
3ft5,6.3989
3h0v,5.1037
3fal,6.2442
3kba,6.8014
3kce,5.7254
3fum,7.2568
3et7,7.0278
3hy9,6.6576
3h23,6.2637
3gwu,6.4084
3h21,5.6604
2wf3,6.9865
3e8n,6.8409
3eka,5.1782
3i0s,6.4699
2w0d,6.2213
3ik3,7.4357
3iw4,7.0678
3jsi,7.2658
3ha6,7.1649
3f88,6.7932
3gwv,5.6981
2wgs,6.7504
2zis,6.4262
3g6g,7.3026
3kfc,6.2178
3fkt,7.0193
3jzc,5.2973
3hc8,7.223
3ex2,5.6326
2who,6.6351
2zyb,6.4992
3eyh,6.3346
3dg8,5.3
2w6m,6.3553
3fup,7.0219
3fhr,7.4084
3h2n,6.1678
3fts,5.5541
3h2m,5.5116
3hrb,6.0378
2w12,5.8493
3cde,7.0559
3d25,6.2571
3dv5,6.9264
3hv6,7.3312
3fuj,6.342
2w0j,6.2987
3f7u,7.3307
3ftu,5.5119
2w7x,6.831
3ewu,6.0353
3exo,6.9613
2w6q,5.3449
3h2o,5.8125
3ejs,6.4622
3eju,6.8087
3jzp,6.4028
2wcx,7.0301
3fi2,6.7654
3kfa,7.3092
2wf2,6.9215
3dtc,6.7285
2wu6,7.1545
3dga,5.596
3h06,6.092
3hvg,6.0466
2wf1,7.0014
3da6,7.1346
3hwn,6.8306
3d3p,6.9743
3gfe,7.655
3h0b,5.5347
2wei,7.1501
3kl6,7.004
3gs7,5.1452
2w6c,6.0627
3kai,7.0402
3ft8,7.1432
2vur,4.8283
3g4f,6.0612
3ksl,5.6435
3hv4,7.1249
3fcl,5.6825
3h26,5.3091
3fqa,5.1436
3fdn,7.1316
3f3w,6.6101
2wi2,5.3795
2wi3,5.3795
3gww,5.6981
3hqw,6.7676
3jzr,6.512
3ex3,4.9195
3hfj,6.7134
2jle,5.9161
2wfg,6.4305
3igb,6.1124
2zzu,6.7046
3fq7,6.3606
2w1g,7.1152
3h5u,7.2099
3i0r,6.4272
3ia6,5.997
3e37,7.2004
3dpk,7.4262
3fc8,6.2273
3hxb,6.5031
3hab,7.2729
3h0z,7.1784
3hxe,7.4767
3fcb,6.1268
3dz4,5.436
3hdm,6.6619
3kf7,7.4169
3fcf,5.5268
3itu,5.2006
3ess,5.553
3eq9,6.6751
3fqs,6.6738
3hhu,6.9013
2wmu,6.5661
3i7g,5.9956
3fw3,6.2208
2wot,7.2662
3ejt,6.4622
3ft2,5.9733
3ft3,6.3438
2wih,7.4105
3hv3,7.0432
3coh,7.2526
3gz9,6.0005
3k9x,7.0049
3hxc,6.9732
3dcq,5.4855
2w1f,6.1298
3hdz,6.7982
2w1h,6.5619
2wmr,6.2428
3fu0,5.4634
2wu7,6.1618
3fl8,6.2566
3dpe,6.3896
3dpf,6.3896
3f2a,7.0534
2wi7,7.1792
3fyj,7.4668
3g86,6.4365
3h5s,7.1698
3h98,7.1148
3jzf,6.5851
3jzi,6.4817
3k23,7.8804
2zir,7.1555
3g6h,6.6053
3kag,6.1747
3hac,7.3671
2w6o,5.2681
3h0w,5.4666
3hvc,6.3387
3fty,5.4537
3i7i,6.5415
2w0x,6.0437
2wo9,5.7502
3kab,5.6955
3fzt,7.1586
3hdn,6.9189
3ig7,7.44
3f7b,7.0715
3f7z,7.131
3igg,7.4616
3jsw,7.363
2wuu,6.4007
3ewh,7.1113
3h0y,6.0479
3hhk,6.9182
3i28,7.2568
3dng,6.161
3kad,6.4991
3h9o,6.633
3dz2,5.541
2wou,7.2842
3kac,5.2849
3fu5,5.3024
2wey,6.9172
3fl9,6.352
3ewz,5.543
3dz5,5.6146
3frz,6.9177
3h0e,7.2056
3i1y,6.531
3fpm,6.5385
3f8w,5.8246
2wd1,6.2234
3h2f,5.268
3jzs,6.3802
3h22,5.1081
2wmv,6.5516
3dp1,5.6446
2wti,7.2994
3gnv,6.9294
3hyg,6.6248
3hv5,7.0689
3fuk,6.9431
3hxd,6.7244
3dvp,4.847
3ikc,5.6177
3csl,5.9775
3c8e,5.3459
3gws,5.4699
2wjg,5.2328
3g15,6.5625
3fsj,6.0261
3bwk,7.3376
2vk2,5.0541
3fzy,5.1688
3heg,7.7427
2w3o,5.8468
3a1c,5.1568
2w16,6.2546
3drf,5.6652
3drg,6.096
3g2t,5.364
3ie3,6.5821
3el1,6.04
3eky,6.0167
3jvs,6.8328
3imy,5.5668
3bwj,6.5673
3d1v,5.3393
3dla,5.2457
3d7m,6.0384
3ffu,5.3524
3e8u,6.7823
3ekx,5.744
3ekv,6.7513
2w73,5.4613
3g2v,5.3953
3hjo,6.1887
3hik,6.8396
3fvh,6.1932
3ed0,5.8474
2zx5,6.2281
3f33,5.5351
3hxi,5.3993
2w77,6.2077
3eu7,6.1557
3f35,5.6324
3f34,5.6324
3g2s,5.4422
2zym,5.7346
2kgi,5.2584
3gnw,7.1414
3e73,4.9932
3a3y,6.7146
2k7l,6.108
2v58,6.5355
3iw5,6.8123
2w7y,5.8373
3ijy,5.4963
3esj,5.3958
3e12,4.7576
3dxm,7.1622
2kdh,5.2983
2w8j,5.5034
3img,4.8777
3i9g,6.1402
2weq,6.4878
2zyn,5.7798
3f36,5.7461
3ekp,6.7921
3ghe,6.8861
3h1x,5.3281
3fxb,5.7925
3h6z,6.15
3iue,6.0274
3k8d,5.2991
3ivx,5.7562
3hrf,5.6155
2vr3,6.3938
2w47,5.2713
3ekw,5.9662
3ime,5.1253
2wzf,5.2397
2kfx,5.75
3ijh,5.6416
3hv8,5.8442
2k0g,5.4943
3gkz,5.3942
3gvu,7.0321
3hx3,6.4129
2kbs,5.2456
2vxn,5.755
3cfn,5.4002
3dow,5.9331
3imc,4.8884
2weh,5.1075
2weo,5.0898
3jvk,5.3323
3g5d,7.4072
3juq,5.8682
3cx9,5.8908
3fgc,7.327
3gk4,5.9241
3evd,5.1835
3evc,5.1851
2wor,5.7003
2wos,6.0185
3ehn,4.9061
3h9f,7.4508
3hv7,7.0595
3iw8,7.1552
3hwx,5.5031
3gxz,4.5957
3a1t,5.5879
3a1s,5.5216
2w4x,5.3716
3f70,5.5783
3h52,5.7018
3k41,3.9147
3gcp,6.6974
3fbr,5.3816
2zwz,5.0074
3f39,5.2953
3gcu,7.2528
3bpc,5.1893
3iiy,5.6144
3dsz,5.5836
2w10,5.1757
3ekq,5.8366
3gm0,5.2246
3ern,4.9681
3el5,5.8317
3dgo,5.1278
3h91,5.229
3fjg,5.1711
2v59,6.5652
3dnt,5.2661
3f3u,6.5341
3hg1,6.2141
3fuc,5.3025
3fj7,5.1967
3d4f,6.3041
2wf5,5.1975
3elc,5.0686
3dkj,5.7137
3iuc,5.3785
3d45,5.5751
3a1e,5.1326
3g2w,5.2266
3fwv,5.6479
3iw7,6.7075
2kfh,5.6542
3f38,5.3541
3f37,5.3952
3e3c,5.5454
2vxa,6.2431
3e6y,5.9813
3jup,5.8586
3gxy,4.9731
2w6t,6.2204
2w78,6.3501
3kjd,7.4401
3ggw,6.3201
3gl6,5.1796
3dp9,6.7011
3gf2,4.8021
3g0e,6.2829
3hy5,5.4015
3ij1,6.5297
3k5i,5.3638
3isj,5.6985
3ioc,5.3205
3g19,5.4525
2w87,4.3303
3g0f,6.3029
3h1z,6.613
2zq1,6.7186
3d78,6.014
3k5k,7.1225
3ifp,6.5095
3iqg,5.9198
2kff,5.7034
3eyu,6.2077
2rol,5.3137
3iux,6.3878
2kbr,5.5536
3iqh,5.5937
3dgl,5.0634
2wp1,5.9602
3ekt,6.7086
3f3t,6.6276
2khh,5.3945
2zq2,6.7186
3gfw,7.1817
2uzj,6.3318
2zfs,6.7186
2zhd,6.7175
2w92,5.6354
3iub,6.0004
3gk2,5.9749
3fhb,4.8084
2wn9,7.0084
3da9,7.1132
3iw6,6.554
3ga5,5.9612
3eqs,6.4384
3ivv,5.3488
2wa8,5.4081
3gqo,4.9067
2zft,6.7158
3fdt,5.4381
2wl5,5.5832
2weg,5.1454
3eu5,7.2657
2wnj,7.0021
3gx0,4.9245
3hec,7.1355
3el0,5.7541
3gcq,7.1916
2w2u,6.0397
2vx9,6.7076
3fea,6.615
3gp0,7.5935
3k27,5.5857
3dri,5.5031
2wig,4.8531
2we3,5.7462
3iqi,5.6426
2w08,4.7925
3iob,5.0169
3jzo,6.408
3eys,7.052
3hqr,4.9595
3el9,6.0136
3e85,5.851
3g8e,6.9395
3efs,4.8571
3ftq,5.0467
2w9r,5.3995
3jzh,6.2401
3fn0,5.9186
3jzg,5.477
2w9h,6.0703
3dpc,5.4597
2rok,5.8669
3gjd,4.2954
3kv2,5.2615
3dxk,6.6696
2wnc,6.6969
2wkt,5.4701
2wc4,5.7598
3g2u,5.3516
3dpo,6.0526
3ivg,5.6688
2wuf,5.9593
2vzr,4.6988
3a6t,5.4252
3jrs,5.1621
3ifo,6.1084
3ioe,5.1572
3cz1,6.0764
3gcs,7.677
3h78,5.2865
2ke1,5.1087
3gpo,5.0565
3g08,6.3945
3cyz,5.5871
3dzt,6.5135
3dgn,5.0094
3hqh,5.6969
2wij,4.9865
2wl4,5.5738
3cft,5.3769
2wik,4.8738
3el4,5.8115
3h85,6.6005
2w8w,5.5073
2wfj,6.7606
3fqk,6.9976
3fql,7.0497
3f3v,6.5674
3gcv,7.166
3fe7,6.3554
3hww,3.7763
3a1d,5.042
3ivc,5.2233
3ivq,5.595
2v57,5.3464
2knh,5.5483
3efr,6.6993
3ifl,6.2987
3juo,5.8496
2vwf,5.6603
3eqy,6.0627
3f78,4.8872
3gk1,5.7141
3iod,5.823
2kmx,5.3333
2wej,5.0093
2wgi,6.2358
2zsc,8.2167
3kr8,6.8709
2w85,5.416
2wji,5.1545
3gus,6.6022
2wer,6.0057
2w0z,5.3
3fzn,5.841
2wgj,7.2866
3k84,6.2027
3iok,6.6841
3ggv,6.0829
3io7,6.9527
3h8c,6.4701
3g35,6.1249
3k83,5.8265
3h89,6.524
3f5k,5.0475
3fkv,5.3532
2zjw,5.3714
3k7f,5.6794
3kcf,6.9825
2zy1,5.7616
3f5j,5.0475
3ikg,6.0142
3h5b,6.6341
3jya,5.903
3fx6,5.5209
3ikd,5.9916
3dk1,6.2934
3f5l,5.1654
3g32,5.4624
3elm,6.4002
2zz6,4.55
2zo3,7.5041
2wap,7.2425
3gs6,6.2777
3blt,6.3263
3eyd,5.6281
3gsm,5.7642
3fv3,7.9486
3g0w,6.8266
3g5k,6.3641
2wcg,5.4148
3g90,6.4626
3ctt,5.216
2wk6,5.0283
2zga,6.0765
3ckt,5.8934
3jq9,6.2025
3h8b,6.5538
2znt,5.2861
2w8f,6.152
3dxh,4.7306
3hk1,5.511
2k1q,6.6306
3e9i,5.571
2wb5,6.1409
3g9l,6.5106
3ibu,5.635
2w8y,6.8271
2wc3,5.5988
3gba,5.334
3ffg,7.0984
3kck,6.88
2zu3,6.3468
3jqb,5.823
3hb4,6.7391
3iss,5.6002
3g34,5.8366
3dcc,5.7361
3g3m,4.9675
3ebp,6.6843
3egt,5.8217
2kfg,5.6892
3jq7,6.5594
2woq,5.1803
3g31,5.2319
3ehy,6.095
2zxg,5.9888
3fcq,5.1582
2wkz,6.1402
3e4a,6.0714
3cso,6.8176
3jvr,7.1914
3g9n,6.5192
2wj1,5.5904
3gjs,5.867
2wd7,5.0267
2kaw,5.3454
3dux,7.353
3djq,4.4299
3g2y,5.1391
2vwn,6.8037
3fur,6.7212
3hs4,5.3782
3gbe,5.3176
3dcs,5.3297
3daz,5.3662
3iww,6.5046
2w67,5.6267
3ibc,6.1433
3gbb,5.6363
2jjb,5.1726
3eft,7.0106
3eax,6.9587
3hfv,5.5506
3khv,5.2538
2wks,5.8908
3hig,6.0176
3hfz,5.4356
3ibl,5.5532
2wzs,5.425
3i7e,6.706
2ww2,5.3594
3dx2,4.7659
3djx,4.1954
3eb1,6.6573
2zgm,4.8441
2wl0,6.1507
3dnd,5.384
3evf,5.0663
3gjt,5.1778
3ggu,6.7732
3hav,6.0466
3d6q,5.6581
3gep,5.5754
3d6p,5.7584
3g3d,5.0258
3jqg,5.581
3gxt,5.0853
3ebo,5.6582
3fnm,5.8416
3f6g,4.9128
3f6h,4.9627
3grj,5.167
3dd0,6.3466
3dcw,6.3343
3jxw,7.0306
3jy9,6.7506
2w8g,5.9543
3ggj,5.6542
3d9z,5.8318
2wky,5.871
2wca,6.4944
3fa3,4.7769
3kgp,5.2666
3gvb,5.9539
3ibi,5.6311
3dkf,6.9563
3ejq,6.7402
3ejr,6.8087
3ejp,6.7626
3d7b,5.6348
3ewc,6.8447
3eig,7.1019
3ex6,4.9759
3fee,5.4147
2zx8,6.3049
3hl7,7.0506
3ibn,5.5532
3fk1,4.4257
3iph,7.2994
2zx6,6.2354
3g0i,4.9614
3ehx,6.1628
3gc4,5.9665
3jwq,7.3965
3dx1,5.3378
3bm6,5.867
3djv,5.5378
3ff3,4.5719
3e9h,6.2684
3h30,5.4401
2zns,4.6095
3hii,5.6389
2w5i,4.7769
2zz1,4.5351
2zz2,5.3318
3gsg,5.9377
3ge7,6.2998
3fdm,6.2826
3hvj,6.5834
3g30,5.4748
2wqp,4.8526
2wr8,5.3127
3ggc,5.4835
3dx3,4.7537
3hio,7.3238
3c14,4.9634
2vwo,6.8132
2whp,5.1572
2zx7,6.3861
3g1d,4.7601
3h0a,6.7233
3fed,4.6441
3hl5,6.6006
2wbg,5.6087
3dx0,4.7843
2zu4,6.8495
3d8y,5.4267
3gr2,5.4032
2vvc,6.9254
3hvh,6.5423
3hvk,6.3342
3dxg,4.6067
3hkt,5.2112
2zxa,5.3322
3g2z,5.8829
3hkn,5.716
3hkq,5.271
3gtc,5.8932
3f82,7.0771
2wj2,5.603
3gjq,6.0835
3dc3,5.3532
3djo,5.5642
3kmc,6.3463
3e90,6.4592
3d8z,5.409
3f7g,5.9166
3i6o,5.6837
3f7i,6.211
3ebh,6.1951
3dhk,7.3594
3eos,6.3059
2zxb,5.9715
3ip8,4.8941
3hek,6.6439
3hll,6.5779
3fl5,5.6437
3i4a,5.446
2zx9,6.3285
3gc5,5.5499
3f8e,5.8534
3fqe,7.4221
3hku,5.7365
3hvi,6.6311
3jy0,7.0906
2ww0,4.9286
2zxd,5.6485
3hit,7.9881
3hpt,6.9262
2ko7,5.2464
3gqz,5.9941
3djp,5.588
3k2f,6.2246
3g1v,4.3471
3gdt,5.7976
3kid,5.7879
2vvv,7.1396
3dne,5.4954
3d8w,6.1291
3faa,7.4979
3gv9,5.825
3hiv,7.9501
2znu,5.2167
3gpj,6.5718
3a9i,5.0363
3ffp,6.1307
3kme,6.4588
3dx4,5.2388
3d6o,5.6581
3ebi,5.9094
3fmz,6.1846
3jwr,5.4991
3hiw,7.8259
3f68,7.0612
3dbu,6.0212
3f7h,6.2542
2w5g,4.7769
2w66,5.5647
2vvu,6.8236
3fjz,4.4233
2w2i,5.9048
2vwm,6.7686
2vwl,6.7509
2wvz,5.4472
3eou,5.5954
2zu5,6.7132
2jkh,6.9092
3m9f,6.1221
3i7c,7.0035
3mbl,6.6486
3inh,7.5369
3lhg,7.29
3le6,6.8946
3in4,7.0568
3inf,7.1122
3i6z,6.8699
2xng,7.4613
3i7b,6.7609
3in3,6.8932
3lp0,5.2887
2xcn,6.8464
3kl8,5.6129
3lp1,6.6548
3kvw,7.0352
3ah8,6.7808
3ipe,5.8044
3kc3,7.1736
2x2m,6.1373
3ine,6.589
2x9e,7.4872
2xne,7.0099
2x8i,7.0047
3kyr,7.105
3kry,6.4923
3l38,5.9267
3lp2,5.7979
3oad,7.211
3iu9,5.2141
3ipb,5.8044
2x2k,6.0724
3oag,7.2215
3ixj,7.2028
3ara,6.0666
3mj5,6.8154
3anr,5.3264
3i6m,6.3793
3ksq,7.7558
3is9,6.1608
3m8q,6.6773
3l3a,6.5615
3krr,7.1444
3lq8,7.3409
3lw0,6.8954
3g58,6.5937
3iu8,5.5214
2wxk,6.8894
3kwj,7.3389
3mvh,7.5209
3lmp,6.7251
2xd6,6.3123
3l3x,6.6279
3gen,7.3457
2wxg,7.3015
3lkz,5.1632
2xkf,7.2346
3krl,7.2658
2x8d,7.101
3lkh,6.8345
3max,6.8569
3g4g,6.3793
3g4i,6.4436
3lj3,7.024
3irx,6.093
3m1s,6.1322
2wzx,6.2252
3nef,5.9916
3neg,5.9916
3krj,7.418
3lpu,6.7349
3km4,7.2607
3itz,7.4503
3nzu,6.6621
3ind,6.6945
2xez,5.8346
2xk7,7.2552
3owk,7.2574
2xk6,6.5229
3pa8,5.5426
3njy,5.1564
3mks,5.12
3kx1,6.7661
3mb6,5.6365
3l6f,5.8803
3gzn,7.0547
3l0e,6.2256
3fxw,7.1189
2xvn,6.2203
3ho2,5.8338
3lnk,7.2856
3ndm,6.7733
3nnx,7.0901
3lpt,5.7329
3k22,7.5818
3oui,6.6592
3ipx,6.5336
3lpj,7.4232
3lok,6.1244
3kbz,5.9782
3ljt,6.6985
2x6d,6.8144
3ivi,7.2496
3kc0,6.7441
3l3z,5.9062
2x38,6.8205
2xfj,7.2977
3mvl,7.2662
3lco,7.129
2x8e,7.0625
2xcs,7.1959
3ika,7.1625
3kqa,5.0997
3ncg,6.7155
3lce,5.446
2x6e,7.2076
2xfi,7.2457
3koo,7.3086
3l13,7.1376
3mj2,7.3895
3n51,6.78
3ncz,6.7222
2xk4,7.3765
3ihz,5.8793
3l0n,6.0729
3g8o,6.9774
3hq5,7.1086
3phe,6.9009
3iu7,5.4105
3mlb,5.9147
3iop,6.5745
3k5c,7.1182
3kwb,7.0715
2x4r,5.869
2x4o,6.0095
2wxf,6.9863
3fh8,6.1187
3mv5,7.2516
2wa4,5.9504
3kfn,5.9431
3ful,7.1967
3hnz,5.7207
2wa3,5.8563
2wxj,7.0032
3iad,6.1481
3kc1,6.7999
3kw9,6.5736
3pa3,7.4199
3m8p,6.2712
2xk3,6.7772
2x39,6.857
3p1d,5.4193
2xkd,7.3132
2xk8,7.371
3fhe,5.6523
3k5g,7.1974
3m6f,7.2548
2xkc,7.3046
2x7d,6.1521
3mb7,5.5564
3oyl,7.717
2wxn,7.0549
3k3e,7.4961
3ow4,7.1064
2xg5,6.2237
2x6k,7.2761
3kig,5.8875
3l0k,6.1159
2x6f,5.1983
3lfs,7.3946
3kn0,5.5398
3mpt,6.4124
3oyn,7.7216
3kdt,6.9221
3msk,6.9763
2xh5,6.8996
3l5e,6.8621
3nnv,6.9956
3pjc,7.5236
3g4k,6.1215
3a4p,7.0282
3khj,6.1187
2wxv,7.0515
3lvp,7.1602
3oot,6.8883
3oyp,7.2614
3pa5,7.165
2x7c,6.1585
3g0c,6.7632
3n5h,5.6963
2wxd,6.7164
3my1,5.5351
3ked,4.7695
3k5f,7.1991
3frg,7.2178
3mvm,7.2504
3arn,6.1951
3k5u,6.2751
3mpm,6.9985
2xf0,5.8789
3lfn,7.4023
2xru,7.3086
3og7,7.6002
3ovx,6.5089
2xct,6.7625
3mvj,7.0267
3h0j,6.8921
3nc9,6.9805
3l16,7.0954
2wwj,6.1089
3kdu,6.8739
2wxq,7.0125
2x7o,6.8137
3gb2,6.8152
3oy3,7.3788
3kxz,7.3998
2x6j,6.8578
2xch,7.3514
3l5r,5.4871
2wxp,7.0947
2xa4,6.4893
2xfk,7.2815
3ns9,7.1954
3ocg,7.1543
3pa4,7.665
3i97,6.4692
2wzz,6.2067
2xke,7.4705
3g45,6.4825
2wxl,6.4249
3lj7,6.0883
2wxm,6.8649
3lcd,7.2147
3otq,7.0326
3oqk,6.6586
3krx,6.7466
3krw,6.7466
3lpb,7.1468
3nsh,6.1652
3ivh,7.1386
3nnu,6.7874
2x4u,6.5456
3kwz,6.9864
3nrm,6.7672
3ken,5.0757
3l17,7.1667
3nw7,7.0266
2x2l,5.8159
3okh,7.273
3g4l,6.9822
3hmv,6.479
3ls4,6.4901
2xml,5.2275
3n1v,5.5778
3n46,6.0398
3ipy,6.8085
3oc0,5.8702
3k5d,6.6347
3mww,6.6887
2x52,4.824
3o8h,6.3606
3kec,6.6282
3o96,7.2508
3n4l,7.424
2x81,7.2777
3g0g,7.2371
3g0d,6.839
3lxl,7.5494
3ly2,7.0482
3ocb,6.7775
3oct,7.5482
3ot3,7.1404
2xey,5.9151
3ixk,7.1334
3kwf,6.0786
3l5f,6.3387
3ma3,5.2727
2x9f,6.4835
3kga,7.5651
3h0s,6.9338
2x4s,5.9509
3nok,5.6972
3my5,5.4011
3owl,7.2852
3pup,6.1595
2xow,5.7482
2xwy,6.7727
3n5j,5.6585
3o6t,6.0946
3lxg,6.1998
2x4t,6.2351
3o8g,5.9637
3hnb,5.6554
3gwt,7.2943
3l5c,6.8067
3oki,7.573
2xck,7.1038
3odk,5.5689
3ow3,7.1556
3nzs,7.0898
3msj,5.608
3l5d,6.7695
3ho9,5.5223
3ouh,5.7242
2xuc,4.5363
2wxi,7.0173
3g0b,6.7449
3kb7,7.4334
3l54,6.7769
3nw6,6.9985
3nww,7.3902
3msl,7.0304
3n49,5.7239
3oxz,7.3865
3ovz,6.4899
2x6i,7.17
3nw5,7.0183
3h0q,6.9562
2x5o,6.0969
2wd3,6.6435
3fh5,6.5026
3k3h,7.5128
2wpa,7.1258
3ion,6.7118
3l58,6.6948
3l8v,6.793
3l9h,6.5416
3lxs,6.7507
3nif,7.0363
3iit,6.9579
2wxo,7.1325
3oqf,6.513
3nzc,6.6024
2wxh,7.3602
3mwu,6.6988
3nnw,7.1285
3ot8,7.6247
3lzs,6.6671
3lzv,6.6938
3myg,6.9529
3i02,5.267
3m5e,6.4352
3mhl,6.4839
3hu2,5.4176
3lzu,6.6668
3hu3,5.4421
3hu1,5.4454
3psl,5.8198
3kdb,5.7934
3iet,5.9227
3m3x,6.4324
3lxk,7.404
3m40,6.3638
3m67,6.9758
3fsm,5.5826
3hzy,5.2558
3kdm,6.5565
3mhm,6.2722
2kpl,5.5796
2xhx,6.3144
3ip6,5.2382
3kmm,7.113
2kup,6.3578
3hzk,5.2699
3mhi,5.9248
3lhj,7.6636
2xjj,6.454
3mho,6.5113
3nw3,4.825
3ogx,6.1323
2xdx,6.5762
3hzv,5.1389
2xup,6.418
3m3r,4.3185
3lnz,6.3453
3fw4,4.9833
3k1j,5.1386
3kdc,5.8314
2xgs,5.019
2xab,6.3994
3oap,5.687
3hcm,6.4739
3k5v,6.8384
3me9,5.4332
3m55,5.7779
3ad8,5.2774
3m89,5.3796
3acl,6.7848
3ip5,4.53
3ipa,4.53
3p2e,5.2316
3pb3,5.3954
2xjx,6.4642
3ig1,5.4431
3ktr,5.5677
3otf,5.6253
3mo8,6.4507
2xui,6.4539
3k54,7.44
3nex,5.7685
2xht,6.3942
3kgu,5.7461
3n5u,5.8421
3neo,5.7312
2y3p,6.3111
3m54,6.4941
3lka,6.0376
3k00,5.8039
3gy2,6.4186
3kr1,4.9088
3o0e,5.5406
3lf0,4.9076
3k02,6.4235
3lle,5.8031
2kp8,5.63
3huc,7.0881
2kvm,5.8528
3l8x,7.4093
3nga,7.1719
3new,6.9666
3omc,5.4119
3iqj,5.4967
2wib,5.5719
2w97,5.1411
2l1b,5.387
3kze,5.7144
3luo,5.412
3a5y,6.3974
3m5a,6.5653
3mmr,5.4792
3nin,5.7757
3juk,5.2796
3m8u,6.0511
3nij,5.6359
3ies,6.447
3l5b,5.9505
3lp4,5.1633
3obx,5.5071
3mo5,7.0986
3lbz,6.0912
3kqo,5.5233
3lzz,5.578
3kpw,5.0968
3mo0,7.1586
2xjg,6.2692
3mj1,7.7008
2l0i,5.3213
2l11,5.5596
3kmx,5.8703
3kqy,4.8258
3lxo,5.3255
2rr4,5.1769
3nq3,5.5065
3g5v,6.462
3iqu,5.444
3hdk,5.4955
3nim,5.2744
3kqm,5.1566
2xg3,6.629
3n6k,5.6666
2wq5,5.656
3kpv,5.5082
3lcv,4.9885
3llm,5.2172
3ny3,6.2767
3lk8,6.0222
2x2c,6.8757
2wzy,6.8758
3okp,5.5467
3oka,5.5467
3omg,5.4839
3jrx,6.2813
2l6e,6.6865
3met,5.4926
3nyn,6.4511
3al3,6.1925
3p4f,6.2182
3l1n,5.6517
3gy3,5.2942
3hkw,7.1229
3ip9,5.2268
3nes,6.0301
2x4z,6.9692
3iqq,5.6805
3jyr,5.8351
2krd,5.59
3kd7,6.0476
3l59,5.9498
3n7s,6.0211
3n7r,5.6806
2wva,5.9592
3kr0,5.1922
3lm1,5.4386
3nkk,5.9964
3p2k,5.2561
3lnj,7.8572
3miy,6.7784
3oy8,4.6617
3mss,6.6043
2rqu,5.0867
3ljo,6.7186
2xs8,5.8125
3lgs,5.3522
3mo2,7.1669
3jzj,6.4235
3o4k,5.5953
3ob2,5.8832
3m3o,5.8658
2xdk,5.4548
3afk,5.1912
3fh7,6.7071
2wq4,5.2088
2l1r,6.1949
3adt,5.2887
3p8p,5.5265
3l81,5.983
3obq,5.319
2x7x,4.9972
3ad7,4.5526
3kgt,5.8549
3i73,5.3951
3hmp,7.2403
3m58,6.6385
2xde,5.9418
3kdd,5.969
3pd2,5.3934
3nam,6.3255
3pty,6.2299
3lp7,5.3619
2xbv,7.1713
3nhi,6.3672
3ng4,4.2622
3ob1,5.9472
2wsx,5.5061
3hmo,7.2325
3ljj,6.7158
3lcu,5.0334
3gy7,5.0795
3o6l,6.7719
3l2y,4.3496
3kmy,5.2894
3pd4,5.0943
3o6m,6.8736
3nil,5.4267
3o8p,7.164
3nik,5.3503
3g5y,6.4767
3pd3,5.3814
3okc,5.5467
3kqr,4.8414
3m3e,5.922
2wyf,3.9376
3kqp,5.5561
3muk,5.4831
3hzm,4.9601
3m57,6.5863
2xuf,6.5214
2wic,5.6264
3mf5,6.9994
3lqj,5.5981
3ncq,4.8259
3npc,7.0405
3kqt,5.395
3nee,5.995
3nrz,5.6354
2x00,7.067
3ml4,6.2143
2xhr,6.9171
3m53,6.5741
2xtn,5.2682
3m17,7.1397
3i5r,5.2425
3l6x,6.3907
3guz,4.448
3nm6,4.638
3ogm,6.4374
3nth,5.3578
3hs9,5.7795
3mxf,6.5164
2xyn,6.7833
3l6h,5.0858
2xzw,4.5352
3k8q,5.3889
3n9s,5.2994
2xl3,6.0463
2xl2,6.0367
3m59,6.59
3mle,5.1958
3lq2,5.5074
3lq4,5.5074
3obu,5.4398
3l3q,5.8127
3iwy,5.9734
3ijg,6.0156
2xib,5.501
3p5o,6.5792
3lk1,5.4105
2l12,5.3285
2ksp,5.6887
3nii,5.3143
3o84,6.2804
3hs8,5.5084
3p8h,7.2478
3ilq,6.358
3nsq,5.7521
3kqs,5.0434
2wtw,7.481
3iqv,5.444
3lqi,5.5898
2kzu,5.6711
3kyq,5.7172
3if7,6.2473
2won,5.7915
2xii,6.6052
2xto,5.1835
3kpu,5.2316
3lk0,5.899
3nan,6.8318
2koh,5.7549
3ms9,6.4096
3n1c,4.7407
3nti,5.2392
2xi7,6.1153
3kr2,5.2623
2kwn,5.8576
3hb8,5.7088
3nkx,6.1109
3nx7,6.1444
3adu,5.3736
2wvt,4.9677
3ncr,4.8285
3oyw,4.3791
2xdl,5.8549
3p8e,5.5034
3hub,6.8352
3hbo,5.4955
3k8o,5.5497
2y34,6.693
3hky,7.2155
3m3c,5.9082
3le8,5.5833
3nal,6.4936
3gy4,5.1015
2xbp,5.0115
3ads,5.4689
3ouj,4.9687
3isw,5.4328
3n8k,5.1925
3nq9,5.5065
3adv,5.3243
3kqw,5.0293
3nht,6.5709
3l8s,6.8049
2xcg,5.9989
2xeg,6.7851
2xei,6.8278
3liw,6.8458
3i51,5.5672
3hfb,6.3636
3l4u,4.9305
3mxe,5.7332
3i4y,5.6764
3l4y,5.0281
3gt9,6.1526
2xmy,7.0435
3a2c,7.4517
3iae,6.02
3l4x,5.0281
2xef,6.7747
3m36,7.2709
3nu3,6.7073
2wk2,6.1956
3nuo,6.7537
2xhm,6.5936
2xb9,5.8209
3anq,5.6588
3l4v,5.0088
3l4z,5.2621
3m2u,5.983
3aav,5.5596
2wly,6.175
3lc5,6.4507
3nmq,6.1131
3hf8,6.6197
2xd9,5.4168
3p4q,4.2882
3kqd,6.9758
3nuj,6.7461
3iut,6.2663
3ioi,5.6442
3aaq,5.2558
3l7g,4.9531
3fv1,5.2827
3kqb,7.3633
3nu6,6.7573
3lpp,4.9991
2xb7,7.0146
3mn8,5.4441
3of8,6.3321
2xda,5.3246
3agm,6.9229
3p8z,6.8017
3a2o,5.7716
3fvl,5.3753
3owj,6.1924
3lea,6.8191
3lpk,7.3475
3mdz,6.5264
3m37,7.0862
3nu9,6.7461
3l4w,5.0399
3lmk,4.6422
2xaq,7.2622
3iaf,5.9743
3k8c,4.9963
3k37,6.7485
3kjq,5.7973
2xej,6.0672
2wpb,5.4947
2wtx,5.6621
2xas,7.2191
3mxd,5.8963
3fvk,5.1935
3nu4,6.651
3fyz,6.2485
3k16,6.0721
2wtv,7.4361
3jyj,5.9018
3lik,6.3597
3p4r,4.6273
3i3d,4.5291
3ldw,4.9867
2xbw,6.7435
3k97,6.5626
2x95,6.3543
3mxr,5.9113
3lir,6.4261
2x8z,5.5712
3mhc,5.8648
3lbj,6.9636
3fvg,5.6657
3i6c,5.7523
3k15,6.0881
3kjf,6.1296
3g2i,5.8031
3g2l,5.7822
3kr5,5.9865
3n2u,6.1848
3mz3,6.505
3moh,4.3898
2xnb,7.2599
3h9k,5.7152
3ik1,5.7814
3k05,5.9951
3g2h,6.0245
2xbx,6.8103
3g2k,7.3144
2x7s,6.497
2xaj,7.1869
3fvn,5.6221
3agl,6.6753
3gi4,5.8577
3acw,6.1011
3g2j,4.8089
2x09,5.5432
3mi2,4.9164
3abt,7.1182
3mkf,5.9668
3ljg,6.314
2x91,6.4031
2wyi,5.4478
3g6m,4.9034
2xc0,6.7811
2wyj,6.734
3lvw,5.7549
3kqc,7.0797
3nox,7.0563
3mke,6.1116
3fv7,6.144
3abu,7.219
3oe0,5.7852
2wyn,5.3159
3lpf,6.372
2x97,6.4574
2xj7,5.6786
2xba,7.1621
2x7t,6.3446
3l0v,6.2987
2xaf,7.2201
3lxe,5.5235
3itc,4.541
3kr4,6.3074
3o87,5.9792
2wlz,6.2585
2x0y,5.4876
3k0h,6.0986
2xb8,5.5563
3hp9,6.1803
3ipq,6.2483
3ixg,5.3292
2xah,7.17
2xag,7.2201
3fuz,4.6155
3mwe,4.8898
2wyg,6.7132
3i60,6.8686
3i5z,6.8919
3l1s,6.7209
3lgp,7.0496
3acx,6.2838
3kku,6.1069
3i25,7.2512
3l79,5.604
3mi3,5.4057
3l7c,5.5156
3mjl,4.7787
3k0k,6.0937
3l4t,5.0518
3oxc,5.8032
3mfv,5.1378
3mfw,5.2639
2wm0,6.2791
3n2v,6.2413
3aas,5.9817
2xdm,5.484
3nyx,7.091
3hl8,6.6307
3ieo,5.8378
3l3l,6.4831
3pd8,5.5483
3own,7.2859
3lbl,6.8037
3nba,5.0319
3k5x,5.8116
3lpi,7.4176
3iog,5.7167
3l7b,5.5013
3fzc,6.042
3m1k,4.8994
2xdw,6.605
3kek,6.544
3nu5,6.7461
3k4q,5.2918
3o88,5.8319
3l7a,6.2384
3ipu,6.3782
3mnu,5.7936
3mhw,5.2595
3o5x,6.9601
3i3b,4.7893
3ok9,6.756
3lc3,6.3468
3moe,4.4574
2x7u,6.4883
3gta,6.1078
3n3g,7.1091
3kgq,3.7336
3gjw,6.4668
3gn7,7.0181
2wzm,5.1123
3kjn,6.2334
3l7d,7.4134
3l3n,6.1873
3oe9,6.3663
3krd,5.1302
3pd9,5.3649
3k99,6.0512
3m35,7.2334
3l08,7.3076
3nf3,6.2579
3mz6,6.5238
3ips,6.8625
3nsn,4.8684
3lpg,6.2417
2xe4,6.1026
3l3m,7.3412
3le9,6.177
3gi6,6.1879
3gi5,5.8536
3iof,5.6924
3ijz,5.3729
3odu,6.4021
3oe8,6.4119
3n2c,5.3226
3fv2,5.2321
3n9r,5.319
3o86,6.0667
2xg9,5.2787
3n7o,6.3773
3kej,6.4767
2ksb,6.7861
3mkn,5.1579
3k4d,5.1988
3i4b,6.7698
3nxq,6.2497
3oaw,6.0896
3kqe,6.8997
3oe6,6.4953
3k39,6.7305
3lil,6.4949
3g2n,6.4247
3k3a,5.2988
3kwa,5.4291
3mof,4.3182
2ksa,6.7861
3aho,6.0599
3ith,5.9146
2ks9,6.7861
3aau,5.7803
3mxs,5.8835
3ahn,6.3581
3lbk,6.5381
3mtw,5.6319
3igp,5.8524
2x96,6.5522
2xz5,4.9519
2xc4,6.5748
3ag9,6.6596
2xvd,7.1186
2yac,7.3676
2xbj,7.2626
2yj8,6.9936
2xm9,7.004
2yj2,6.9933
3p7b,6.5472
3twd,5.5247
3s7m,6.9259
2xu1,6.8966
2yjc,7.026
3p7c,6.5909
2y1x,7.2888
2yc5,5.5815
3apc,6.8403
2ycf,6.5258
3pj8,6.8124
2xx2,6.3051
3p5k,6.6012
2xk9,6.8676
3tge,7.169
2xx4,6.4047
3s7l,7.1093
3uo9,6.2416
2yj9,7.1117
2yjb,7.1117
3r7q,6.5398
3qaq,6.9805
3qj9,7.4973
3zya,6.1356
3lq5,6.986
3p78,6.5825
3qtf,6.6044
3r04,7.1343
3r0i,6.001
2xu5,7.0231
3zrk,5.9265
3zrm,6.2486
2ycq,6.8351
2yc3,5.3985
3qcq,6.5696
2y1d,5.2229
2xm8,7.2682
2xnm,7.5805
2xu3,7.0276
3zrl,5.8521
2yir,6.86
3r21,7.5192
3pix,7.4248
2xx5,6.3119
3o9l,6.893
2y5k,6.4307
3ow6,5.5709
3opm,6.0566
2yit,6.8121
3piy,7.5328
3sl8,6.6024
3n5k,6.2582
3zs0,6.1181
3qcs,6.9007
3u6a,7.2026
3p3u,5.6516
3qar,6.491
2x24,7.3888
2y5l,6.9912
2xu4,7.0863
2xnp,7.5515
3qkk,7.0279
3qup,6.8526
3q4b,7.1852
3sfi,6.5856
3zs1,5.1752
3p7a,6.5919
3ti6,4.4992
3q5h,7.1014
3ro4,6.905
3o23,6.8442
3qcj,6.6524
2ykj,7.0294
2yb9,6.5884
2ye9,6.3687
3s1y,6.343
3qg6,6.9533
2xyr,5.3861
3r2a,6.2828
2ykc,6.1237
3rsv,6.9956
3sn7,7.3257
3snl,7.2754
2y1g,5.1704
3osw,5.4406
3rm8,6.5766
3mw1,7.1624
3rhx,7.0836
2yiw,7.1367
3qri,7.3911
3rcj,6.229
3ti8,5.1618
3r0t,7.211
2yg2,6.2697
3skh,5.8977
3tjd,6.906
3ti5,4.2115
2xno,7.6615
3s7a,6.7799
2ykb,5.9142
2yke,6.0518
3mg8,6.2447
3qo9,5.5814
2ycs,6.5062
3tic,4.4269
4a23,5.4536
3rxa,6.7574
3ppk,7.3534
3prf,7.3328
3r2f,7.2679
3nzw,6.9658
3sjo,6.4121
3qfv,6.3567
3skc,7.6358
3s3q,6.7989
3rz3,6.0369
2yis,7.2097
3ti3,4.2061
3q32,7.2208
3r7r,7.0624
2xk1,5.9178
3tku,7.1386
3t9t,6.9949
3b1u,6.6844
3rv3,5.1699
3qd3,7.2733
2y6c,6.2561
3r5j,5.0968
3tv4,7.4127
3svv,6.5952
3qi4,5.0483
3nwb,6.5925
3pp0,7.3622
3rvi,7.0669
3sni,6.2564
2xsb,5.454
2yiq,6.6821
2xel,5.498
3tib,4.9947
2y0j,6.1972
3o0u,6.375
3qpp,7.5712
3szb,5.0221
2ylo,6.5012
3sie,7.1534
2yiu,5.9499
3py0,6.9411
3py1,6.9856
2xiz,5.7126
3src,6.1631
3npa,5.9733
3mg7,6.9489
3atk,6.7574
3pz3,7.5573
3ooz,6.8284
3qti,6.9849
3tl5,6.6709
2yem,6.2279
3rxh,5.6743
2xj0,5.7605
2yc0,4.4649
3qbh,6.7437
3tpp,7.2847
2xp8,6.8557
3as3,5.7848
3qi3,7.5573
2xtk,5.6778
3l9l,7.5318
3s0j,5.9326
3nuu,6.2556
3oy1,7.2336
3t07,6.2188
2y2j,6.0261
3q3b,6.6479
3atl,5.0795
3rxe,5.0795
3qpn,7.0268
3r22,7.5685
3rcd,7.1339
3rq7,6.0296
3ske,6.8376
3pdq,6.6755
3s0n,6.054
2xp4,5.562
3mrv,6.2509
3ati,5.6081
3rxd,5.6081
2yde,4.4649
3o9v,6.7258
3ohh,6.8554
3qk5,7.3128
2xzg,6.0944
3tpr,7.4786
3ms2,6.2512
3zst,4.2968
3owb,6.417
3r02,6.4083
3sji,6.6316
3s3r,6.8204
2xpb,6.8686
3rxk,6.9787
3p76,6.5178
3rxb,6.5506
3b1t,6.6027
3oxi,6.1858
3p79,7.26
3qzq,6.5843
3rxl,5.5452
3qqu,6.6285
3rxf,4.9141
3nzi,5.9253
3so9,6.538
3sdg,6.5359
3q96,7.5647
3sff,6.7176
3mrt,6.0556
3asx,7.0772
3olf,7.4546
3q0z,6.7854
3qcy,7.0239
2xp6,6.8295
2y2p,6.5587
2ybt,5.1421
3sl5,6.3954
3rme,6.8713
3mtb,6.2908
3px8,5.7199
3rxm,6.6779
3os3,6.6825
3poz,6.9927
3rjm,5.1825
3qpo,7.662
2ybp,4.9796
2ybk,5.0012
3p50,5.5341
3mt9,6.174
2y68,6.103
2y6o,7.2061
3nwe,6.6075
3ptg,7.1487
3r6g,5.1388
3lkj,6.0886
3nc4,6.181
2y2i,5.9398
2ybs,5.0012
2ycm,5.3827
3s3o,6.5628
3sl4,6.2976
2y2n,6.6069
2y2h,5.922
3p4w,4.674
3soq,5.9087
3mt8,6.1834
3otx,5.0708
3pvu,7.7151
3nf9,5.6851
2y67,6.5901
3nf6,5.564
2yak,7.4398
3qc4,6.1627
3thb,7.5755
3b0w,7.201
3spk,5.8823
3zxh,6.0333
3tia,4.9098
3qd0,7.0453
3pp1,7.1034
4a22,5.3684
3qch,6.6163
3q2g,7.2226
3piz,7.2939
3s22,6.2983
3qci,6.5287
3ogq,6.8485
3owd,6.3767
3q7j,6.5778
3peq,6.6396
3srv,7.2592
3ro0,5.2934
3nus,5.129
3oeu,6.6526
3p9j,6.0224
3tjc,7.2546
3pdc,7.384
3ska,6.7965
2xln,5.8359
3mtd,6.184
3nf7,5.694
3nuy,5.6478
3zw3,7.0849
3shz,7.1233
3nlb,7.3819
2ydm,5.4502
2xiy,5.2484
2xp5,6.4779
3as2,5.0995
3ogp,7.4595
3qkv,6.3749
3q4c,7.3364
3ms7,6.1679
3omm,7.39
3q3t,7.1723
3zqt,6.2607
3rl4,5.5827
3px9,6.1059
3qkm,7.4109
3p23,5.5877
4a7b,5.8815
3np9,6.1087
3u4r,7.0352
3psb,7.5551
3psd,7.4048
3sfc,7.2943
3qcl,5.7727
2xpa,6.5594
2xyu,7.1951
3tv6,7.5426
3mrx,6.3934
3s3m,6.5493
3sc1,6.1398
2xni,6.59
3m11,6.3014
2xo8,5.5984
3msc,6.1999
3pj1,7.4282
3vhu,6.474
3ook,7.3772
3qrj,7.0997
3r2b,7.3778
3ttz,6.0212
3o95,6.5013
3tdc,6.7401
3sz9,4.9007
3pj3,7.3417
3aw0,6.398
3mqf,6.2859
3qck,5.608
3r01,5.5077
3pxy,6.9496
3pxz,6.9771
3mta,6.2934
3l9m,6.9766
3oof,7.385
2ylp,6.2914
2ylq,6.6257
3vhv,7.2772
3ms4,6.3021
3u4o,6.6082
3pka,5.5874
3rhk,6.835
3pvw,7.748
3ans,7.2065
3qrk,7.0142
3skf,7.1183
3vhe,6.9474
3qd4,7.2116
3nzx,6.9658
2y2k,6.0405
3sov,6.0192
3pkb,5.608
3qsd,5.6232
3lzb,7.1079
3qcx,6.9872
3avz,5.9848
3srb,6.1031
3rl3,5.5752
3s2p,7.4946
2ycr,7.0958
3q2h,7.1186
3pz4,6.9215
3q77,5.8262
3osi,5.5125
3rxg,6.6122
3pj2,7.4331
3oev,6.9732
3q3k,7.0397
3tu9,5.2409
2yjw,6.6979
2yjx,6.7075
3r7b,5.1062
3r7n,5.1535
3pz1,7.4933
3pz2,7.4933
3rtn,7.0105
3pkd,6.6088
2yig,5.9838
3o57,7.0518
2y6d,6.1845
3at4,7.2121
3s2a,7.35
2yk9,5.626
2y1o,6.1316
3rxp,6.0699
3qsb,6.3827
3ant,7.5308
3r2y,7.333
3r00,5.2636
3l9n,7.0724
3s2o,7.2389
3ty0,6.9343
3rxo,5.3634
3rkz,6.5894
3atm,5.8474
3rxi,5.8474
3rxj,5.6283
3s3n,6.5183
3skg,7.4183
3at3,7.0305
3rdh,5.1934
3n4c,7.2266
3shy,7.3946
3sfh,6.754
3thd,5.1348
3zvv,6.2882
3r91,6.6501
3mt7,6.2421
3ti4,4.6878
3ohf,6.7834
3pi5,6.6331
3as1,6.0056
3np7,5.9326
3pkc,6.2779
3r92,6.726
3atw,6.1213
3qkl,7.223
3txo,7.0367
3b28,6.7886
2yln,5.5933
3uvm,6.2916
3b24,5.2839
2xuz,6.4417
2x6w,5.2204
3arp,5.6939
3qx9,4.9078
3u0d,4.9252
3t2v,5.8566
3uvo,6.0278
3ap4,4.4864
3r1v,5.2927
3uex,5.5065
2y57,6.5017
3rdo,7.5186
3s8o,5.9265
3qo2,5.6258
3tdz,6.7541
3uvk,6.0493
3ao2,6.1776
3q6s,5.4567
3aqt,4.6321
3poa,5.0898
3rse,6.1718
3zyu,6.5458
3shv,6.2429
3uat,5.7219
3b26,6.7573
3zy5,5.5598
3orn,6.6956
3ka2,5.6035
3m93,5.437
2xzq,6.8724
3tl0,5.7766
3uvn,5.8176
2lbm,5.1821
3ove,5.9265
3s0e,5.1166
3pgu,5.523
2y56,6.6588
3r93,5.769
2ygu,5.85
3muf,5.3967
3s0b,5.4168
2y4m,5.7167
2yki,6.0786
3zy2,5.6163
2y36,6.9732
2xxn,5.862
3o9p,5.1834
3tf6,4.9399
3hau,5.4775
3qlm,5.8777
2y1w,6.7494
4a4e,5.3072
3rdq,4.6387
3uew,5.5133
3arq,6.1577
3ll8,5.7383
3rsb,5.4936
3szm,6.2655
3rux,6.2626
3rbq,5.9989
3t1l,6.0577
2l6j,5.3855
2y4l,5.7079
3ql9,5.2196
3s7b,7.3021
3hlo,5.6428
3s8n,5.9117
3p9t,5.5881
3u5l,6.4514
2y07,7.1231
3qmk,5.4177
2y4s,4.188
3arw,5.999
3qxd,5.8243
2y06,6.9199
3b25,6.243
3sjt,5.1206
3qc9,5.6965
3pwm,6.6745
2yay,5.6672
3mp1,5.44
3t1n,6.182
3t1m,6.5404
3shb,5.2014
3ap7,4.7281
2xhs,6.0886
2l75,5.1723
3haw,5.4809
4a4g,5.3643
2xv1,5.8929
3rl8,5.6467
3arz,5.7911
3ary,5.6525
4a0j,4.9342
3pm1,5.2986
3alt,4.0149
3rz7,5.8705
3mp6,5.3822
3rw9,5.3266
3uev,5.5065
3r0h,5.8989
3tkz,5.9213
4a4f,5.1592
3tcg,5.5171
3qx8,5.2969
2y8i,5.2894
3ax5,6.0607
3iaw,5.6
3ppr,5.4506
2y8l,5.2261
2y8q,5.2142
3qqa,4.9885
3plu,5.0499
3rm4,6.2629
2xn6,6.5115
3rt4,5.6732
4a4h,5.2204
2xp7,5.6068
3qxc,5.2089
3rz1,5.8684
2las,5.9008
3o1d,6.1544
3o1e,6.9648
3pwh,7.3155
2y7w,4.9331
2l7u,5.5433
3rey,6.681
3p9m,6.0702
2y7k,4.9823
2xn3,5.8256
3n2e,5.5296
3rdv,5.3375
3te5,5.3918
3n75,5.6308
3qs6,5.0579
2xxy,5.7091
3rz9,5.7398
3rlb,5.8034
3qip,5.4061
2x85,5.2386
3od0,5.4062
3pju,6.0724
3pjt,6.0261
3qin,6.387
3pyy,7.1672
3rtx,5.8846
2ylc,5.2937
3rz5,5.9352
3njq,6.7633
3zyf,4.7269
3ru1,6.8924
2yb0,6.4309
3qio,5.7047
3qnd,5.3127
2xqq,5.0648
3s75,4.9251
3n5e,5.9292
3q72,5.7506
3q7p,5.7506
3odi,6.8998
3nfk,5.9146
3ryj,5.8616
3o2m,7.1092
3stj,4.5488
3twv,5.707
2y9g,4.4039
3ard,6.5876
3rm9,5.8957
3rqe,5.6698
3rl7,5.8038
3pdh,6.9358
3puk,6.069
3qs5,5.0466
3p7i,5.0283
3q6z,5.0832
2l84,5.6436
3uvl,5.9544
2lko,5.134
3tdu,5.8574
3sou,5.2176
3t6r,5.2687
3td4,4.8989
3s71,4.8676
2xzc,6.7823
3arv,5.9102
3s8l,5.9623
3ldp,5.6519
3u5j,6.4861
3ryz,5.9324
3twu,5.4911
3qps,4.9684
3t8s,5.3149
3ovn,6.409
2y7i,5.9491
3ujd,5.5119
2xn5,5.9418
3o75,4.7012
2y54,6.5475
3pab,6.1093
3tg5,6.0668
3qs4,5.1088
3tiw,5.3973
3oob,6.2245
2x6x,5.2402
3iny,5.3696
3q7q,5.7506
2ydf,5.7417
2l3r,5.9752
3pkn,6.1276
3uj9,5.4642
3arb,6.4304
3rqg,5.7405
2yga,6.3532
2l98,5.5566
3sk2,5.8657
3ubx,6.5775
3t2c,4.8174
3sl1,5.2817
3p3s,5.6918
2x6y,5.2211
3ujc,5.4536
3ocp,5.2288
3q6w,7.1239
3rjw,7.0745
3mxc,5.5566
2xj1,7.0993
3rz0,5.9655
3aqa,5.3288
3as0,5.9129
3ppq,5.3274
3s73,5.6751
3pxe,6.1423
3tws,6.1841
2y58,6.991
2yix,7.0254
2y7p,4.9888
2y4k,5.7079
3p2h,6.5764
3u10,5.793
3qlb,6.3687
3tjh,6.2488
3r6u,5.5861
3myq,6.6775
3n7h,5.8366
3puj,6.0384
3qel,6.8209
3m6r,6.3919
3ta0,4.9893
3s78,4.925
3skk,5.244
3atp,4.6126
3pqz,6.2454
3tsz,5.8727
3tvw,6.7014
3axz,5.0387
3art,5.7813
3pxf,6.0798
3pxq,6.0798
3rtm,6.8163
3rsx,6.2508
3mxy,5.4877
3ryy,5.873
3rqf,5.7299
3n23,6.809
2l8j,5.5853
3arr,4.9304
3qkd,7.3908
3tww,5.7811
3zyb,6.2721
3q6k,6.2295
3oj8,7.128
3ay9,5.2108
3m6p,6.3819
3arx,5.0919
3tv5,6.9207
3s72,5.8348
3n35,4.6818
3zxe,6.1333
3lrh,5.899
2ydw,6.375
3ry8,3.683
3atv,5.268
3aya,4.6786
3q5u,5.9083
3m6q,6.4071
3tpu,6.316
3qt7,4.6856
3qxv,6.443
3s74,4.946
3pma,5.7316
3atu,5.2108
3pcu,6.8077
3r24,5.2576
3ao1,5.3454
3twx,5.8129
3tdj,6.6259
3ueu,5.5133
3qxh,5.1875
3ao5,6.2039
3zyh,3.8433
2yel,6.4993
3arg,6.5624
3q4l,6.8186
3tdh,4.9433
3p3r,5.6058
3ta1,4.8638
3p3t,5.5707
3ayc,4.8247
3zqe,6.0061
3p9l,6.0609
3ppo,5.4953
3ri1,7.115
3q71,4.8859
3rth,6.7881
3ov1,5.9279
3t7g,6.1107
3twr,5.8754
3rz8,5.8868
3tc5,6.2505
3b27,5.8369
3aru,4.9313
3i8t,4.5679
3m96,6.4388
3qem,6.5907
2yek,6.4816
3q4j,5.8547
3are,6.5477
3odl,6.8998
3s77,5.2452
3arf,6.5624
3zqi,5.7705
2lh8,5.4197
3ayd,6.1109
2xj2,7.0385
3qfd,6.1831
3qzv,5.8647
3ppp,5.331
3qxt,6.4208
2xrw,6.8076
2xs0,6.5221
2lct,5.6542
3tao,5.9986
3ryx,6.0463
2yaz,5.5582
3sow,5.1947
2yk1,6.3836
3ozj,6.8662
3ujb,5.3752
3zvy,5.2062
3q8h,5.2336
3t4n,5.1642
3mam,5.4377
3o56,7.1137
2ygf,6.3012
3o4l,6.1119
3qyy,5.8881
3m94,5.6114
3ao4,6.3349
2xm1,5.3237
2yge,6.3652
3sxu,5.6879
2lk1,5.8116
3rlp,6.2015
3p0g,6.4951
3r42,5.5317
3ryv,5.8372
3q4k,6.1506
2xxt,5.7306
3aje,4.9946
3smq,6.8302
3tfk,5.7394
3s76,5.2541
3s0d,5.8419
3ay0,5.3202
3po1,5.5655
3s3k,6.0104
3qzt,5.6505
3zxz,6.9258
2xpk,5.7769
3rti,4.9771
3u8n,6.6279
3pbb,6.1703
2xwd,5.5223
3r4n,7.0103
3mv0,4.8029
3n76,5.4674
3pe2,7.0703
3pe1,7.1745
3pwd,5.872
3ozp,6.6997
3tu1,6.4464
3pb9,6.1022
3opr,5.7788
3qox,5.3049
3ama,6.3859
3ppm,5.6211
3pr0,5.8985
3sr4,5.7285
3sm2,7.7732
3o9f,6.6722
3muz,4.5256
2y59,5.8055
2xog,6.1215
2ybu,5.2535
2xoi,5.878
3o64,6.6751
3mg4,6.2943
3p8n,7.7595
3opp,5.855
3nzk,6.4395
3mg0,6.3104
3rf4,5.1482
3o9g,6.7691
3o9b,6.7182
2xy9,7.1033
3ozg,6.456
3amb,7.0966
3rwp,7.416
3o0g,6.7121
2ya7,5.1192
3qfy,5.8334
3aox,7.0212
3o9h,5.8557
2xwe,6.1107
3zq9,5.3651
3o9c,5.8761
3r4m,6.5498
2y7x,6.9519
3u8m,6.2853
3zze,6.7043
3qgw,6.7197
3o9i,5.8026
3oaf,6.9005
3mbz,6.3339
2ya8,5.2713
3pb7,5.842
3m3z,5.3515
3p8o,7.9883
3oy0,6.0574
3oyq,6.0458
3t82,5.6151
3slz,6.489
3t83,5.6604
3t84,5.5403
3sio,6.87
3qs1,7.3801
3t85,5.6151
3pn1,5.4763
3svj,6.1737
2l8r,5.1296
3r4p,7.1391
3n87,5.651
3old,5.6121
2xpc,6.6358
3p3j,5.849
2ydv,6.159
3oe5,6.3406
2y55,5.8951
3mg6,6.4293
3olg,6.0413
3ole,6.0764
3pn4,6.3939
3sm1,6.1242
2y5g,6.6677
3ohi,5.4483
2xyd,6.946
3ai8,5.0344
3s2v,6.1503
3q2m,5.771
3prs,6.4457
3n2p,5.7761
3o99,6.6047
2y5h,6.6836
3qgy,7.6452
3o5n,5.9283
3oim,6.4487
3p3g,6.4332
3nb5,5.9156
3ps6,6.6097
3o9d,5.7676
3nw9,6.6151
3ui7,7.1746
3ucj,6.394
3qk0,7.1966
3sn8,6.5653
3t19,6.6357
3u8k,6.7603
3rf5,4.9796
3n86,5.6743
3qce,5.7141
3qcf,5.6841
3qaa,6.2847
3n7a,5.0388
3th9,5.5679
3o9a,6.6266
3oil,6.4062
3tsd,5.3811
3mzc,6.9469
2yhd,6.1092
3sjf,6.4454
2xm2,5.3722
3p58,5.213
2y77,5.3493
3t8v,6.5625
3prz,6.4246
3rup,5.2151
3n8n,5.3822
2xxr,4.4799
3pjg,5.5102
3qvu,5.3763
3ni5,6.6244
3t8w,6.5082
3sl0,5.3269
2x2i,6.7553
2y5f,6.8403
2y81,6.886
2y7z,6.8148
2ya6,4.9948
3ml5,5.5558
2ydt,5.545
3tza,5.4686
3u8j,6.2513
3b1m,6.6974
3n3j,5.976
2xyf,5.9321
3tam,7.3207
3str,6.2505
2ydo,5.1213
3rlr,6.7486
3sw8,5.5896
3p17,7.4428
3nyd,4.8511
3qxm,5.1914
3t01,4.4407
3oe4,6.5071
3shj,6.5785
3ocz,5.7712
3rwq,6.6696
3zuk,6.3751
3pfp,4.9902
3p3h,5.8856
3mmf,6.4816
2xys,6.4212
3qvv,6.1906
2xxw,4.487
2xxx,4.5427
3r17,6.0459
3sx4,7.0751
3ldq,5.5853
3t1a,6.1424
3qt6,5.5379
3ns7,6.2411
2xye,5.9672
3qiy,6.1728
3sw2,7.1299
3qak,6.8148
3q1x,5.1514
3p5l,6.1266
3snc,6.0063
3o3j,5.8118
3pn3,5.8979
3rlq,6.8137
3snb,6.2973
3oli,6.0662
3u9q,5.905
3mna,6.6367
3sh1,6.9676
2y71,5.6575
2y4a,5.8386
3q43,6.3049
2y76,5.3525
3oku,6.3671
3rt8,5.5832
3rtf,5.5815
3ozs,6.4647
3pww,6.6665
3q44,6.2976
2y82,6.88
3sww,7.1615
2yjq,5.4749
3u1i,5.8623
3pb8,5.3713
2xyt,6.4508
3n0n,5.7446
3r16,5.9325
4a1w,6.4456
3tfu,6.0042
3o7u,5.0778
3rx5,5.4094
3qfz,5.3737
3okv,6.3358
3s3v,5.778
3rv4,5.2266
3o9e,6.6503
3st5,6.2656
3pgl,6.0184
3qiz,6.4297
3tjm,6.4545
3qj0,6.3725
3roc,7.6106
3rx8,5.4836
3n0h,5.7587
3o0j,6.2462
3q2j,5.9379
3ps1,6.3309
3oik,6.3325
3ljz,6.4373
3s9e,4.5566
3ozr,6.6841
3rt6,5.5008
3sna,6.6988
3ozt,6.1519
2x2r,5.3262
3r4o,7.1554
3tu7,7.2501
2yfx,7.2941
3p9h,6.0786
3u8l,6.2607
3p55,5.9084
3loo,5.142
3po6,5.9103
3lox,5.728
3p4v,5.9449
3p44,5.8974
3rx7,5.4094
3n4b,5.7432
2y80,6.8165
3ml2,6.1008
3oys,5.8161
4d89,7.0072
4at3,7.4946
4az3,6.9822
4emv,7.6041
4a7c,7.1297
3tyv,7.0055
4a4o,7.3882
3uh4,7.021
3vw9,6.8936
4at4,6.973
4a4l,7.4879
4fny,6.8373
4fnz,7.3541
3vqs,7.3992
4hcu,7.3572
4gh6,6.8679
3vrv,6.5912
2yer,6.8989
3qu0,6.3961
3qxp,6.6356
4gcj,6.7413
3zxr,6.8221
4dfn,7.3607
4dk7,5.9784
4b1d,6.9591
3rde,5.6148
3uvp,6.6347
4at5,5.9954
4az0,6.8868
3u2k,6.3006
4dij,6.7656
4d88,6.8286
3zxv,6.6212
3v5q,6.545
4hgt,7.4089
3vg1,6.8222
4d83,6.8222
4a4x,7.5036
3tki,7.5843
3qtz,7.024
4avg,6.2861
4afe,7.5017
4hct,7.2381
4b1c,6.9159
3rpv,6.9065
3qtx,6.855
3qtu,6.5974
3tv8,5.0914
4eny,7.0065
4aof,7.191
4heu,7.3323
3vru,6.6318
2ym7,7.1759
3rak,6.5473
4awk,6.4052
4d85,6.9355
3voz,6.1748
4hki,6.1938
3uix,6.1428
2ydi,6.2519
3ufl,6.9142
4g2f,7.2541
4dce,7.1909
4b4g,6.2137
4hlm,6.2139
4dvi,6.9154
2yex,7.0712
3ral,7.2806
4b4m,6.3325
3ttj,7.56
4h39,6.2163
4e96,6.3909
4e8z,5.4477
3umx,6.3284
4efu,6.6079
4ea3,7.2514
4ge5,6.6995
4eox,6.0691
4fcd,7.0306
4frj,6.4564
3rk7,6.1474
4hlg,6.149
3u8h,6.1092
3tnh,5.4095
4dgn,5.5803
3vjk,7.4816
3vjm,7.4113
4b5b,6.486
3rkb,6.9331
3v8t,6.4096
4hcv,7.3572
3vrw,6.6284
4a16,6.6012
2ym5,7.3062
4e5h,6.1954
3zzh,5.5122
3uwo,5.9441
4hl5,6.3613
3u8d,5.7521
3ur9,6.3565
4g31,7.6074
4e26,7.2238
4alg,6.4207
4h3a,5.5699
3rk9,6.7798
4abu,5.5113
4enx,6.4634
3v9b,7.4202
4hld,6.3157
3t4v,6.0642
4a9m,6.0472
4aaw,6.0554
4f63,6.7235
4b14,6.5122
4hmh,6.1134
3qtw,5.9648
3v8s,7.2092
4dfl,7.3484
4an3,6.3681
4f4p,7.4223
3s9z,5.9272
4e5d,6.4894
3tn8,5.6486
3v6s,6.9062
4akn,6.1146
3u18,6.423
4e8w,5.4232
4f49,7.0652
4abv,5.3965
4hlf,6.1269
2ym6,7.1202
4gw8,6.4941
3uok,5.9926
3saz,5.7673
4ge2,6.506
4h38,5.6699
4gg5,7.3415
3qtr,6.2258
3ugc,7.2102
3tt0,7.2262
4an2,6.989
4aqc,6.8259
3u8w,7.5108
2ym3,7.053
3udq,6.5854
3uh2,6.8383
3ue4,7.1327
3sad,5.863
4awg,6.1196
4hlh,6.4586
4hlk,6.4525
4hkn,6.0232
4fod,7.1337
4hdc,6.119
3vqh,6.0826
4dgm,5.6761
3r6t,6.9396
3vf3,6.7458
3rin,6.8318
3v66,6.9697
4b71,5.4432
3vsx,6.883
3r9n,7.0152
4ehm,6.066
2ym4,7.664
4a9n,6.065
3vyf,6.9498
4f6v,5.8603
4acf,6.4004
4dcd,5.8146
3qw7,6.0979
4d8n,6.0964
4dk8,6.2342
4gz3,5.4501
3vf9,6.0079
4h3c,5.8627
4a6w,6.1093
4a6v,6.3012
4awm,5.7297
4hbx,6.2435
4b12,6.486
4gto,7.1253
3v5j,6.6474
4fhi,6.2271
3vbv,7.0113
3vp3,5.3489
4gtp,7.1195
4g34,5.9023
4ac3,6.1661
4hv3,6.1116
3rwi,6.8556
3t0m,6.1269
4e93,7.7052
3udr,6.6515
3unj,6.6181
4a9i,6.0547
4gts,7.4088
4h1j,7.2775
4gsy,6.1267
4hn2,5.649
3u4i,5.7965
3q92,7.003
3rah,7.0223
4ael,6.9192
4g55,6.6249
3azb,5.6823
3ntp,6.3331
3s00,6.9245
3vsw,7.1017
3ti1,6.9372
4fgz,6.8882
4ajw,7.1661
2ym8,7.3745
3uzp,7.1406
3v04,7.0993
4eg4,6.5153
4ehr,6.7135
3twj,7.208
4d9p,5.7079
3ril,5.299
4edy,6.1066
3ua8,6.7234
3vw6,6.2049
4avu,5.0485
4dfw,6.8166
4fs3,6.9512
4e5f,5.5716
3vf8,6.7037
3sgt,5.7611
4egi,5.069
4eh4,6.3653
3vv6,6.7745
3uph,6.7437
3qqk,6.1745
3unk,6.8353
4hup,6.2482
4dh6,7.2372
3sdk,6.8548
3rwj,6.0532
3s3i,7.3479
4a9r,6.5599
4aa5,7.2049
3vv8,6.8264
3vi2,5.4958
4hlc,6.2205
3s1h,6.8361
3tiy,5.4561
3vbx,6.0999
3ztx,7.5068
3vp4,5.2499
4anx,7.1387
4anw,7.3928
4azy,6.7586
4fzg,6.7441
3tkm,6.8948
4dei,6.173
3s9i,4.8329
3udy,6.7147
4b13,6.5652
3vi5,6.0894
3s68,5.5168
3vnt,7.4674
4bbf,6.831
3sh0,5.6333
4ee0,6.3928
3upy,4.932
4g9c,7.6127
4b11,6.5885
4dmn,6.8268
4b00,7.3834
4f65,6.8146
3vrt,6.6284
4awf,5.5612
4fri,6.8837
3rwg,6.5871
4fcb,7.1809
3r8v,7.2537
4hkk,6.0429
3upf,6.2633
4d8i,5.6954
3uxm,5.4915
4huo,6.2147
4e5g,5.6768
3sz1,5.6103
3qa2,6.9736
3v1r,7.5839
4anu,7.2109
3qi1,7.0832
4hbv,5.5343
4a9c,5.9523
4hej,5.9884
3udj,6.7543
3vc4,6.1192
4avw,5.0491
4awo,7.242
4ec4,6.6684
4dea,5.7301
3v01,6.9644
4g19,5.3104
3sd5,7.2871
4hkp,5.6945
4anm,7.2916
4dem,6.342
4dhf,7.2942
4h5d,6.342
4h5c,6.342
3vby,5.1873
4eh3,6.3668
3avf,5.6436
4d8c,6.9818
4aa7,6.5443
4h4m,5.7124
4h2o,5.9064
3uol,6.038
3qtq,6.7724
3qts,7.1796
3sgx,5.7594
3vp1,6.1748
3rik,5.4588
3t3y,5.8272
4fli,6.1478
3uhm,6.0428
4bbe,6.7664
4drp,6.4813
4dro,6.7743
3r0w,5.829
3qw6,6.1627
4hv7,5.8631
3rwf,6.0799
3tv7,7.1641
3t0l,5.7852
4af3,7.3069
4hni,7.2637
3udk,6.6086
3vbg,6.2053
3s0o,7.0717
3udm,6.5559
4eh6,5.9291
4h71,5.2681
4aa0,7.3531
4fhh,6.2297
3sgv,5.7197
4deb,6.9632
4d8a,5.6702
3vqu,6.616
4aq3,6.7177
3vbt,6.3502
4ded,5.8891
4fpf,5.8537
4gtv,7.4418
3ava,5.7483
4afj,6.7351
3vb6,6.6831
4e3f,4.917
3umw,7.0777
4foc,7.0038
3rk5,6.2141
4ere,6.2358
4ebv,7.5682
4el9,6.1685
4hby,6.3156
3v3v,5.6612
3vb5,6.7877
3vv7,6.927
3sdi,6.8503
4b3u,5.9701
3rpy,6.6065
3sqq,6.9727
4h2j,5.9061
4hbw,6.316
4ddl,7.8188
3vi7,6.5429
4acu,7.2302
4dpf,7.3376
3vyd,6.9072
3rwh,6.2089
3v4v,7.0677
3av9,5.737
3rwe,6.0389
4eg6,6.9515
4anv,7.1934
4an9,6.7839
4ewo,7.1628
4ez3,6.692
4eeh,6.4913
4eg7,6.607
4hco,4.7989
3vbq,7.0875
4awq,6.9798
3tkh,7.4981
3uqp,7.0192
3r8z,6.843
3vb4,6.7821
3vb7,6.6831
3s4q,7.373
4fzc,6.1387
4dus,7.3142
4fll,6.7843
3t4h,5.9875
4eb9,6.4285
4flk,6.8593
4di2,7.2703
3sb0,5.8232
3vjl,7.4857
3rjc,6.8227
4drm,6.4813
4drn,6.4813
3qbn,7.3565
4ehv,6.7703
4eh7,5.7606
4b95,6.007
4h36,6.4466
4gb9,7.27
4eh9,6.8122
4egh,6.0637
3veu,7.1014
4e1m,6.5124
3th8,5.8641
3ua9,6.5691
3u4h,6.7206
3uqr,7.6964
4fpk,5.9696
3uwk,5.9501
4f8h,5.8228
4dt6,5.2045
4e3d,4.8261
2ydj,6.9962
3rvg,6.9739
3tyq,6.2005
4ejn,7.0979
4fob,7.005
4hgs,7.4002
3r8u,7.3389
3udp,6.6065
3up7,5.7286
4h2m,5.3925
3u6j,7.1682
4anb,6.7016
4h3b,5.9413
4aac,7.2638
3rni,6.7667
4ask,7.3602
4a9u,7.3877
4deh,7.0197
4a9s,6.6317
3vid,7.0805
4eyj,7.126
4eh8,5.7336
4f64,6.7688
3avl,5.765
4ega,6.5747
4e1n,6.7772
4azt,6.0571
4eh2,5.4566
3tti,7.1454
3upi,6.993
4deg,7.1105
4e20,6.7671
4gtt,7.539
3vbw,5.805
3v5l,6.4536
4dbn,7.7268
3udn,6.6121
4flj,6.3427
3aza,4.9736
3rwc,6.2431
3vye,6.9316
4em7,6.297
4hai,7.4948
3v6r,6.9407
4a9t,7.3877
4esi,6.0432
4hnf,7.2211
3r9d,7.0853
4aw5,7.1214
4acx,7.3242
4dpi,6.9262
4h1m,7.3749
2ydk,6.8817
4erw,7.6344
4e4x,7.5588
3vp2,5.1248
3qai,7.0993
3qw8,5.5628
4edz,6.4392
4f6x,5.8835
4drk,6.6255
4exg,7.1319
3v8w,6.2146
4ebw,7.5471
4dgg,6.7374
4eh5,5.5337
4awp,7.2201
3rmf,7.0134
4daw,7.2026
4ec0,6.14
4gdy,7.2761
3avb,5.6332
4eft,6.969
4aml,5.3903
3uyt,7.1703
4eg5,6.377
4frk,6.8609
4hgl,7.0882
4ejf,6.3801
4aa4,7.201
3v4j,5.1932
4dgr,6.7756
4gtm,7.2165
3v49,6.7235
3rwd,6.2418
3t0t,6.3681
4dum,6.9367
4eym,7.1519
4d8e,6.2731
4e4a,5.0172
4b74,6.5139
4asj,6.267
3uug,5.234
4dy6,5.1459
3s8x,6.7086
4b73,5.5075
4ajn,6.6922
4arw,6.4483
4daf,5.5603
3u15,6.3838
4ajo,6.7386
4fcq,6.949
4eki,6.5331
4dew,5.5778
4i47,5.0522
4al4,6.6983
3rul,5.7014
3s9t,6.7046
4gy5,5.7083
3uib,7.1926
4b2d,5.1952
4gui,5.3385
3uzc,6.4037
3v3q,6.1161
4dkq,6.4744
4h75,5.4183
4db7,5.8346
3sax,6.804
4a4v,5.6346
4aqh,7.1334
2lcs,5.5218
2lkk,5.9613
4ewn,5.7766
4dkr,6.4744
4fut,5.4596
4b5s,4.1145
4gby,4.5104
4glr,5.9909
3ask,5.6151
3v3l,5.7614
3u0t,6.7912
4dve,6.41
4dko,6.6051
3v7d,5.4944
3tay,4.522
4f3h,5.6042
3ui2,5.5614
3t6b,6.3354
3t6j,6.3239
3tpx,6.4888
4b0b,5.6663
4b5t,4.1035
4b5w,4.1553
4der,5.6094
4erf,6.2802
4fcr,6.6921
4eu0,5.9417
4f20,5.9841
4d8z,5.727
3vhd,6.8579
4ay5,5.3552
4dj7,4.5915
4euv,5.8852
4etz,5.8896
4dma,6.0462
4aq4,5.4808
4gbz,4.3018
2y9q,6.0953
4e8y,5.4281
3sfg,4.7255
4h5e,5.4051
4euc,5.6863
4gah,6.2626
4glw,5.2823
4e34,5.5438
4g0p,5.2711
4guj,5.1363
4ara,6.4164
4g69,5.2257
4fm8,6.9649
3uil,5.8124
3uza,6.5465
4dst,6.1576
4ai5,5.6797
3vhc,6.9368
4arb,6.4164
2lnw,5.4964
4des,5.6451
3udh,6.3925
2liq,5.008
3ual,5.9933
4dsu,5.4309
3que,6.653
2llo,5.8657
2llq,5.4802
3r5n,5.2612
2ll7,5.3431
3v31,5.7568
3asl,5.2573
4b4q,4.6925
4ekg,6.4998
3rum,6.5079
4fxq,6.2933
3ut5,6.8501
4gao,5.9535
4abk,4.9611
4dkp,7.0947
4dn0,5.8502
3qbc,4.7249
3zsq,5.878
4aza,6.121
2y6s,6.4423
4es0,5.9611
4av0,5.461
4agm,6.5392
4agn,6.5987
3uxg,5.5824
3t0x,6.1139
4g8l,5.803
4f1q,6.215
4dmw,5.4212
4e9c,6.8229
4dai,5.8348
2lo6,5.3443
4hbm,6.1444
4g8m,5.4697
4f14,5.153
3u6w,4.7417
2yim,5.4588
3uyr,6.1411
3au6,5.6658
3sbi,5.9534
4g68,5.9311
4aj4,6.2331
4dgb,5.1998
3u3u,5.9322
4ab8,6.081
3zt3,5.4432
3uoh,5.7109
4djs,6.5794
2lsk,5.5575
3ttn,5.6768
3r0y,5.8351
3zt2,5.4495
4ago,6.6735
4gkc,5.7108
4fl3,5.5343
4aba,6.6779
4eqf,5.6925
3zt4,5.5179
3qn7,6.8047
4ahv,5.313
3uo6,5.7208
4e6c,6.0328
4fys,6.4236
2lzg,6.1999
4ajl,6.8123
3unz,5.8338
4glx,5.8322
4de7,5.5349
4ds1,5.8424
4fn5,7.0008
3uvq,6.7517
2y1n,5.6876
3ud7,5.2673
4auy,5.3067
3vjc,6.1004
3v30,5.3481
4flp,6.1206
4a4w,5.6011
4egk,5.9852
4fvq,5.3292
4fvr,5.3
4det,5.5762
3u0p,6.1783
4deu,5.8213
4dru,6.8614
4f9g,5.8304
4htp,6.2358
4eqj,5.7429
3udv,6.2012
2yhw,4.2376
2yhy,4.2382
3r5t,5.921
2lgf,5.3303
3ubd,6.7228
3v78,5.2047
4agp,6.4332
4gwi,4.4069
4e9d,7.0542
3ud9,5.6972
4aje,5.3068
4aia,5.6833
4fl2,5.5308
4agl,5.8373
2yme,7.1662
4gq4,7.3268
4avi,5.2466
3umq,4.3506
4a4c,5.743
4dbm,7.2211
3tcy,4.9672
3tk2,4.9911
3u90,6.0523
4abf,5.4954
4ad3,4.6946
4g0a,5.6165
4dcv,5.5479
2lbv,6.1546
3sap,6.2974
4fnn,5.8124
3ztc,6.4352
4abg,6.4869
4esg,6.7434
4aji,5.7969
3ued,4.9222
3uo4,5.9212
4exz,5.7057
4b76,4.9831
4bd3,6.1245
3rqw,4.176
4eo6,6.8865
4g0q,5.1988
3ttm,5.5197
3u51,7.3876
3tz4,4.7091
4ah9,6.3415
3run,6.474
4f5y,5.8129
2lyw,5.5679
4gzw,5.4757
4dcy,6.3346
2lp8,7.0968
4dcx,6.419
4abb,5.1388
4emr,5.1747
4e67,6.6816
4epy,6.9693
4aft,6.351
3t2w,8.1189
4f3i,6.4811
4avj,5.309
4fmu,5.8525
4b4n,5.3869
4ffs,7.329
4hcz,5.6898
4axd,4.9721
2yi5,6.4381
3uo5,5.6666
3tct,5.9187
3ud8,5.2676
4f7v,6.4122
2ltx,5.5165
3so6,5.4707
3tgs,6.629
2lty,5.4188
3tif,4.9275
4g0k,6.5057
4ef4,5.8006
4ep2,5.7632
3r7o,7.0996
3u3z,6.2047
2ltz,5.4808
3r8i,6.0014
3v2x,5.4417
3zyr,5.4955
3rzi,4.8458
2yi7,6.8771
4g0y,5.1688
3v2o,5.5234
4abe,6.0821
3re4,5.7848
3up2,5.8712
3vha,6.7666
3unn,5.7003
3va4,6.0294
4abd,5.3634
4aj2,5.366
3uvu,5.4252
4ede,5.6879
3rsr,6.1503
4fi9,5.8059
3r5m,5.9168
4azf,6.564
2yq6,6.4218
4a2a,5.724
3uvx,5.6561
4gwk,4.5693
4ab9,6.2346
3uod,5.8723
4ahu,5.1202
3tkw,6.667
3zrc,6.5727
3ug2,7.2316
2lsr,5.5781
3tz2,5.1752
4e81,5.6364
4fk7,5.9548
4b1j,5.8875
3t0w,6.0693
3upk,5.1756
4i3z,5.3716
3zsx,5.7313
3uoj,5.7866
4fl1,5.8275
3sbh,6.6917
3tzd,5.5249
4fak,5.2617
4aoc,4.4619
4gq6,6.2654
4ewr,6.0734
4ery,5.9278
3v3b,6.9827
4efg,5.7047
4fm7,6.9625
4avh,4.7795
2ltw,5.3404
3zsy,5.7412
3upv,4.913
4g0z,5.2408
4a6s,4.9272
3t4p,5.8293
4ahs,5.3903
2lha,5.3292
4ahr,5.5703
4g0l,5.1762
4duh,6.5921
2ynn,6.1477
3uvw,5.3427
2ltv,5.2447
4fqo,5.4144
4av5,5.5418
3uec,4.9336
4ad2,5.2226
4g8n,5.1866
3rg2,6.4866
4gzx,5.3236
3tsk,6.3693
4b9w,5.9951
2ymd,5.8051
4aci,4.2638
3u2q,6.8401
4b0j,6.0871
2yi0,6.7917
2y8o,6.2111
4ay6,5.766
3zso,5.8355
4f1l,6.2775
4aze,6.6072
4eej,5.716
4abh,6.1971
3th0,4.7438
3ttp,6.9066
4erq,5.844
4ajk,6.6423
4aj1,6.552
3v4t,5.1967
3udd,6.4537
4eo8,7.0093
4dcs,5.6097
3tb6,4.9323
4b0c,5.3381
2yfa,4.865
4f8j,4.7992
4fxp,5.8951
4emf,5.8842
4aom,5.5366
2loz,5.588
4fem,4.4558
4dxg,4.8473
4erz,5.9245
3u3f,5.1806
3tz0,4.7477
3usx,5.8124
4dow,5.7112
3uda,6.2197
3vje,6.3501
4agq,6.4991
4av4,5.309
4fxz,4.3009
3ztd,6.4932
4fe9,5.0412
4b8y,6.3679
4fmq,5.8298
3uzd,5.6859
4euo,5.6986
4a7i,6.9075
4djr,5.838
4aoi,6.8016
4ap7,6.7443
3vdc,4.5219
3utu,7.2406
3uw5,6.1412
3vd4,4.5324
4amy,6.72
4gid,7.0733
3uw4,5.8848
4ase,6.7774
4agc,6.8166
3t5u,5.8172
4djp,6.2708
4an0,6.6788
4e7r,7.4441
3vd7,4.6129
4dq2,7.0025
4az2,7.3047
4djq,6.3745
4an1,6.768
3t0b,4.5232
4e3n,6.2471
4app,6.7604
3uz5,5.2636
3tfv,6.2651
4bbh,6.4589
3v7s,7.2457
3vd9,4.5257
3sud,6.7374
4amz,6.8675
3t09,4.8196
4b7q,4.176
4djv,6.461
4ayw,5.1309
3t2q,4.8227
4acg,7.2362
2yfe,5.4318
3s54,6.5809
3s53,6.5809
4b7r,4.4441
3s56,5.7643
3t2p,4.5337
4ax9,7.1068
3tfn,6.3558
4afh,7.2655
4ayt,5.1448
4ayx,5.1276
4e3m,6.1223
4fk6,7.1165
3t64,5.7024
3t60,5.7096
4fns,5.18
4djh,7.4743
4gfd,6.0506
3tfp,5.9694
4fea,6.4234
3s9y,5.4219
4ea1,6.083
4ea2,5.9967
4ewh,7.0381
3pwk,5.2787
3vf5,6.6463
4a4q,6.1206
2y8c,5.546
4asd,6.7743
4djw,7.0105
4dv8,6.2625
3vh9,4.8478
4fkk,6.1851
3t70,5.5707
3vfa,6.6099
4b9k,6.6887
4ayv,7.1099
3su3,6.819
3vf7,6.6395
3sue,6.7671
4e3k,5.9321
3t08,4.5346
3vfb,6.6144
4e4n,7.2057
4e3b,5.4116
3t3e,5.547
3u6h,7.3434
3v5p,6.8986
4ag8,6.8494
4de1,6.5886
4e3j,6.1524
4e6d,7.0195
3zvt,5.8397
3zv7,6.269
4gqq,5.4479
3sx9,7.0368
4e3i,5.7316
3u9c,5.4653
4de0,6.1175
4e28,6.5967
4do5,5.0071
3qqs,5.449
4dld,5.4815
4e9u,5.7152
4b7n,4.8388
2yiv,5.1271
4ge9,6.2515
4g8v,5.032
4a95,6.3199
3qdd,5.495
4e4l,7.0533
4frs,6.794
3v7c,7.3331
4ei4,7.1149
4dfg,6.3304
3t3h,5.5324
3ts4,6.3597
3shc,7.3471
3tne,6.7337
4e3g,4.861
4b6o,5.5539
4fai,6.1073
4fbe,6.1878
3ump,4.7745
4aa2,5.7618
4a6l,6.5884
4ehz,6.9926
4b7j,4.5002
3u7n,6.3675
3uxk,5.7263
4hge,6.7493
4gqr,5.665
3twp,4.3754
3uuo,7.2696
3veh,4.8274
3sv8,6.3477
4a50,5.9983
3t3d,5.4028
4gk7,6.7717
4b5d,7.0118
3zvw,5.7288
3umo,4.7745
4a6c,6.1277
4g0c,5.3782
3rv8,5.3229
3rv9,4.9113
3si4,7.1644
3spf,6.6674
4gzp,5.3897
4b6r,5.8211
3sut,5.6859
3rv7,4.9518
4eu3,4.0423
3r88,4.4866
3t03,5.9468
3su0,6.8115
4dkt,5.5298
3t3i,5.5863
4gzt,5.4101
3tzm,6.9185
4e5j,6.5171
4a51,5.9452
3tvc,5.9786
3qs8,4.4181
4f39,5.3093
3r6c,4.9377
3u6i,7.4277
3uri,6.3238
4flh,7.4888
4h3f,7.1673
4h4b,6.5215
4f1s,7.1806
4fcf,5.3258
4hf4,7.649
4ddy,6.1652
3s43,6.6543
3sxf,7.0053
3t3u,7.0314
4efs,6.7254
3u78,6.6835
3sha,7.4319
3v7x,6.0271
3uxl,5.2872
3uzj,4.903
3v51,6.959
4f09,6.8437
3su1,6.813
3uwl,6.4136
4acc,6.552
4fsl,7.1002
3suw,5.3097
4gkh,6.8299
4acm,7.0123
3rv6,4.7753
3qtv,7.1766
4ach,7.155
4e5w,7.3408
3st6,4.9084
4e35,5.5854
4dfu,5.4237
3rj7,5.855
4g8y,4.9924
4f08,6.9144
4dfb,4.8597
3vhk,6.7519
4bc5,5.6563
4b05,6.6572
3su5,6.8195
3sym,5.7656
3suf,6.7581
3rbm,5.8192
4fs4,6.7841
2lsp,5.6013
3rr4,5.5007
4b6q,5.4455
3suv,5.2949
3vdb,4.8108
4e3l,6.1576
3t6y,5.8645
4de3,6.1022
3s45,6.5978
3t3g,5.6343
4dju,6.1349
3u7s,6.6552
4g3g,6.6402
4fev,6.9219
4agd,6.813
4g90,5.1602
4eky,5.5062
4e3o,5.637
4el0,5.7169
3u92,5.0096
4ej2,5.9248
4eke,5.8937
4e0w,5.0096
4dhl,6.6113
3sv6,6.4425
4gki,6.8348
4abj,6.416
4ge6,6.71
3u7m,6.3052
3qw5,6.2032
4dff,7.5914
4i8n,6.6112
3u81,5.6041
3rbu,4.6148
4dsy,6.411
4ek9,5.624
4exs,5.6066
3s5y,5.0853
3uxd,5.661
3suu,5.6859
3t3v,7.019
4h1e,6.6621
4h3i,7.1862
4djo,6.33
4en4,5.3314
4aph,6.285
4a6b,6.0143
4g3e,7.3059
3t0d,4.8073
3tcp,7.5499
4du8,5.5063
4dpy,5.4789
4el5,5.6847
4e6q,6.9864
4g3f,6.7911
4acd,7.1793
3tll,5.5699
3zzf,5.608
4fse,7.0908
4dt2,5.913
3su2,6.8215
4eo4,6.5836
3s6t,6.7243
3u93,4.5362
4dk5,7.1514
4e5i,5.5538
3tt4,5.9659
4djy,7.1634
4fjz,7.3157
4dpt,4.6856
4dpu,4.6434
4eoh,5.239
4do4,5.4076
3u7l,6.0168
4alx,6.5598
3qwc,7.2051
3su4,6.8357
3ryw,6.4664
4ha5,6.6873
4djx,7.1741
3t3c,6.7933
4afg,6.6237
4few,6.9898
4abi,6.7241
4gg7,7.3319
3uu1,4.5583
3s1g,6.2552
4ayy,6.837
3sug,6.6792
3v7t,6.7373
3qx5,7.1135
3sv2,7.329
3si3,7.369
3v5t,7.0769
4h3g,7.1513
4ge7,6.0619
3upx,6.7747
3uf9,5.2966
4ge4,6.0084
4e49,4.866
3syr,5.497
3v4x,5.5912
3axk,5.3545
3sur,4.9813
4exh,6.5305
3sus,4.8878
3tvx,5.2265
3qto,7.1759
3sm0,6.7158
3v5g,5.5383
4b6p,5.4924
4de2,6.1165
4e0x,5.2235
4aa1,6.7978
3v2w,6.7715
3axm,4.404
3vbd,6.6197
4b9z,6.2847
3sv7,6.4341
3u7k,6.0115
3vw7,7.266
4dds,5.981
4e3h,4.8079
4h3j,7.0972
4f9u,5.6523
4f9v,5.6614
3su6,6.6962
4b6s,5.6148
4gjd,7.1802
4jsr,7.2605
4c4g,7.4486
4i7c,6.12
4jt9,7.0834
4jr5,6.8679
4i1c,6.9575
4i9i,7.0352
4bky,7.7283
4mq1,7.6376
4bzo,7.2269
4mz4,6.9077
4hvs,6.5959
4ijp,7.1605
4gmc,6.9911
4jik,7.38
4hhz,6.5846
4bty,7.2784
4c4i,6.9643
4jje,6.9098
4c4e,6.62
4hyf,7.1894
4c4f,6.5235
4bkz,7.6354
4g17,6.4602
4bnu,5.5315
4bnx,5.5367
4cby,6.4981
4l02,7.2203
4bqw,6.8269
4jt8,6.9742
4i6q,7.302
4bnv,5.7543
4ivs,6.6476
4idv,6.1683
4k69,6.255
4hys,7.211
4bo2,5.6988
4bo1,6.0446
4cbt,6.682
4nb6,6.7578
4hw7,7.2671
3zov,7.4673
4lyn,6.9904
4btw,7.2179
4ju3,5.928
4jve,6.394
4j3e,7.198
4lxm,6.97
3w55,6.1214
4bo5,5.6231
4mq2,7.6274
4gjc,7.2652
4li6,5.6594
4bo7,6.2626
4bfy,6.5887
4bo8,5.4017
4jg7,7.2789
4bo4,5.6908
4g16,7.4885
4h4d,4.8175
4n3r,7.4289
4j0a,6.113
4l7f,7.4043
4jzf,7.2863
4gj7,7.1383
4i10,7.0604
4j0t,7.1579
3zm5,6.5714
4bo6,5.8484
4h58,7.5906
4msg,7.0684
4mt9,7.0932
4gs8,6.8143
4i7d,5.9345
4idt,7.172
4bo0,6.0218
4k4f,6.8985
4lh5,6.0053
4h4e,4.8565
4j08,6.1205
4j51,6.671
4bie,7.1407
4bib,6.6385
4bnz,5.6761
4byj,6.8611
4krs,6.7505
3w54,6.24
4bti,7.1446
4jjs,6.9135
3zm6,6.4148
4bo3,5.9617
4bo9,5.349
4brx,7.3503
4d8s,5.1238
4ju4,6.3531
4jg6,6.6193
4i5p,7.1642
4j0s,6.4498
4j0r,6.4498
4m5o,5.4205
4bqx,6.7139
4ez5,7.0621
4i12,7.1542
4mwv,6.5051
4ff8,7.0744
4mwr,4.4191
4j0y,7.263
3vs3,7.2386
4i0f,7.2819
4mk5,5.5794
4lkm,6.3619
4i0z,7.1733
3vva,6.1184
4i31,5.7429
4jj7,6.7879
4kio,7.3342
4bw3,6.4738
4jda,5.9285
4cfw,7.297
4jju,6.6584
3wix,5.7781
4l6q,6.4207
4inu,6.6038
4bfz,7.2976
4li5,6.8517
4c35,6.0627
4mcc,5.7816
3wd2,6.1631
4iqu,6.1001
4ikr,7.1209
3vtb,6.5071
4btu,7.0775
4hzx,5.0114
4i4e,7.6042
4kil,5.5902
3wiy,6.4795
4i0d,6.9389
4ir5,6.037
4jwr,6.2084
4b72,6.8646
4bw4,6.4367
4gw6,6.8727
4i4f,7.5986
4ikt,6.8647
4ju6,6.8754
4ju7,6.8754
4b6c,7.2014
3zc6,7.8081
4dwk,6.2291
4jj8,6.7023
4mk2,5.7452
3zeb,5.41
4hzt,6.8739
4li7,6.8123
4j1h,7.3362
4gvm,6.929
4iqt,5.9967
4mwq,4.7391
4hxm,6.5161
4bsq,6.8455
4kp6,6.1689
4lkl,6.706
4ir6,6.4302
4inb,6.1673
3zlq,7.4027
4ii9,7.1883
3vuc,6.9187
4ivt,6.532
4jv7,6.0532
3zmi,5.8019
3zot,5.8283
4i6b,7.1241
4k3l,5.9725
4bdt,5.8172
3zm4,6.6133
4bqy,6.9742
4feq,7.2017
4azp,6.1354
4bw1,6.434
4mti,5.8206
4mxa,7.0088
3zki,7.5868
4gja,7.2341
4l3p,7.3288
4hzw,4.8931
3zlk,6.1937
4hy5,6.0119
4mcv,6.2452
4btt,7.0463
4bzn,6.585
3vo3,7.1714
4hvd,7.3203
4j6i,7.2543
4mu7,5.8696
4gsc,6.1244
3zlo,7.3602
4mcb,5.8981
4ght,6.5654
4g2w,7.1072
4gk2,6.5611
4int,6.584
4mzj,5.5368
4iku,6.6479
4ibm,6.9621
4jv9,6.0562
4hhy,7.1536
4jht,5.052
4m5r,5.4297
4i7f,6.7749
4iz0,6.5845
4dr9,6.3471
4kfp,7.0187
4mb9,6.7623
4b78,6.9135
3zmj,6.0021
4bdc,6.9807
4lc7,6.7598
4l34,6.7737
4dho,6.1079
3w5e,7.0086
4g2j,7.3741
4jbs,6.4556
4m4q,5.9637
4m5u,5.9264
4j04,6.1656
4kb8,7.6241
3wfg,6.2475
4kc1,5.9471
4jx7,7.0981
4j4o,5.2922
4men,6.2327
4kqq,5.9166
4kqr,5.9166
4fz6,7.5543
4dvf,7.7302
4dhn,6.3985
4lqy,4.9658
3vtd,6.4854
4j1f,7.3362
4kmu,6.2077
3ukr,6.5226
4b81,6.9723
4j4n,5.1048
4bnt,5.1518
3vtc,6.4854
3wax,6.8624
4j1k,7.5296
4dzw,6.1059
4kbc,7.1252
4gye,5.8794
4l0s,6.3847
4l32,6.0885
3zo4,6.8733
4bjc,6.7189
4gk4,6.834
4i0r,6.7358
4jzr,6.5405
4bde,6.8386
3zlx,6.7398
4b0g,7.1714
4bfp,6.8154
4bgg,7.3029
4dht,6.4016
4ie5,6.1732
4l31,6.447
4dhm,5.8939
4kqo,5.9009
2ly0,6.1526
4dhs,5.9165
4mk1,5.4525
4hvg,7.3751
4c38,6.6417
4alu,6.4957
4g1f,5.9443
4ke0,7.0095
4m3q,7.2802
3wav,6.9729
4mx0,6.5088
4dwb,6.1382
4dv9,7.0901
4ipf,7.3105
4jhq,6.2565
4kjv,6.5726
4hvh,7.4472
4c37,6.676
4c36,6.977
4bb4,6.6589
4jrg,6.1631
3zlw,6.9411
3w2r,7.1197
4j1e,7.3725
4im0,7.7779
4hyh,7.7766
4iwd,7.1749
4ktc,6.9703
4l8m,6.9844
4mk8,6.504
4mka,6.534
3zo1,6.21
4awi,7.1996
4jql,6.4737
3wc5,5.8034
4jlg,6.9827
4lgu,5.8658
4hxl,6.6196
4lnf,4.665
4mzl,5.8653
4ke1,7.158
4btl,6.8794
4ezl,7.4627
4mx9,7.0063
4inr,6.6197
4hy4,5.9613
4bda,5.2834
4ie6,6.5563
4mbl,7.1981
4dtt,6.0297
4hy0,7.0812
4nie,6.6146
4fic,5.5729
4l2g,6.3006
4mww,4.744
4jr3,6.5506
4bjb,6.9305
4j3m,6.1899
4hww,5.1831
4bdi,7.6197
3way,7.0729
3wd1,7.0742
3zep,7.3909
4bjx,5.7921
4b84,6.8422
4l0v,6.3343
4eyr,6.0222
3zmg,7.2569
4ixu,6.8163
4kiq,6.7901
3wbl,7.3989
4ixv,6.5132
4fxj,5.0973
4nrc,6.3426
4jbo,7.0142
4jp9,6.7166
4k4e,7.0449
4kn7,6.3696
4meq,6.2481
4meo,5.5614
4la7,6.9956
4i0t,7.2739
4i11,6.7667
4l0i,6.501
4alw,7.0193
4dhr,5.7444
4j0v,7.263
4l53,7.2305
3w2t,6.0881
4joa,7.3931
4jrv,6.4947
4lww,6.6406
4j53,7.4734
4lgh,5.76
4lxa,6.97
4n4v,6.9518
4i7b,5.5457
4bcb,6.4871
4mwu,4.5286
4ehe,6.6262
4ie4,5.4196
4jmu,6.3266
4lge,5.9605
3w1f,7.2654
4bdk,7.1493
4ezj,7.5487
4hbp,7.0911
3zly,5.8041
3zlv,5.4017
3zbf,7.5299
4gvu,6.7363
3w5t,5.9956
4ith,6.0758
4g2l,6.8512
4kbi,7.1886
4kb7,7.0768
4dhq,5.8883
4bcd,7.5209
3wab,5.7799
4lh7,6.2869
4joo,6.3756
4bdd,7.0182
4l2k,5.9837
3w33,7.3072
4i0s,6.8009
4k8s,6.9634
4dhp,5.987
4kw6,5.262
4itj,6.3733
4dxj,5.531
4nrb,5.91
3zls,6.1827
4jq7,5.9843
4bae,6.1379
4c4j,7.4285
4gv1,7.0644
4hyi,7.1584
4izy,7.2636
4j52,7.6159
4jnc,7.5736
4jnm,6.6065
4l6s,6.5699
4lgg,5.9207
4jlh,6.8572
4hxs,6.4391
4hxr,6.279
4hlw,5.7026
4kz0,6.6824
4k3k,6.0728
3wiz,6.9731
4gzf,5.891
4lts,6.8141
4mvh,7.3591
4ie2,4.5585
4j06,5.959
4eev,6.9216
4htx,6.5724
4i33,5.7795
3wi6,7.5061
4mcd,5.8603
4mep,6.3643
4kin,6.7434
3v3m,6.6434
4mzk,5.5934
4mbc,6.7974
4j1i,7.5296
4b80,6.9511
4bek,5.9762
4jbp,7.2319
4ln7,5.6786
4b82,6.9598
4mk7,6.2789
4iti,7.1361
4idz,4.8316
4bj9,6.5858
4jib,7.6221
4k2y,5.7133
4fyo,7.0875
4jpe,7.0374
4e1e,6.3201
4kc2,5.9471
4j1c,7.2655
4ksq,7.5923
4m84,6.7093
4n4t,6.593
4b7z,6.8428
4bgh,7.0656
4jai,5.9147
4l52,7.5899
4lxk,6.9713
3zmh,6.0412
4j3d,5.8037
4jaj,6.0633
3wc7,6.9578
4j70,6.9087
4bic,6.0688
4fgy,5.7633
4hze,5.4768
4kai,7.2052
4mot,7.3005
4j0p,7.2771
4bhz,5.3108
4j17,7.3085
4l0l,6.2514
4m6p,6.9722
4au8,6.456
4gk3,6.6853
4k60,5.5798
4kn4,6.2498
4dwg,6.3124
4bi0,5.1768
3waw,6.9709
4kc4,6.0299
3w69,6.3306
4i32,5.7208
4l2f,6.2407
2yoj,6.9953
4i6f,7.2113
4i6h,7.0669
4jzd,7.4801
4dhu,5.8304
4jvi,5.9018
4kba,7.3216
4ixh,6.4741
4m6q,7.0185
4ifh,6.8765
4hyu,7.3111
4mds,6.6551
4bhn,6.5042
4bw2,6.3965
4ezk,7.5121
4b70,6.4984
4fxf,4.9578
4kbk,7.6192
3zim,7.1637
3w2s,7.1231
4anq,7.1949
4hxq,5.3097
4mbj,7.3826
4is6,6.1316
4ark,6.3764
4msk,6.9161
4ehg,7.2538
3wff,5.8262
3w2q,6.9689
4l0t,6.2683
4l0b,6.5345
4i06,5.677
4klb,6.1495
4hvi,7.4166
4bi1,5.3284
4bs4,6.1443
4bs5,6.7683
4c4h,7.5128
4kju,6.3876
4iks,6.7772
4aua,5.327
4bdj,7.2834
4li8,7.0483
4bio,5.6946
4gj6,6.3957
3vry,7.1516
4bid,7.1104
4b77,6.8638
4kzl,6.4586
3uli,7.4766
4l10,6.506
4fgx,6.6053
4jsc,6.2709
4mwx,4.4208
3w32,7.3128
4mgv,5.3368
4bdg,6.4484
4bdh,5.6081
4k9h,7.2054
4j0z,7.339
4lh6,6.2597
4c66,6.4816
4do3,6.0791
3rtp,7.2293
4alv,7.0491
4l33,6.4155
4jze,7.3637
4kip,7.3174
4mbi,5.9954
4b83,6.8335
4kzc,7.3357
4hzz,5.0098
3wd9,7.0835
4ie0,5.432
4i5m,7.3621
4jkt,6.2247
3zo2,6.3076
4bdf,5.6652
3w2p,7.0572
3w2o,6.8811
4bdb,5.3785
4l09,6.3433
4b85,6.7861
4mwy,4.5504
4e90,6.8181
4eqc,7.521
4jq8,6.4975
4ie7,5.8674
3vzv,6.6519
4muw,7.4572
4hg7,6.2756
3wi2,7.1697
4bi2,5.3245
4jpc,6.6448
4bfd,7.3107
4ie3,5.5902
4l7g,6.7147
4bcc,7.2806
4byi,7.1927
4mk9,6.7972
4lop,7.3518
4loq,7.3329
4avt,5.5535
4f7l,7.1907
2yns,6.0265
4kln,5.4431
4fil,6.2217
4f6w,7.2886
4gpk,5.8043
3zi0,6.0107
4ly1,6.981
4ggz,8.531
4i9h,7.2179
4bg6,5.9545
4cfe,7.3609
4fr3,5.6324
4ko8,5.3967
4hy9,6.0221
4f7n,7.2177
3zhz,6.0231
4kom,4.7234
4k9y,7.3367
4i54,6.5137
4jyb,5.1814
4loh,5.8527
4hpy,6.8472
3wdz,6.266
4g4p,4.9054
4bcq,7.5142
4b8p,6.0144
3zke,5.9135
4lkg,4.6613
4loi,5.7943
4lxz,6.4588
4lg6,5.576
4lrh,6.4824
2rt5,5.5163
4lwc,6.0021
4lhv,5.3121
4jyc,5.444
4lkj,4.6701
3zhx,5.1826
4iaw,5.8538
4iuo,5.1992
4btk,7.3046
4gqp,5.4111
4li0,5.3868
4iax,5.7518
2m3z,5.9934
4jgv,5.8322
4iue,6.3433
4io2,4.5722
4nj3,7.313
4gv8,5.4106
4kon,4.2877
3zh8,6.8488
4b7p,6.394
4hyb,5.9852
4n07,6.7901
4jfk,6.8283
3zll,5.3564
4ezo,5.6817
4loj,5.8743
4cff,6.3572
3w07,4.6829
4b33,5.2952
3v2p,5.8664
4i67,5.6268
4b32,5.3677
3zk6,6.6445
3w9k,5.7406
3v2q,5.8664
4n6h,7.0726
4jbl,5.1535
4f0c,5.1351
3zlr,7.6347
3ux0,5.6076
4b2l,5.745
4hwb,4.8705
4kii,6.203
4ddh,4.7636
4e1k,5.7838
4bqg,6.2135
4mjo,6.3789
4k6i,6.7156
3zcw,6.1611
4nmx,6.0446
4fht,4.6967
4jff,6.2141
4f6u,7.2357
4b34,5.2128
4k4j,6.483
4m7c,6.5428
4hp0,4.8773
4irx,4.5724
4kao,7.0983
4hmk,4.2849
4hod,4.2966
4mz5,5.5415
4de5,5.2448
4fzj,5.8855
4fmn,5.9661
4jnj,7.8811
4io3,5.0723
4l50,4.8787
3v2n,5.8664
4c4n,5.3451
4hbn,5.609
4km0,5.499
3zkf,6.0663
4g5f,5.2695
4kqp,5.1177
4az5,5.2074
4ch2,5.9529
4nkt,5.5305
4b2i,5.1154
4ezw,5.6266
4bgy,4.6517
4dlj,6.9273
4lkk,4.2619
4kne,5.1407
4ef6,5.0321
4azc,5.2838
4jn4,5.8577
4jne,5.8577
4b35,5.5673
3zos,7.0087
4hva,7.188
4jv8,5.5643
4km2,5.2359
4l4v,5.7596
4ksp,7.619
4ezx,5.662
4k3p,5.9608
2ynr,5.8667
4g5y,5.6445
4f70,7.2912
4i60,5.8069
4lps,5.4433
4bkj,6.8199
4br3,6.4776
4i9o,5.7026
4iut,5.4837
4iuv,5.4195
4knm,6.862
4jfl,6.8053
4bxu,5.6164
4bcs,7.0697
4i7l,5.2071
4att,5.461
2m0v,5.3639
4ceb,5.7609
4ht0,6.2105
4knj,6.4732
4bup,5.3591
4lbp,5.1494
4ido,5.4948
4i9r,5.7933
4bi6,4.703
4mr3,6.0938
4mr4,6.1546
4k3q,5.864
4fcm,6.1045
4j2t,6.1475
4c73,5.1523
4c0r,5.5033
4apo,5.8622
4igt,5.9637
4i2w,5.9768
3zhf,5.4682
3wde,6.2737
4bh3,4.568
3wdc,6.5266
4hs8,6.9631
4i2z,5.5512
4ipj,4.6762
3w5n,4.5295
4ijl,5.3018
4i9u,6.8291
4hpi,4.8773
4aif,5.8919
3vvy,5.8116
4luv,4.806
4k3h,4.9293
4bt9,5.7227
4kn1,6.7112
4cgj,5.6734
4ieh,7.4155
4ikn,5.5831
4j7e,6.7212
4io6,4.5532
4c1m,5.5066
4aq6,5.1236
4bks,6.719
4ear,7.4992
3vx3,5.1945
3zp9,7.0069
4j8b,6.145
4as9,6.3028
4kni,6.6987
4knn,6.6394
4ad6,4.7082
4kox,5.9652
4i9s,5.8223
4bqt,6.1952
4klv,5.7915
4j8t,6.1741
4j3l,7.2802
4au7,5.3621
3vw2,5.6551
4j86,6.2493
4jg0,6.5836
4kov,6.0377
4bgx,4.223
4kax,5.9421
4auj,5.3067
4ayu,5.518
4fz3,5.7448
4f9y,6.9751
4kby,6.0008
4j22,6.7741
4mm5,6.463
4ih6,6.358
4gvc,5.7298
4ljh,5.3317
4hfz,6.0495
3vzg,4.8233
4k0o,4.9841
4bb9,5.5477
4b3c,5.2731
4b3d,5.2444
4jn2,6.6183
4l4z,4.613
4iuu,5.4396
4ezy,5.6894
4jin,6.1933
3zi8,4.7687
4gs9,6.0616
4i8x,6.3094
4dli,7.0557
4lno,4.665
4jx9,4.8945
4dzy,5.0618
4jiz,6.1521
4bqh,5.9216
4iur,5.4489
4kmz,6.6415
4fmo,5.8548
4hj2,6.25
4ba3,5.8428
4nxu,5.4263
4j84,6.1096
4lar,5.4051
4j8r,6.7885
4j7d,6.1805
4j93,5.7124
4luz,5.6339
4del,5.7956
3vw1,5.9115
3vw0,5.8906
4nku,5.9122
4io7,5.112
4jv6,5.231
2ypo,4.8618
4l58,5.3559
4j78,6.0822
4i1r,6.409
4izm,4.6999
3vws,5.6211
4io8,6.3923
4aw8,5.6363
4g8o,6.0001
4g8r,6.0001
4hso,4.8269
4jg1,6.5515
4m1d,7.0942
4io4,4.5532
4bkt,6.8631
4c6u,5.152
4c6v,5.1437
4b3b,6.2678
4mr5,6.0165
4mr6,6.0907
4k3r,5.8255
4jal,5.2809
3vvz,6.182
4bi7,4.7863
3wb5,6.7696
4gvd,5.5912
4j74,5.7243
4j73,6.3238
4jjm,6.8984
4igk,6.2432
4k3m,5.6681
4ht2,6.01
4gng,5.2124
4mmf,6.4914
4hu1,5.1452
4hnn,5.0231
4k55,5.793
4nk9,6.8713
4i9c,5.7025
4f6s,7.2739
4efk,5.6336
4ifi,6.1356
3zdv,5.8078
4jfm,6.813
4gne,5.2319
3zln,7.242
4j77,5.5718
4n7j,6.1893
4n7m,6.6797
4ddm,5.7376
4gw5,7.0441
4kot,6.0167
4ksy,5.7728
4b60,6.0557
4kmd,6.6202
4nxv,5.4863
4fgt,5.9961
4igq,5.6655
4g93,6.2068
4hs6,6.4581
4j81,6.2707
4nka,6.8402
4i7p,5.158
4mme,5.5004
4jfe,6.2427
4avs,5.518
4eoy,5.6585
4bh4,4.6525
4l6t,4.9634
4kp8,6.7552
4azi,6.0393
2lyb,5.9307
3wb4,6.4866
4k3o,5.864
4jfx,6.7533
2m0u,5.567
4jfd,6.2227
4ge1,5.9673
4k67,4.2589
4jpy,4.9898
4kcx,6.1706
4mnq,6.3555
3zm9,7.3834
4j21,6.2939
4jvb,5.5682
2ypp,4.8902
4b8o,5.5695
4btm,7.3077
4ej8,5.1389
2m0o,5.9334
4kod,5.6625
4jck,4.0496
4lkf,6.3234
4lke,6.2492
4k19,6.1513
4b9h,4.927
4lkd,6.3917
4jwk,4.8165
4ipi,4.6866
4ipn,4.4595
4kn0,6.837
4hfp,6.7515
4gw1,7.1731
4mm4,6.2094
4gu9,6.6904
4j82,5.8618
4gu6,7.3343
4nbn,6.7867
4gnf,5.2023
4cc2,4.9643
4cc7,4.8373
4ayq,5.4421
4ijh,5.5394
4i7j,5.1816
4kow,6.0489
4bea,6.7574
4dx9,5.3594
4bj8,8.5943
4ddk,5.0732
4e70,5.7679
4gxl,5.24
4lp6,7.364
2lsv,5.39
4l1u,5.4419
4j2c,5.7617
4idn,5.4585
4f7j,7.1841
4kfq,5.8048
4hmq,6.0301
4gue,6.1503
4ih7,6.3433
4jc1,4.0496
4kn2,6.5764
4k66,4.3685
4ib5,6.9652
4k0u,6.1033
4azb,6.1481
4luo,5.4064
4hiq,6.2317
4jr0,6.1323
4ezr,5.4587
4ezq,5.6147
4lk6,5.1956
3vfq,5.2258
4ezz,5.6106
4k5y,6.7916
4n5d,6.816
4gny,5.9471
4k63,4.658
4jmx,5.8394
4ht6,5.7525
4igr,5.3754
4j8g,5.9454
2lya,5.888
4nra,6.3845
4nks,6.7656
4jkw,5.4725
4jpx,4.8694
4h85,4.6713
4ejl,4.7702
4ezt,5.8619
4h81,5.1841
4b6u,5.8171
4cdr,6.0022
4c1t,6.1291
4lw1,4.806
4jfz,6.559
2mc1,5.689
4cc3,5.4135
4i7m,5.3403
4cgi,5.6679
4ayp,4.2696
2lto,5.8942
3wdd,6.5723
4kzq,6.2584
4ih5,5.9483
4azg,6.0062
4loo,7.3837
4ly9,6.8431
4his,5.9442
4h7q,5.3182
4c94,6.1084
4c1u,6.1423
4ghi,6.2229
4kp5,6.7546
2m41,6.136
4h3q,6.1532
4iho,6.1032
4jym,5.2485
4lk7,4.9158
4io5,4.5661
4np9,5.5294
4mz6,5.5101
2m3m,4.7329
4btb,5.7961
4i7k,5.101
3vfj,6.3488
4kab,5.1285
3ueo,5.4005
3w0l,4.7807
4k8a,5.7726
4l51,4.5183
4ayr,6.0031
3zjc,5.1096
4k1b,7.4016
4gbd,6.7094
4gih,7.1625
4kb9,6.7081
4fp1,4.7736
4gmy,6.8228
4jk5,6.7981
4fxy,6.8527
4ijq,5.9582
4gd6,6.2175
4hw2,5.6096
4lmn,7.0624
4jk6,6.7893
4gfm,6.4589
4gs6,6.6882
4hra,6.7659
4bny,6.4155
4hvb,7.3829
4bcm,7.5728
4imz,6.7746
4bco,7.5366
2yol,7.1702
3zcz,5.4182
4ew3,5.8668
4hgc,6.4366
4ivc,7.1788
4m1j,6.1305
4isu,6.3063
4ew2,5.9414
4gfo,6.7485
4gql,6.5367
4gr0,6.5731
4btx,7.1872
4hw3,5.5341
4da5,6.5139
4ivd,7.1484
4ca5,6.8329
4bt4,4.9015
4ks2,5.5416
4hev,5.5672
4jfw,5.6483
4mss,5.5202
4jfv,5.175
3v0p,5.5746
4inh,6.7952
4hnc,5.2659
4jia,6.9081
4m0e,6.1211
4mdn,6.4585
3zmm,7.1244
4bt3,4.9015
4mf1,7.4159
4eos,6.6717
4eol,6.6621
4eon,6.6759
4eoi,6.669
4eop,6.6822
4az6,6.2716
4hws,7.3372
4jh0,7.0855
4baq,7.3467
4i72,7.3908
4hxz,6.251
4bps,5.4291
4bam,7.369
4k18,6.925
4heg,6.7305
4bak,7.4295
4hz5,6.3139
4kyh,6.6871
4mdq,6.5484
4gpl,6.0318
4iu0,5.1307
4gj3,7.2396
4i5c,7.1766
4ks1,5.5486
4f3c,6.8041
4imq,6.7046
4bt5,4.9015
4m0f,6.7721
4j45,5.0942
4j44,5.1786
4gii,7.1328
4ish,6.7004
4ivb,7.1018
3zcl,6.8307
4mo8,5.4579
3zn0,5.915
4in9,5.7176
4k5o,5.8871
4jjf,5.6392
4jyu,6.651
4bxk,6.6014
4f9w,6.9282
4bcj,7.194
4k3n,5.358
2yoh,6.3021
4jsa,4.9388
4k5l,5.5172
4j47,5.1836
4i8w,6.6693
4k5n,5.9617
4bcn,7.3067
4j5p,5.9415
4ele,6.801
4ks5,5.9717
4mjp,6.5678
3wjw,4.4956
4axm,6.8572
4gr8,6.2717
4ivk,6.2216
4iic,5.5385
4gr3,6.487
4eb8,7.4854
4m48,6.5196
4k0y,7.3501
4n6z,7.2343
4hla,6.7209
4hwp,7.2284
4c6x,5.6238
4jyv,6.7666
4jfi,6.4386
4ca6,6.946
4hwr,7.2136
4i71,8.1025
3zmz,5.9654
4kyk,5.5037
4i73,6.3284
4i74,6.3284
4k5m,5.5201
4mjq,5.1247
4n70,7.4795
4bah,6.6928
4j28,5.6802
4jfj,6.817
4kp0,6.034
4j48,5.3533
4ban,7.3536
4iid,4.8546
4gj2,7.2368
3vtr,4.867
4kww,5.0296
4hwo,7.2176
4mm6,5.7999
4mm9,5.5083
4ca8,6.9939
4n99,5.782
3zpr,7.475
4bch,7.7494
4hzm,5.6209
4i80,7.2425
4mm7,6.1179
4k77,7.0393
4lch,5.4333
4bds,5.4979
2yof,6.6548
4j03,7.223
4amw,5.4574
3zmt,5.9843
4n98,5.0873
4mjr,5.7963
3zn1,6.0338
4hy1,6.7073
4hxw,6.4076
4jjg,5.5383
4k6z,7.1
4bs0,5.0785
3v0l,6.1177
3zpt,6.3444
4hdf,6.721
4m2r,6.0187
4he9,6.807
4jft,5.4433
4j26,6.3616
4hdp,6.778
4c70,5.948
4lh3,4.9545
4lpf,5.1539
4kzu,6.2825
2yog,6.7055
4ccd,5.0358
4bvb,7.0334
4h42,6.5181
4k5p,5.7687
4c6z,5.2686
3znr,6.9259
4m2v,6.0443
4c71,5.9952
3zns,6.9587
4bao,7.4389
3zpu,6.0393
4iie,5.7334
4giu,5.3349
4bbg,5.4494
4ks3,5.9275
4ca7,6.9598
4lvt,8.0602
3zdh,5.5611
3zmu,5.9346
4bck,7.4168
4ij1,5.449
3zps,6.0577
4elb,6.7713
4f2w,6.6072
4j46,5.2075
4mfe,4.608
4jfs,5.4744
4jsz,4.9099
4eor,6.8104
4jss,4.8682
4iwz,6.1631
4m2w,6.2026
3zmv,5.9342
4bcp,7.5234
4lh2,4.5682
4iq6,6.7958
4lxd,7.4513
4gfn,6.0776
4lko,7.1163
4amx,4.6581
3w37,5.6375
4iif,4.8718
4gkm,5.4425
4elg,6.7812
4bqs,5.494
4n9a,6.312
3zpq,6.6601
4iva,6.938
4f3k,6.7859
3zbx,6.9973
4bci,7.2608
4hym,6.5543
4lrr,5.6135
4isi,6.8716
4gly,6.3938
4ks4,5.7453
3zc5,7.0356
4kx8,5.7596
4kxb,6.1267
2lwi,5.805
4mm8,5.6722
3zdg,5.0372
4bcf,7.6843
4bcg,7.7106
4n5t,6.8753
4elh,6.7812
4c72,5.1436
4mf0,7.2702
4hdb,6.6884
4i8z,6.719
4kvm,6.3614
4eok,6.8806
4m2u,6.1862
4elf,6.8006
4mma,6.2141
4n6y,7.1783
4jhz,6.4916
4kql,5.9317
4o12,6.1843
4c61,6.4491
4mqu,7.2403
4mha,7.3965
4jps,7.3624
4l4l,6.79
4lwu,6.2936
4d0x,6.0607
4ncg,6.133
4mzs,6.9221
4n9e,6.9987
3wcb,6.2749
4n9d,6.6658
4l4m,6.9495
4u45,7.1459
4n8e,6.9991
4d1s,7.0511
4lwi,7.1032
4lwh,7.0483
4d0w,5.9756
4k2g,5.1265
4nld,6.9443
4nw5,6.9109
4tw9,7.2034
4tyt,4.7021
4oon,6.3568
4j3j,6.8027
4kwp,5.7809
4d2v,7.7114
4wwo,7.0055
4twc,7.2699
4nxs,6.3411
4knb,7.3609
4k2f,5.1658
4oty,6.1629
4whh,6.6124
3wcf,6.3459
4o0z,6.8635
4cl9,6.4941
4kpx,5.5965
4pis,6.8681
4c1e,5.5824
4o10,6.8409
4lwe,6.8701
4mro,6.9948
3wch,6.2147
4piq,6.1396
4j1p,6.0862
4oas,6.8238
4pzw,6.9038
4op1,6.9472
4tn2,6.953
4wwp,6.9661
4uvc,7.2275
4o76,6.5321
4tkg,7.1307
3wcg,6.3371
4nzm,5.649
4ool,6.2709
4cku,7.1034
4ow0,6.9257
4w9s,5.7879
4wlb,7.6053
4ode,6.6542
4odf,6.6173
4ogn,6.6668
4ogt,6.6173
4phw,7.4367
4o1l,5.9921
4q6r,7.2476
4cc6,5.7957
4pnk,7.4832
3wcl,6.3459
4mzo,6.9171
3wci,6.2147
4tkf,6.403
4clb,6.5141
4o9s,6.6853
3wt5,6.6978
4ps5,6.4685
4pl3,6.6613
4mib,7.1338
4q1n,7.1047
4m7b,6.7297
4mex,6.5228
4u5t,5.1071
3wym,7.3065
4uv8,7.1358
4tjy,6.8277
3zmq,6.3361
4oya,6.9483
4cik,5.0749
4m8t,6.8705
4o1b,7.0261
4pvt,5.1674
4m3b,5.8498
4whl,6.5675
4u79,7.246
4tki,5.4156
4cqg,7.8026
4nzn,6.6942
4psq,6.8293
4pnr,5.2566
4lq3,5.955
4okg,6.8948
4bg1,5.5362
4ovz,6.843
4pvo,5.429
4oba,6.751
4c7t,7.213
4uyh,5.8811
4qt0,7.0026
4wj5,6.2608
3wnt,5.6536
3wnr,5.6536
4m3g,5.929
4m3e,6.0554
4pjt,6.1918
4oq5,6.1972
4bgm,5.4081
4lp9,6.1919
4jvq,6.7823
4olc,5.1967
4umu,7.5021
4c68,5.9434
4uzd,7.3309
4j5b,6.3134
4umt,7.6451
4l7d,6.5399
4cxw,6.5126
4pni,7.0628
4qn7,5.1021
4pv0,6.7665
4wwn,7.1269
4nau,7.1102
4o4r,5.9229
4n1t,6.0212
4tjw,7.0188
4uv9,7.1678
4m3m,5.4298
4w7t,6.8387
4urk,7.1739
4d2t,7.2702
4o72,6.0621
4pzx,6.9038
4op2,6.9214
3wns,5.0029
4j5d,6.4786
4n1b,6.2749
4p0w,6.6018
4hrc,6.6508
4p0v,6.1827
4p0x,6.0569
4qye,6.5486
4ux6,5.6098
3wke,7.0164
4cli,7.4613
4lqg,6.5913
4qyh,7.4873
3wgw,4.9993
4msu,6.7567
3wyl,7.3215
4bis,5.1398
4j59,6.4925
4nak,5.6701
4pnm,5.4833
4hrd,6.6256
4k9g,6.6424
4pnt,5.1844
4u03,6.1029
4u0m,6.1455
4u0n,6.1149
4oyb,6.9591
4uva,7.0969
3wt7,6.5806
4d09,7.2054
4j3i,6.1546
4knr,5.7674
4nhx,4.4335
4obz,6.0403
4c1c,5.7515
4bpj,5.8841
4nrt,6.3213
4rfy,7.4858
4ckr,6.5563
4qtd,7.4283
4d08,7.397
4o2e,5.8518
4qg7,6.111
4lv4,4.9782
4o7c,6.4728
4p74,6.2178
4pnq,5.2227
4waf,7.1457
4j5e,6.2133
4cxy,6.3532
4n8d,6.5781
4og7,7.2437
4nru,6.2411
4pp7,7.6405
4oym,6.89
4pl5,6.5825
4ot6,7.3584
4na4,5.7121
4mwe,6.429
3wk7,7.3299
4p6e,6.851
3wv2,6.6809
4qga,6.2225
4l7o,6.5517
4mwc,6.5415
4u93,7.2438
4o0j,6.709
4o7f,6.4595
4l7n,6.6947
4pkt,6.2159
4w9q,6.4533
4o91,7.285
4u6r,7.6392
4lq9,6.0799
4ok6,6.5769
4pkr,6.2232
4pks,6.6532
4m7x,6.1676
4lm5,6.165
4c8r,6.4263
4q9s,7.3447
3we4,7.4647
4no9,6.6263
4o13,7.1516
3wk5,6.7643
4jln,5.7258
4umr,7.1068
4hnp,6.5777
4mw6,6.5392
4p7e,7.0836
4l23,7.1252
3wkd,6.778
4md6,6.1143
4obp,6.6846
4oho,7.281
4i9z,7.2003
4cfm,7.3178
4ph4,7.0901
4o71,6.165
4kpz,5.917
3wkc,7.611
4og6,6.6182
4mw2,6.3355
4mw1,6.5177
4nan,5.472
4o70,6.1479
4o7a,5.4962
4oyi,5.5057
4wh9,5.8748
4o6e,7.3782
4qgg,6.252
4qgh,6.252
4rio,7.7557
4uwk,7.3752
4l7l,6.5376
4occ,6.7926
4cxx,6.8405
4d2p,7.2031
4p0n,7.6148
4l70,6.6216
4l7u,6.7869
4nal,5.6534
4l7b,6.3187
4nhy,5.8984
4tpm,7.3251
4txe,6.3742
4qlt,6.5723
4o77,6.2655
4tpp,7.6467
4tx6,6.6182
4tk0,6.4719
4u5j,6.9845
4x7i,7.3441
4pyv,6.9205
4o4k,5.0618
3wf7,7.6484
4mx1,6.0505
4o7b,6.5491
4uy1,5.7776
3ws8,7.0633
4rrs,6.8332
4o75,6.6602
4pkw,6.3014
4jlm,5.7482
4jvj,7.0528
4p73,6.0759
4c1f,6.0278
4k6v,5.982
4cfv,7.2902
3wf8,7.0859
4nw7,6.9469
3wyk,7.2497
4bfr,7.0648
4lng,7.3055
4nnw,6.4733
3w8o,5.284
3wv3,6.5867
4o1d,6.9905
4pid,6.4364
4nrp,4.4359
4muk,5.7183
4bzr,6.3277
4o74,6.6797
4otg,6.3641
4rro,7.2493
4nnn,6.4829
4lnb,7.2832
4no1,6.9778
4mvw,6.4707
4ohm,7.2143
4mx5,5.8904
4oz3,6.0162
4mvy,6.3733
4o28,6.9727
3wka,6.6077
4nwk,7.1332
4o15,7.1518
4rce,6.8865
4j5c,6.3478
4pnl,6.4417
4ctj,6.2158
4uvb,6.928
4knx,5.7314
4jpa,6.81
4nvq,6.5617
4c5w,5.0388
4oq6,5.0272
4osf,5.3426
4tju,6.3263
4cqe,7.6792
4p2t,6.9922
4pnc,6.5185
4lwt,6.5886
4m3d,6.1052
4pku,6.2281
4og5,7.2605
4ngh,6.205
4mw4,6.5563
4d2w,7.2015
4ok5,6.0456
4mwb,6.5195
4myq,6.9282
4tk5,6.3314
4w7p,7.3317
4mra,5.6825
4n7e,6.9278
4nat,7.2284
3wf6,7.0086
4d2d,5.4816
4bhf,5.1783
4nrq,5.486
4r6v,6.4024
4npv,5.9968
4ohp,7.1127
4urn,6.8096
4ov5,6.6324
4qls,6.5278
4wsk,4.9576
4o2f,5.8058
4oar,6.7522
4pl0,5.3671
4qtc,7.3665
4l2x,7.3105
4mw0,6.4163
4qsm,7.058
4r02,6.9964
4tlr,6.8232
4uwh,7.1499
4wcu,6.8976
4p1r,7.0103
4qyg,7.4465
4umq,6.6527
4oow,4.7994
4rcp,6.3468
4c1d,5.5824
4pyq,6.1551
4k6w,5.9337
4wgi,6.2175
4o78,6.4538
4m7y,5.9149
4qag,5.3362
4csj,7.6318
4m3f,6.1663
4rfz,7.5013
4oti,6.9992
4clz,5.8315
4qqc,7.2397
4mw5,6.4782
4pm0,7.0549
4wsj,4.9299
4nk3,6.5043
4nhc,6.009
4mao,7.2645
4j8m,7.3874
4rrn,7.3605
4nah,7.0872
3wk8,5.4123
4nw6,6.8853
4px6,7.1107
4ra5,7.3483
4rcf,6.8105
4uyn,6.9509
4o5b,6.7801
4o55,6.6256
4n1u,5.7652
4wn1,7.0
4u0g,6.6772
4l1a,5.9717
4pl4,6.6056
4pkv,6.1562
4o7e,6.1329
4mh7,7.369
4url,6.5969
4ojq,5.2674
4rg0,7.726
4cqf,6.2551
4o5g,5.06
4o43,5.4767
4o24,5.4047
4pf3,7.6909
4bgk,5.6667
4w9n,5.191
4lmu,5.4417
4q9z,7.1152
4to8,4.7926
3wf9,7.2943
4og8,6.8528
4mvx,6.4491
4od9,6.1818
4kcg,7.3112
4nus,7.4076
4ohk,7.1899
4olh,6.9427
4qo4,6.5262
4wki,6.7289
4nuf,6.0645
2mlm,6.0499
3wk6,6.4608
4mk0,7.0086
4qlq,6.8057
4mxc,7.2268
4lte,6.2113
3wkb,5.8306
4nrm,3.8886
4wz8,6.9872
4wbo,5.6718
4p90,7.5385
4py1,6.9979
4obq,7.3184
4q1s,6.2138
4bpi,6.0142
4fc0,7.7406
4qgf,6.1726
3whw,6.2108
4lwv,6.5594
4u0i,7.3441
4pce,5.6605
4c1g,6.0278
3wk4,7.3043
4l7c,7.4888
4pci,5.724
4p6g,6.8287
4puz,7.3157
4no8,6.9757
3wk9,5.2449
4ok3,5.4603
4jlj,6.8315
4wk7,5.9943
4r5n,6.8332
4rj6,7.2838
4ia0,7.1195
4obo,6.4998
4no6,7.0605
4uyd,6.2326
4lxb,7.4973
4ona,7.0631
4op3,6.9199
4uwf,6.6914
4uwg,6.6935
4qlu,6.5876
4twd,5.51
4cfx,6.977
4c1h,5.7515
4p75,5.7598
3wf5,7.344
4p72,6.0092
4u6y,6.4075
4v25,7.4839
4oc6,6.5533
4nwm,7.3271
4oq3,6.2686
4p10,6.3641
4u44,7.1188
4ogv,6.7926
4n00,7.4741
4rlk,5.6149
4rll,5.5377
4l7r,6.6138
4bhi,5.1809
3ws9,7.1915
4tpt,6.8245
4rj3,7.3843
4mw9,6.5797
4uzh,6.5663
4pmt,7.2623
4oth,5.7034
4urm,6.7318
4nb3,5.9608
4qyy,6.7604
4mo4,5.118
4w97,6.5982
4ncm,6.1933
4cg8,6.1284
4po0,5.7262
4u0e,6.1075
4wm9,5.6592
4u0s,5.3786
4nzo,6.5328
4w9h,6.7975
4oyk,5.5212
4o0a,6.0127
4usj,5.3327
4txc,6.953
4q3s,5.2633
4qnb,6.1075
4w9k,6.7752
4uu8,6.4811
4qab,6.6584
4v05,7.3326
4m13,6.9374
4m14,7.033
4tzm,5.9025
4mg8,6.6981
4pvv,5.6174
4q0a,5.915
4q3t,5.1073
4psx,5.5943
4m0y,6.4908
4q3u,5.114
4qaa,6.7248
4d3h,5.242
4c1w,4.1855
4tzn,5.847
4tzq,6.0656
4qnu,5.284
4mg7,6.8386
4nbl,6.965
3wha,6.9151
4mgc,5.3347
4qac,7.3696
4cga,5.7742
4o3u,6.103
4p00,5.9061
4p02,5.9061
4lj5,5.1201
4n84,6.5011
4n7u,5.4781
2mkr,5.5864
4q3r,6.7664
4r4i,5.8572
4n7y,6.4875
4r4t,6.037
4w9j,6.7338
4np3,6.6574
4oag,5.4864
4pow,6.0777
4cg9,6.313
4q6e,7.122
3w9r,6.0584
4pfu,4.238
4ktu,6.5491
4kxl,6.1761
4msl,5.4281
4utr,6.4018
4utn,6.3698
4m7j,5.0321
2mg5,5.4047
4uu7,6.3697
4oo9,7.303
4pxf,5.7862
4kxn,5.9572
4ocp,5.6922
4pd8,6.3769
4qxr,5.4332
2mwp,6.3791
4m12,6.9461
4qfs,6.407
2mow,5.5683
4l3o,6.5241
4p3h,6.7774
4w9i,6.8087
4qh7,5.4196
4mrg,5.6414
4cki,4.9232
4csd,5.1116
4onf,6.5276
4rdn,5.2169
4u0f,6.7844
4cfl,5.5739
4mga,6.8723
4ouj,4.2207
4psh,5.5048
2mpm,6.1747
4q3q,5.0927
4tkn,6.6324
4wk1,5.4522
4qdk,5.1985
4rww,5.0887
4oys,6.861
4u0u,5.381
4jmg,6.6369
4lj8,5.2522
4r4o,6.0163
4rqk,6.4963
4oee,5.134
4mn3,6.5709
4lbo,4.6025
4q9o,6.2363
4ndu,4.4424
4d1d,5.5572
4o2a,6.4034
4qq4,5.0336
4qxq,5.4123
4tv3,7.3318
3wp0,5.8107
4w9d,6.7001
4qc1,5.4501
4tsx,6.7079
4c3k,4.9684
4ozl,4.9633
4ibc,5.1772
4ibg,5.0998
4nj9,6.137
4qsu,5.1295
4qsv,5.4945
4o2c,5.8856
4poh,6.4969
4oi6,3.8905
4c16,5.7549
4nmv,5.618
4mrf,5.4267
4nms,5.6562
4p4s,5.5163
4qht,5.1155
4rpn,5.0612
4ce3,6.4046
4q4s,5.5195
4wk2,6.0363
4kva,5.3661
4k10,5.3399
4r7m,5.9901
4lbl,4.5731
4phu,6.7097
4mrh,4.8487
4qh8,5.1741
4u4s,6.5572
4pd7,5.4872
4pz5,5.8324
4n9c,5.4895
4q0k,6.1958
4nl1,4.9431
4prb,6.6136
4wvl,6.3823
4k43,6.6763
4rvr,6.5378
4nbk,6.1809
4pd5,5.6163
4m8e,6.5
4l9i,6.3883
4pnu,6.3636
4pgh,5.4081
4wj7,5.592
3wp1,5.7019
4nmt,5.6034
4ckj,5.0032
4m5j,5.2931
4kif,5.1605
4uof,5.1272
4nmo,5.5674
4w50,6.5855
4qtn,5.8346
4ce2,6.4542
4pul,5.5368
4kv9,5.3573
4pg3,6.4597
4qlv,6.5408
4ovh,6.3056
4o4y,6.4951
4k7i,4.447
4mmm,4.8804
4pb1,5.3309
4ci3,6.8521
4pp3,6.6485
4uxq,7.4254
4q4q,6.4381
4ogj,6.4685
4qem,4.9244
4lzs,5.4789
4pb2,5.3016
4lov,4.5736
4oef,5.7225
4k8o,5.1571
4muv,5.7133
4tu4,5.9952
4ci2,6.9019
4j09,6.0052
4uoh,4.9749
4m5l,5.4428
4pre,6.6544
4cy1,6.0576
4mp7,6.5768
4pum,5.5368
4qsx,6.0176
4pp5,6.5242
4m5m,4.8186
4cu1,6.3564
4mmp,5.6237
4tk1,5.5754
4tk2,5.5776
4d1a,5.3778
4usw,5.4192
4pzv,6.1028
4mg9,5.316
4ncn,5.3325
4u7t,5.3178
4jmh,6.141
4c52,6.7549
4n7g,5.8229
4prn,6.6185
4pr5,6.7211
4pra,6.6681
4prp,6.6681
3wig,7.1188
3zev,5.5414
4pft,5.686
4mg6,5.2419
4nrl,4.0883
4my6,6.2542
4q6f,5.4343
4up5,5.0427
4qf7,5.8176
4kxm,5.7031
4o3f,6.88
4uwl,6.7855
4ll3,6.7289
4qij,6.2581
4r4c,6.0506
4mgd,5.4407
4tpw,7.1048
4mue,5.7309
4tte,5.9193
2mwo,6.4404
4lzr,6.5327
4oru,4.7238
4ibd,5.6867
4cig,5.5666
4lnp,5.1401
4v27,5.1769
4qsw,5.1166
4w9c,6.7514
4rpo,5.3248
4oeu,5.3013
4ofl,5.2092
4qev,6.2622
4tt2,5.1487
4lyw,6.576
4mpn,6.6127
4myh,5.5188
4psb,6.2879
4ocq,4.2346
4oz1,5.4798
4ln2,5.1566
4ci1,6.8084
4nrk,4.0405
4prd,6.7163
4prh,6.6874
4qk4,6.4018
4c1y,4.5178
4cjq,5.8803
4m8h,6.5
4uyf,5.927
4uyg,5.8098
4qbm,5.8993
4ck3,5.7085
4cu7,6.111
4ibb,6.0654
4lbu,6.4858
4nym,6.5002
4nvp,5.7484
4pmm,7.2537
4k42,5.7995
4og3,6.8485
4leq,5.8464
4uac,6.2276
4myd,5.1484
4orx,4.7588
4ory,4.6524
4nmr,5.0809
4qer,5.1685
4ruu,5.7394
4m5h,5.3933
4d1c,5.857
4pio,5.2196
4qqi,5.9653
4qxo,5.4878
4nni,4.9989
4w9f,6.7708
4tq3,5.6209
4n7h,5.5062
4pf5,5.0791
4qfg,5.1003
4n6g,5.9881
4mgb,5.433
4tmp,5.1401
4tun,5.116
4w4z,6.7211
4trc,6.0881
4qf8,5.0538
4nmq,5.6101
4nyj,6.2827
4w9w,6.8019
4k7n,4.7777
4oks,6.724
4q4o,5.7614
4mq6,5.6653
4jzb,5.3812
4puj,5.7676
4g2r,6.2899
4tz2,5.8322
4mp2,6.4719
4or0,5.6348
4ibf,5.753
4q4r,6.5229
4d1b,5.4364
4pd6,5.3333
4ogi,6.6797
4qgd,5.4545
4usi,4.2466
4wt2,6.8509
4cc5,5.4473
4p5z,6.8634
4w9x,7.2543
3wgg,5.9396
4pp0,6.224
4je7,6.4939
4qpl,5.4518
4o6w,6.014
4c5d,6.7331
4nyt,4.7425
4mg5,5.0318
4us3,4.7696
4us4,4.7254
4mdr,5.9855
4q4p,6.48
2mov,5.4099
4rrv,5.6811
4p4t,5.4284
4ce1,6.4542
4mpe,6.6589
4mrd,5.1585
4q6d,6.5129
4r91,6.543
4cj4,6.6513
4o36,6.4241
4o3t,5.9885
4mnp,5.3357
4mzf,5.54
4muf,5.7724
4lys,6.8063
4ibj,5.8839
4pd9,5.2164
4cjp,6.671
4d1j,5.8345
4c9x,6.2771
4u43,6.4001
4ny3,5.663
4nyf,6.4189
4u0c,5.8122
4u0d,5.8122
4m3p,4.7322
4ozj,5.0491
4ozn,5.0482
4pin,5.1547
4pov,5.7681
4n9b,6.5392
4r6w,5.3702
4r6x,5.3702
4w9g,6.847
4np2,6.5921
4non,5.2116
4utx,6.4653
4uua,6.4937
3wqw,5.1316
4m5k,5.3913
4ibk,5.1193
4tz8,5.5833
4k7o,5.1197
4o61,3.9083
4u0b,6.0067
4u0a,6.0013
4puk,5.5076
4r1e,5.8935
4clp,5.8875
4lpg,7.0509
4ua8,5.3513
4wiv,6.243
4nnr,5.9363
2mji,5.7919
3wqm,6.1622
4w5j,5.1324
4u0x,6.1976
4led,4.3579
4r5g,4.8395
3wqv,5.1316
4mre,5.3232
2mnz,5.2884
4m0z,6.9197
4qok,6.2265
4ono,6.0143
4m5i,5.2621
4kp4,5.0276
4nja,6.2089
4tyl,5.6287
4je8,5.4319
4mul,5.688
4pda,5.3591
4umn,7.0053
4ca4,5.7116
4mzh,5.3569
4q9m,6.2577
4o9w,5.9247
4o37,6.2787
4w9e,6.7587
4buq,5.7082
4pop,5.7519
4qfr,6.5083
4m5n,5.6922
4v04,7.1665
4v01,7.154
4pms,6.328
4wht,6.9643
4why,6.9932
4ibe,5.5918
4mpc,6.679
4k6u,5.7506
4ibi,5.2651
4d1y,6.3675
4whs,5.2347
4whq,5.2347
4whr,5.2716
4k6t,5.7078
4c9w,6.1726
4cjr,5.6202
4wf2,6.0218
4utv,6.3985
4r4q,5.6059
4ock,5.1796
4ocv,5.4539
4od7,6.0709
4um9,6.5121
4j7i,5.9155
4qkd,3.8747
4qjr,6.3972
4mji,5.8525
4nyi,6.6015
4qew,6.2556
4csy,4.8704
4qzs,6.143
4cs9,5.1568
4poj,6.6457
4wke,6.5368
4rn6,6.5788
4qsk,5.614
4qsh,5.4667
4tk3,5.4857
4tk4,5.4875
4oeg,5.7231
4jaz,5.3201
4lph,7.0027
4w9l,6.793
4uye,5.8297
4m5g,5.2444
4u4x,6.8666
4o62,5.5186
4lnw,5.5799
4nmp,5.6685
4pri,6.7163
4ql1,6.7267
4og4,6.8405
4wym,5.9853
4tsz,6.7497
4wmc,5.8798
4oct,4.1591
4pnw,6.3499
4rqv,6.2817
4l2l,5.8609
4cwr,6.9109
4cws,7.0215
4lv2,5.934
4qbb,6.1978
4r6t,6.2478
4ngm,6.1073
4jyt,6.7739
4jzi,7.2133
4len,4.662
4lv1,5.7571
4m8x,6.6723
4kz4,6.0554
4cwq,6.6452
4tyo,5.9358
4m8y,6.6427
4mhz,5.7396
4nue,6.2724
4qy3,5.0508
4wkv,6.3345
4cwp,6.9273
4cwt,7.1371
4ppb,7.1875
4na7,6.4498
4os2,6.4848
3zj6,5.5197
4jit,5.9379
4lsj,6.7878
4cd6,5.5802
4mc6,5.6633
4kza,6.4353
4cd0,6.9156
4jz1,6.4311
3wmc,6.3922
4mhy,5.7396
4mc9,5.7087
4os6,6.4848
4ty7,7.0778
4lhm,5.5898
4j3u,5.3969
4wkt,4.7821
4qge,7.4672
4ob2,5.0818
4ob1,5.0818
4r8y,6.3669
4mlx,5.4386
4ocz,7.3421
4mse,7.0651
4o04,6.2495
4clj,7.4623
4n1z,6.1887
4p6w,6.3728
4pqn,7.7286
4r5v,6.5861
4o3b,4.8794
4cmo,7.1168
4kz6,5.7496
4ppa,7.1499
4l19,5.7997
4r5t,6.4966
4od0,7.2547
4nuc,6.3488
4ppc,7.1589
4r3w,5.1089
4kwg,5.4767
4msc,6.7792
4lkt,6.2196
4cd8,5.8688
4kzb,6.2301
4mlt,4.9978
4na8,6.3501
4oyt,6.594
4p5d,6.9393
4kz8,5.8301
4mnw,6.5183
4nwc,5.3097
4kz3,5.7219
4mbf,5.83
4m6u,4.8282
4o2b,7.0351
4mny,7.0475
4mqp,5.9751
4oc4,6.5246
4owm,4.55
4o9v,6.8651
4cft,6.0329
4civ,5.1883
4mnv,6.169
4joj,5.4829
4qir,5.3511
4r59,5.9619
4cd1,6.5292
4lm3,6.9458
4qgi,5.8566
3zj8,5.3242
4quo,5.4486
4os4,6.4902
4llx,6.4687
4n4s,6.9424
4k6y,5.6174
3wq5,5.9581
4kiu,5.3899
4ozo,5.3363
4mc1,5.6696
4o44,6.7335
4pcs,5.4754
4r76,5.9977
4r95,7.0537
4rak,6.2193
4ciw,5.1833
4ih3,4.9841
4keq,6.0504
4kwf,5.3111
4k78,5.6181
4omc,6.4554
4r93,7.2192
4rj4,7.1609
4w9p,6.6561
4llp,6.0953
4uub,6.3748
4mnx,6.6621
4obv,4.9306
4cpx,6.4366
4nga,6.6967
4rj8,7.15
4w9o,6.6414
4r5b,5.7508
4cae,6.7826
4cpq,5.8214
4jxs,6.1893
4jog,5.0507
4cd5,5.4323
4jxw,6.0582
4c2v,7.2956
4ps8,7.167
4q1c,5.5982
4wku,6.3345
4jls,5.9749
4bf1,5.9066
4o3a,5.1957
4o3c,5.1908
4os1,6.4902
4tw8,7.0764
4cwn,6.5969
4tpk,6.9091
2yne,6.7527
4p5e,6.6856
4pqa,5.6343
4o0t,7.333
4cpz,4.9855
4ovg,6.3548
4cpt,6.4592
4o09,6.3414
4q93,5.6654
4rj7,6.8169
4os5,6.4902
4g95,6.8966
4os7,6.4612
4oc1,5.9367
4p58,5.6648
4cd4,5.4524
4tw7,6.7166
3wq6,6.3447
4ciy,5.2584
4joe,5.0942
4ngr,6.2687
4cpu,6.4674
4wks,4.4481
4ps3,7.0715
4r5a,5.9508
4kz7,5.5962
4lv3,5.4012
4o0v,6.8374
4k1e,6.4528
4mvn,6.0459
4nwd,5.3245
4uma,5.592
4mrz,5.9107
4qme,5.1957
4ty6,6.6205
4cpw,6.3901
4oc0,5.9255
4jxv,5.9978
4cwf,5.5693
2ynd,6.7424
4cu8,5.6193
4q2k,6.712
4cix,5.2902
4owo,4.4635
4kwo,6.5059
4cpr,5.9515
4umc,4.9811
4o0r,7.3371
4nh9,6.396
4mi9,6.487
4o05,6.3675
4ou3,5.7497
4llj,5.7912
4n8q,5.0204
4p7s,6.3131
4p7m,6.3284
4ps7,6.5956
4r92,7.0983
4nh8,6.6648
4o97,6.9574
4cnh,6.7029
3wmb,6.1446
4v24,6.963
4bf6,6.4943
4k76,5.5427
4pee,6.109
4mic,6.8599
4ms0,6.3386
4na9,6.2768
4o07,6.376
4ntj,7.1874
4pp9,7.0152
4joh,5.1457
4lkq,6.2189
4owv,4.6152
4mi6,6.4532
4cpy,5.2946
4nh7,7.3483
4ual,7.5152
4ob0,5.5094
4mhs,6.6325
4oc3,6.6056
4oc2,6.5546
4cps,6.4794
4r5x,6.6311
4u8w,6.1295
4msa,5.8857
4mrw,5.919
4kij,5.4583
4nq6,5.9099
4itp,5.8786
4k75,5.5916
4lm0,6.5709
4oak,4.7605
4lm1,5.8125
4o0b,6.4545
4cwo,6.4391
4m0r,5.6951
4mc2,5.6696
4q1e,5.9121
4o0y,7.0418
4own,4.5922
4tw6,6.7213
4rj5,7.2939
4o0x,6.7185
4jof,5.018
4oma,5.2846
4kup,6.4415
4kiw,5.5068
4cp7,5.859
4pct,5.0346
4prj,7.417
4q18,5.8046
4ovf,6.2644
4mi3,6.639
4bzs,6.1829
4caf,6.7988
4ng9,6.6922
4loy,7.5179
4mho,6.3929
4q19,5.5088
4cq0,5.1182
4jok,5.4391
4oc5,5.85
4qkx,7.5667
4qhp,5.1989
4q1f,7.1973
4lm4,5.9568
4p6x,6.6013
4lm2,6.2294
4msn,5.782
4omd,6.4678
4llk,6.2945
4umb,4.9644
4o4g,6.2966
4wx4,7.0672
5ew3,6.7586
5bvw,6.9377
5bvn,6.8814
4uib,5.9355
4ys7,6.2901
5bpa,6.4705
4unr,6.7614
4zg7,6.4159
4u01,7.5482
3wv1,7.1245
5ak2,6.05
4qmn,7.2781
4yne,7.1154
5am1,7.0552
5bue,7.122
4xv1,7.6375
4qmy,7.2645
5a3t,7.2777
5cs2,6.8949
5d9k,6.9655
4xv2,6.9377
5am3,7.0164
5buj,6.9849
5bvo,7.1487
4otf,7.5766
4yl0,6.7771
4ylj,5.892
5alz,6.474
4yl3,6.1503
4ryg,7.1847
4zyi,6.2114
4yqh,6.351
5bve,7.1618
4qmt,6.5742
5ajx,7.1564
4wt6,6.9932
4xv3,6.9457
5d7r,6.5496
4qmp,6.4428
4x9v,6.6605
4x9r,6.64
4z1q,6.5488
5ake,7.0856
5cte,6.9282
4wsy,6.4699
4qmo,5.4754
5als,7.1995
4pry,6.4778
5ak0,7.2367
5alu,7.4388
5e1e,7.2039
4qmv,7.2908
4yk5,6.11
5d9l,5.7344
4zg9,5.9301
5d11,7.2915
4zjr,6.4878
4d2s,7.5636
4zga,5.8029
5aae,7.1087
4z2i,6.2189
5aaf,7.2663
4qpa,6.1454
5alg,6.8669
5d12,6.3759
5aag,7.2099
4q4i,5.5272
4rz1,7.2347
4wx7,6.5898
5apj,7.2905
4yv2,5.987
4zpg,7.0046
4ybs,6.0663
4zur,5.6772
5aep,6.7352
4y6p,5.6185
4nxo,7.0036
4qr5,6.2195
5aen,5.7681
5aph,7.0518
5ct7,7.5012
4qp9,6.7142
5d10,7.4275
4yps,7.278
5djv,6.634
4y6m,7.0383
5axq,7.7326
4wag,7.0306
4qmw,7.274
5ak5,7.2145
5bui,7.1666
5ai5,5.8828
5ajw,6.2206
4wq3,5.4762
4qw4,6.7674
5am4,6.7755
4y67,5.3028
4qoc,6.6682
4yll,5.8149
4zuq,5.6772
4x9w,6.2476
4ybm,6.0677
5d7c,6.8444
5a83,6.2636
5bvd,7.1518
4qo9,7.2004
4xt9,7.1019
5c83,6.3198
4zup,5.5095
5c26,6.7059
5aly,5.9427
4ylk,5.7647
4zpf,6.9202
5bvf,7.3083
4q4e,7.0987
4uia,5.9597
4xv9,7.5741
4uco,6.3243
4ybt,6.4329
4ymj,6.6258
5alf,7.0044
5aad,6.7353
4yl1,6.0605
4z2g,6.2143
5awj,6.6389
4qmz,6.4027
4zjw,7.5125
4qw3,6.1243
5ai9,6.4778
4unq,5.9669
5alk,7.0052
5akh,6.5784
4qr4,6.2631
4wpf,7.4859
5aln,6.3105
4qmq,7.139
4py2,6.0247
4zum,5.2104
4qp8,6.0097
5alm,6.5135
4qvl,6.1243
4uit,6.3862
4uns,6.5403
4qps,6.3567
4qws,6.7674
4yoi,6.2157
4x2i,6.4095
3wyj,6.0903
4wz4,6.34
4z2j,6.3935
4wnk,6.9996
4zyc,6.6386
4zuo,5.8391
4wtu,6.9178
4y73,7.7498
4yoj,6.2163
4unn,5.9062
4wzv,6.4159
5fdg,6.1358
4qvm,6.1243
4qw5,6.7674
4zpe,7.0214
5ctc,6.721
4qmm,7.2221
4zg6,5.8765
4qt2,6.026
5ajy,7.158
4ufz,5.4535
5ey8,5.5764
4wrs,7.0861
4xbd,6.2029
4yv9,7.0036
4y2x,6.352
4qw7,6.7674
4qwx,6.6893
4qwk,6.7674
5a0c,6.1538
4wvs,6.1158
4qzx,6.6893
5ajv,6.2287
4wf6,6.2224
4wq2,6.3707
5c84,6.1873
4qwl,6.7674
4zro,6.9376
5alo,7.388
5aki,7.1466
4qw1,6.1243
4z1s,6.5418
4ql8,7.4318
4rcd,7.1674
4udb,6.3416
4xg9,7.2729
4wp7,7.2468
4yrs,6.6802
4qvp,6.1243
4ya8,7.1918
5axp,7.7666
5f5i,6.1835
4xkx,6.9456
4qwg,6.7674
4wy6,6.1901
4xub,5.9441
5ald,6.7064
4rvm,7.2662
5ale,6.4273
5bpe,6.5887
4qwr,6.7674
4ptc,7.0369
5cf8,7.2381
4qxs,5.8881
4uxh,5.8579
5d1u,6.1544
4qxj,6.6893
5a5r,6.2513
5a5s,6.7983
4ztl,7.3714
5afx,6.6762
5am0,6.4339
4qw6,6.7674
3wzu,6.7203
4qmu,6.2429
4qr3,6.3789
4x47,5.0732
4z2l,6.1743
4xs2,7.3561
5a3w,5.7139
4yax,5.9897
4yrt,5.9229
4z2k,6.3935
4qwj,6.7674
4py4,6.5621
4z9l,7.1277
5auy,5.6145
4rss,7.2147
5d1t,6.0806
4yuw,6.0421
5am5,7.3539
4zsp,7.2118
4rxa,6.2569
4yog,7.0058
4wvu,6.3514
4xg8,7.2212
5c4u,7.004
5c42,5.5365
4u82,5.9048
4rvt,6.3804
5c7e,5.8841
5ap5,7.4219
5ap1,7.5734
4uxb,6.6146
4rs0,5.763
4zlz,5.6942
5a5p,5.8612
4w4x,7.6747
4u2y,5.0483
5c7f,6.3242
4twy,6.8454
4ykn,7.1282
4xsx,5.7009
4zh2,5.7009
5aux,5.4786
4xuc,5.7145
5c3k,6.0274
4wyo,6.9373
4y62,6.1095
4w4v,7.2375
4uvx,6.0474
4y46,7.3115
4y8c,7.302
4qmx,7.0998
5al3,6.0341
4re9,7.0311
4tvj,7.4035
4uiu,6.3281
4uvu,6.6569
5c0k,5.0038
5ci7,7.3783
5ai8,5.721
4yjn,7.1078
4zlo,7.3261
5alt,7.423
5ap6,7.2792
4rvk,7.3312
5djr,5.7011
4ucv,5.4401
5afk,6.5797
4rx9,7.3773
4y85,7.2494
4yp8,7.7618
4p4b,4.9406
4x7q,7.2427
4yzn,7.6546
5cqj,5.5529
4uiv,6.2423
4rn2,7.365
5aku,6.7533
4y2t,5.5125
4y5h,7.33
4zsa,7.1149
5bq0,6.0508
5c6v,5.656
4r6e,6.9843
4wno,6.7487
5aib,6.0695
5dda,7.2034
4p4f,6.575
4p44,6.7488
4p45,6.8117
5cy3,7.061
4xg3,7.1985
4uuh,6.5827
4y83,6.9164
5abw,6.1846
5ccl,6.7917
5cwa,4.9701
4p4d,6.4332
4p4e,6.4501
4yux,6.3494
4x6y,7.3072
4uiz,6.3903
4uvw,6.2188
4uw1,5.9402
4xe0,6.9795
4ztn,7.299
5a3n,7.3431
5c7b,5.0398
4xyf,7.0181
4qwf,6.7674
4wyy,6.1706
4x8g,7.0149
5ajz,6.1485
4zsq,7.25
4qz7,6.6834
4yo6,7.3589
4x6x,7.0569
4zim,6.9454
4uiy,6.5452
5a82,6.1053
5cf5,7.2744
4xsz,7.1338
4yad,5.988
5boy,6.4411
5d6p,6.4422
5dj5,6.3406
5all,6.0017
4xh6,5.9525
5alj,6.3854
4umj,5.4649
5eds,7.1602
4ynd,7.32
4qz6,6.6893
4yay,7.734
5ar4,6.5187
5ai0,5.6592
4ttv,6.5081
4v1f,5.5901
4yz9,7.1313
5a0a,6.3115
4xum,5.5349
4xg4,7.4407
5c4t,7.0197
4z90,4.216
4wpn,6.3251
4z7h,7.3785
5auu,5.5909
4y2p,6.9301
4x69,5.5144
4rxe,5.9386
4pv7,5.7654
4rsc,6.4396
5ctb,6.5806
4qna,4.9225
5a1f,4.4577
4wy3,6.8324
4ybi,6.7243
4rn0,6.958
4ztm,7.6042
4uda,6.2408
5ddd,7.3506
4xm7,6.6256
5ab0,6.9338
4xua,6.0503
4zun,5.218
4x68,6.4696
5av0,5.7574
4x49,5.2517
4uuq,7.4831
4x7o,7.675
4xmo,7.0628
4qz3,6.6893
4qwu,6.1243
4ura,6.139
4wz5,5.9382
4zs2,6.8538
5alx,6.4715
3wyy,7.3752
3wqh,7.268
5ap2,7.3315
4d2r,6.835
4tmf,5.7155
4y6r,5.2149
4qz0,6.6893
5a09,5.8859
4zly,5.3151
4qz1,6.7021
4zk5,7.6013
4xta,5.5087
5c4s,7.0571
4uxj,5.5199
4rxd,6.0532
5al4,6.7961
4xyc,6.1827
5auv,5.5824
4xg7,7.257
5ar7,6.9154
5ak6,5.6599
4uvv,6.0701
5ai4,6.8836
4w4w,7.1663
5akg,5.2645
4w4y,7.266
5afn,6.1385
5ap4,7.5957
4p4i,6.4288
4rx8,7.2139
4zsr,7.0669
5al2,5.5837
4x2l,6.0933
4rse,6.4509
5afl,6.8128
5bot,5.6233
4rpv,7.2142
4rx5,7.5662
4yzc,7.4749
4zom,7.592
4yvz,5.4749
4qvw,6.1243
3wyx,7.5598
4qwi,6.7674
4y2b,7.3642
5dls,7.5758
4yhf,7.47
5es1,8.107
4wvt,6.2982
4x6k,5.0932
5a3u,5.2667
4xjr,4.4985
5ai6,5.5314
4r1y,7.1478
5cf4,7.2747
4zh3,5.6197
4rvl,7.2169
5akw,5.598
4x7j,7.4645
4x7h,7.5207
5afj,6.4793
5alv,6.3897
4ucu,4.9541
5clm,7.0966
3wpn,6.0051
4yuy,5.4169
4v0i,7.1747
4tn4,7.2215
5d1j,7.0555
5aic,6.208
4zla,6.3405
5c7a,6.0122
4x7k,7.098
4z3v,5.8949
5ccm,6.9749
5a85,6.5304
4wy1,6.3015
4yzm,7.6925
4qz5,6.6893
5akz,6.2013
4uvy,6.1116
5ap0,7.4325
5c7c,6.4091
5d6q,6.4461
4ptg,7.1013
5ahj,6.2306
4qp7,6.2516
4uix,7.1067
4yfi,7.2724
5ar5,7.1368
4uiw,6.2731
5ap7,7.1212
4xxs,7.5192
4y2s,6.6975
5a6n,5.7692
4yv0,6.7455
5al1,5.7101
5cxz,6.508
4y29,6.5004
4s3f,5.0929
4y2u,7.2183
3wzk,7.1639
4y87,7.302
5ak4,6.458
4rx7,7.369
4xhk,7.3851
5a0b,6.0105
5cxh,7.1037
4qz2,6.6893
5c4o,6.072
5aia,6.9292
4qvq,6.1243
4zs3,6.7804
3wzj,7.3173
4xct,6.1263
5diq,5.6672
4tmr,6.5642
4zh4,5.4809
4ucs,5.0155
5fdd,5.7029
4tww,6.7176
5dde,7.5174
5ddf,7.3347
4x7n,7.1711
4qvv,6.1243
5alw,7.0628
4qzw,6.668
4qw0,6.1243
5djp,5.8409
4rlp,7.7816
4qms,7.2965
4z7i,7.0251
5c7d,6.1392
4qvn,6.1243
5ar8,7.3741
4p4j,6.4505
5afm,5.7073
5al5,7.0682
4xjt,5.6727
4trw,6.4852
4r5w,7.0756
4pte,6.7958
4uct,5.2101
4xjs,7.4362
4s3e,4.9376
5dd9,7.3393
4qt1,7.64
4qvy,6.1243
4x3u,6.2646
5cf6,7.1744
4z2h,5.8191
5ak3,7.0765
4yab,6.6883
5auw,5.5301
4y2j,6.9376
4ryc,7.1999
5ddb,7.2397
4yv1,7.1393
4xdo,5.2275
5a5z,5.1754
4wnp,6.7943
4xy2,6.9307
4yuz,6.2262
4y6s,5.2432
4yat,5.8755
4trz,6.5111
4w4s,6.6623
5am2,6.2033
5d1s,6.1471
4xg6,7.3309
4yyl,5.5165
4qz4,6.6893
4y32,5.7102
4xm6,6.6598
4y2v,6.2233
5ap3,7.4535
4xm8,6.6203
4ux4,6.6381
5auz,5.6525
5akk,5.9278
4x7l,7.1591
5ece,7.3261
4y2y,6.1223
4s2i,5.451
4wr7,5.4103
4y8d,7.3276
5bs4,6.2451
5aix,6.6069
4xtx,6.2293
4ww6,5.3314
4ww8,5.7114
5ah2,6.205
4zzz,6.802
3wtn,6.0926
3wtl,6.2918
5epl,6.7231
3wtm,6.345
3wzn,7.4532
4odl,5.9653
3wto,6.155
4zzx,6.8916
4x1s,6.4295
4xtz,6.3176
4wup,4.873
3wzp,6.3393
4yoz,6.1523
4odn,5.746
4wmu,5.8135
5agu,6.0061
4xrq,5.9203
4rd0,5.1262
4x8n,6.4693
4xii,6.8326
4zzd,6.5594
5e0a,4.3565
5c7n,7.0484
5cfa,6.0793
3wtk,6.2794
3wtj,6.2626
5agv,6.3909
4xu3,6.4441
5cp9,5.1571
4xu1,6.2912
4yee,4.3032
4z68,5.5324
4rd3,5.2214
4zhl,6.4545
5ai1,4.9081
5c11,5.1784
4ymh,5.4138
4x1n,6.4425
5cvd,5.6115
4zeb,5.8734
5a2k,6.4456
4zvi,6.0872
4x1r,6.3155
5e0l,5.1041
3wth,6.2986
4rd6,5.1361
4zb6,5.1771
4xtv,6.3077
5ais,6.6319
4xu2,6.2873
3wzq,6.3322
4x13,5.2086
4xty,6.3405
5d9p,4.8344
5aiv,6.5848
4yv5,5.804
4rt1,5.7609
4xu0,6.2408
4x34,6.3913
4tqn,5.4726
5c13,5.0842
4x0z,5.1898
5agj,6.9293
4cwb,5.5126
3x00,6.1365
4odm,5.5624
4xk9,6.9425
4xqu,4.611
4xkb,6.429
4tkj,5.7337
4xtw,6.2294
4zb8,5.2402
4wri,6.8769
4u5v,5.9466
4ris,6.703
4txs,5.4109
4tjz,5.7337
4rr6,6.062
4ra1,5.7494
4und,6.3653
4crj,5.154
4d4d,5.3474
4rme,5.687
4rxh,5.7944
3wti,6.0082
4x14,5.3231
5ct2,5.216
4y5d,6.5695
5eq0,6.8002
5cyi,6.7903
4zei,6.3704
4xkc,5.1651
4u5u,6.2484
4urx,5.5707
4cst,5.8609
4pxm,7.1767
4yc9,6.1557
4x3s,5.7858
4xyn,5.8085
4oex,7.0657
4yz5,5.5807
5a2j,6.4849
5c0m,5.4945
4z46,5.1764
4zec,5.7624
4ycv,6.4222
4urw,6.7824
4yw2,5.5207
4wph,5.804
4ymq,6.2164
4ysl,5.1065
4urv,5.7205
5ea3,6.4136
4zdu,5.8761
5cbr,5.8098
4tkh,5.5827
5epk,6.5517
3wvm,5.7337
4czs,6.5274
4xqa,5.8033
4wv6,5.5662
4x1f,6.887
4rlt,5.4207
5boj,5.7556
4ucd,6.7042
4x0f,6.3435
4w53,5.4038
5aba,6.4547
4twt,6.5909
4xxh,4.5256
5cst,5.1808
4yyn,5.6
4zmf,5.1234
4rgd,4.9306
4pgd,6.1574
5ea7,6.8938
5ajo,5.3028
5cyv,5.8737
5fjx,5.841
4y2q,7.1227
4qtl,5.8923
4rh5,6.1426
5aom,6.3871
5e1s,7.1777
4rlw,5.3198
4rra,6.0475
4y3b,5.6145
4zl4,7.1848
4yw7,5.1561
4pgc,6.232
4xya,5.9767
4wmx,6.3489
5efc,5.7295
5e1b,5.7144
5d1r,5.7867
5efa,6.1252
4ym2,4.6626
5acw,5.1299
4res,7.2081
4x5r,6.1563
4w57,5.6465
4rlu,5.3338
5d7e,5.4621
4oew,7.1449
4rrg,5.3289
4odk,5.4016
4qpd,6.4443
2ms4,5.8955
4xqb,5.7721
4wy7,5.9834
5ahu,6.4012
4q46,5.7365
4pg9,6.1407
4qjw,6.2092
4qxt,6.0484
4wop,4.7444
4z8a,5.3483
4cjn,5.8695
4x50,5.4162
4w5a,5.1652
4x63,7.4705
4pvx,6.164
4w52,5.2306
4pge,6.3279
5csz,6.7343
5a3o,5.4008
4rxz,6.4275
5am6,7.2826
5e1m,5.8946
5cin,5.9748
4nxq,5.7536
4w55,5.5661
5alb,6.7843
4tyb,6.2598
4crl,7.1717
4pvy,6.9911
4u0w,4.5894
4x5q,5.4507
4tky,5.7962
4ycw,6.73
4zek,6.5158
4xek,5.3818
4ydn,5.955
4zyf,6.3262
5e8f,5.189
4tkb,5.7337
4qjp,6.1403
4wz6,5.0946
4zzy,6.636
5afv,5.7019
5a81,6.1528
5azg,5.7438
4z89,5.1971
4q0l,6.35
4ymg,5.3499
5a5q,5.982
5aoj,5.7629
5dhf,6.1049
4y4v,4.8273
4q06,6.504
5a46,6.5057
4x5z,7.3003
5dqe,5.6782
4y94,5.3996
4rrf,5.4002
4r73,5.0789
5e4w,5.7641
5e73,5.8124
4yym,5.7488
4qp1,5.8652
4uin,6.7578
4xgz,6.4304
4ynl,5.0693
4x8o,5.4611
5dqf,6.5645
3x1k,4.9741
4z2p,6.7242
5cs5,4.9762
4or4,6.2993
4ret,6.7794
4xbo,5.1878
4x3k,5.2549
5a7b,6.3903
4yrd,5.5604
4x3t,6.163
5btx,5.3675
4x2s,4.6841
4ywa,4.6814
5dms,5.7149
4z7f,6.4288
5cqu,5.4892
4rwj,7.3551
5bnj,7.2386
5e8r,6.1294
4zba,5.1576
4urz,6.4936
4u5n,6.4761
4uc5,4.8044
4x8p,6.3879
4ycu,6.7166
4qb3,5.8746
4rrq,5.4048
4x3e,6.4122
4xcb,6.3384
4css,6.0455
4d62,4.5593
4ofb,6.3121
5e1o,5.7374
5ey9,5.311
4u5o,6.3822
5cbs,5.8135
4u5s,6.3926
2mps,6.8886
5ct1,5.1066
4wey,6.7371
4zph,4.9216
4z2o,5.5649
3wut,5.3797
4v11,5.751
4ym4,5.5064
4pgb,6.3329
5c3p,4.5035
4zji,7.2725
4qp6,5.7284
5dtj,5.3032
5eay,5.3596
5azf,5.8776
4rrr,5.4303
4x21,7.2398
4y16,6.4951
4qn9,5.9725
5ael,6.313
5c5h,5.7047
4xy8,6.8237
4wn5,5.9356
5ea6,6.8685
5e74,6.3997
4tya,5.0351
4cl6,5.8483
4u5l,6.1795
4z88,5.361
5e1d,6.4226
5d21,4.478
4xc2,5.8417
4yef,4.25
4r07,6.3584
4or6,5.6901
4omk,5.6471
4qjo,6.2963
5aer,5.7813
5cil,6.0495
4zt8,5.8844
4xtt,5.5202
4z93,6.0713
4wyp,4.5954
3wsy,6.166
4wet,6.7806
4xmb,5.6421
4u7o,5.5494
4cp5,5.1501
4xy9,6.2782
4nxr,5.645
5agi,6.9457
5ab9,6.4562
5aol,5.7702
4qj0,6.361
4ucc,6.7734
4u68,5.0271
4z6i,6.1577
5fjw,6.021
4x1q,6.402
5e0m,5.0081
4omj,5.7388
5a4c,6.8869
4x6s,6.1852
4y59,5.2148
4z7q,5.9497
4q08,6.4974
4qiy,5.9986
5a14,7.6732
4wyz,5.4286
4xhv,5.4683
4zme,5.0966
4qjx,6.1151
5cfb,6.9027
4qfo,5.7898
4ryl,7.1957
4r0a,5.8439
4r75,5.006
4qfp,5.457
4uil,6.8219
4x3h,5.7465
5dif,6.1708
4unp,6.2327
4pyy,6.3444
5ajp,5.2073
5dah,5.9035
4uru,6.2413
4ury,6.7574
4x5p,5.7906
5acy,5.8307
4q09,6.4537
4qjm,5.909
3wuv,5.237
5aut,5.8402
5ahw,5.6205
4zud,6.3299
4yy6,5.2985
4z6h,5.7276
4x1p,6.4903
5am7,7.2186
4qy8,6.1447
4rwk,7.3506
4yyi,5.1015
4uce,6.955
5bv3,5.6585
4w54,5.4829
5f2k,5.1633
4x11,4.5788
4pdk,5.7869
4qyo,6.151
4r3s,6.1656
4xcu,6.7081
4xh2,6.332
5cgj,7.0624
5cs3,5.5323
4qiz,6.2613
4q07,6.4501
3wuu,5.4527
5btr,5.8492
5alc,6.793
4zed,5.9753
5d1w,5.7182
4qfl,6.011
5ea4,6.929
4ux9,6.4093
4xt2,6.1316
4pyx,6.3842
5dq8,5.7323
5c5t,4.889
4zow,5.7565
4qfn,5.6474
4d52,4.3297
4wf4,6.7233
4ymx,5.5031
4ycl,6.3693
4qip,5.9546
4oiv,6.1578
4xx9,6.1571
4u54,6.3666
5ea5,6.7715
5a2i,6.4313
4ty9,5.4235
4x8t,6.1928
4wci,5.0077
5cc2,5.7292
4yw6,6.1805
4wmy,4.9443
4xmr,5.0254
4r74,5.036
4rwl,6.8296
4z7n,5.9033
4yp1,5.8501
4uu5,5.6815
4ty8,5.5033
4x5y,7.3554
4rcg,5.7517
4y7r,6.1458
4zjj,7.3596
4wmv,5.2189
5cso,5.121
4qp2,5.2751
5aoi,6.0996
5acx,5.161
5bry,6.2821
4crc,6.8348
4yth,6.9789
5dgu,6.669
5em6,7.153
4ytf,6.9657
5dgw,6.6439
4zhm,6.5105
4ytc,6.4711
5em7,6.694
4crb,6.8269
4yo8,6.0446
5dia,7.126
4rac,5.6464
5ceq,7.2194
4ynb,7.5857
4xuz,5.7638
4y8z,7.0671
4rab,6.0879
4x0u,5.6726
5bwc,5.2724
4cra,7.0259
4zbf,6.5615
4ran,5.6882
4crd,6.9106
4rad,5.7365
4yik,5.9727
5cep,7.2625
4zo5,6.7043
4yur,7.5068
4wkn,7.2101
4raq,5.504
4oel,6.5477
4o2p,7.1623
4zip,6.076
4wkc,6.8596
5em5,6.9688
5cjf,5.6636
4wkp,7.5171
4pv5,5.8377
4qhc,5.4631
5dhj,6.5455
4zbi,5.8612
4wko,7.677
4xj0,7.4127
4r0i,7.0354
4qll,5.1499
4z0k,6.6949
4q99,5.0183
4ty1,7.1825
4r3b,5.484
4qlk,5.0755
4wr8,5.96
4crf,6.5674
4q1a,5.6372
5cgc,5.8664
5cgd,7.2757
5brn,5.3666
4ymb,6.6707
4wrb,6.4225
5dhh,7.0973
4rhu,5.5321
4s1g,7.1998
5bsk,5.4317
5dhg,7.1563
4y8y,7.2151
5aml,5.713
5dit,6.6817
4zls,5.9993
5avi,6.2957
5em8,6.7551
4rhy,5.6162
5a69,5.8428
3wz6,6.0767
4yvc,6.7035
5cas,7.3447
4x6n,7.0682
3wz8,5.9029
5cau,7.2578
5e2p,6.7327
4rhx,5.7352
4ykk,4.8433
4yhq,6.213
4yt7,6.8249
5abh,5.864
3wz7,6.4137
4q1b,7.1636
4x6o,6.8724
4re2,5.2344
4u2w,6.5344
4zz3,5.8928
4riv,5.0832
4yve,7.1738
4twp,7.2115
4p6c,5.064
4r3c,7.0959
5fl4,5.5569
4xar,5.4213
4x6i,6.6359
5bml,7.2541
4zx0,6.0526
5a6k,4.9196
4rn4,6.9726
4xir,6.3559
4y79,6.8948
4yt6,6.8252
4ruy,5.4617
5can,7.2622
4rux,5.4617
4x8v,7.1754
4ufk,4.9723
4re4,5.5135
4x8s,5.3222
4yti,6.8811
4zz1,6.0271
5cnj,5.6271
5dgz,6.6011
4q87,4.8628
5abf,5.883
4z84,7.2485
5cnm,5.8359
4q1d,5.9154
4xnv,7.6266
4x24,6.6334
4x6j,6.6157
5c1m,7.4417
4z2b,7.4362
4um1,6.7136
4x48,7.152
5cbm,5.3128
4xnw,6.5321
4u7q,6.0173
4ufm,4.8825
4rao,5.6846
5c2e,6.8651
5dk4,6.2854
5e2o,6.5931
4q9y,4.9649
5c28,7.334
4ufl,5.3833
4qd6,7.2655
4zqt,5.9154
5egm,7.0738
4re3,5.202
5caq,7.1991
4wkb,6.6336
4wbg,5.73
5amd,5.738
5ek0,6.6234
5c8k,7.1712
4yih,5.6519
5cav,7.3767
4ygf,6.5482
4ps1,6.3142
4yha,6.4343
4x6h,6.6653
4zy4,7.1906
5cal,6.8237
4ruz,5.4783
4q7w,5.1047
4q8y,5.0269
4xip,6.2539
5c91,6.4107
4wef,4.5411
4xas,5.4668
4q7v,5.0128
4y63,6.0249
4zy5,7.2846
4q8x,4.9264
4nct,7.4573
5c8n,7.1282
5a0e,6.3021
4um3,6.4448
4zwy,6.2093
4zwz,5.6148
4zwx,6.3785
5edq,7.3256
4q1w,6.6681
4u7v,5.9206
4x8u,4.9321
4zae,7.0024
4rsp,6.6976
4y8x,6.85
4u6z,5.444
5byi,5.6305
5edr,7.3271
4qf9,6.2352
4ykj,4.8313
4wa9,7.2004
4ufh,5.5803
5cao,6.9087
4q7s,4.9857
4u3f,6.9789
4ye3,6.3534
4yml,6.7716
4yx9,5.2796
4z1k,6.4998
5c2a,6.5189
4u1b,4.9196
4zxy,6.6429
4z83,7.2844
5fl6,5.3809
4xx4,6.6692
5bms,6.9212
4q1y,6.6539
4q7p,5.0488
4y0a,5.2807
4oem,5.4963
4ryd,6.4103
4rfc,5.9953
4z1e,6.5897
4z1n,6.6132
4x6m,7.1407
4riu,7.0248
5cap,6.7772
4ufj,5.6087
4wcf,5.2672
4u69,5.4548
4xit,6.3652
4xx3,6.893
5e13,5.0257
4x6p,6.9322
4zy6,7.0287
5bwb,5.4338
5amg,5.6785
4u71,5.6029
5fl5,5.3872
4u73,4.9886
4z0q,6.6292
5a6a,5.4333
4u6w,4.8973
4ufi,5.0326
5c8m,7.3234
4q83,4.907
4x3i,5.9792
5dwr,7.3492
4q90,4.9392
4qrh,5.6579
4z1j,6.6132
5a6b,6.3119
4cr5,5.5836
4xaq,5.5157
4zx1,6.0586
4wov,6.7719
4yc0,5.4095
4xe1,5.2624
4y64,6.0996
4q1x,6.6669
5c2h,6.9001
4wxi,7.1352
4x3r,6.3169
5c1w,7.3621
4rfd,5.2175
4cr9,5.6708
5e2r,5.1165
4xiq,6.4624
5c29,7.384
5abe,5.8953
4zxx,7.0897
4rkx,6.1183
4zz2,5.8606
4u70,5.8132
4yes,7.1226
4u6c,5.6508
4rfm,7.4075
4ps0,6.1911
4q81,5.3086
5abg,6.3969
4yzu,6.797
5jau,7.1456
5j8x,6.7469
5k0i,6.2705
5hln,6.8505
5fqc,7.0505
5jyo,7.3308
5e91,7.072
5jog,7.139
5k0s,6.1139
5lgo,7.2082
5hmh,6.5579
5tkd,6.6442
5ei8,7.2895
5lck,7.3318
5czb,6.8754
5fxs,7.2389
5iha,7.5736
5ftq,7.2482
5hex,6.458
5ji6,6.7706
5g3n,5.5569
5kjk,7.4284
5fwj,7.2443
5hkm,7.245
5ihc,7.6642
5kit,7.1274
5tkb,6.3058
5e90,7.0392
5fxq,7.3026
5hmi,6.5141
5iu2,7.3084
5jjr,7.1882
5fp0,7.1117
5kjn,7.3553
5eh0,7.3399
5i2r,7.2418
5lh8,7.3029
5b0x,7.2041
5t68,6.9402
5fun,5.8132
4wnm,7.4095
5dri,5.6172
5ktx,6.8376
5i89,6.9272
5aeh,7.0322
5fxr,7.3108
5hls,6.3994
5ktw,6.7184
5j1v,6.7554
5byz,7.4542
5g3w,6.7887
5ei2,7.2952
5jjs,6.683
5hmk,6.5764
5li3,5.887
5hlp,5.6338
5eth,7.2469
5kre,7.0815
5jo0,5.5263
5k4l,6.2808
5hzn,7.059
5kjm,7.4676
5jmp,5.802
5k0j,6.8338
5dw1,6.0138
5eec,6.736
5f3i,6.0908
5bns,6.6957
5byy,6.9522
5ei6,7.3392
5jyp,7.0335
5i8b,6.6167
5f3g,6.9266
5f2f,6.1367
5jbi,5.474
5lz9,6.9271
5f3e,6.0598
5jic,5.6613
5ee8,5.7992
5he2,7.4051
5hfu,6.6394
5g1c,6.0021
5eud,6.7618
5he0,7.3529
5jc1,5.5246
5kr8,7.0694
5dy5,7.2141
5jmw,5.2896
5a8y,6.053
5ecv,4.8287
5eue,6.7359
5ih8,6.897
5enh,5.8169
5j1w,6.9344
5hx8,7.2018
5kzi,7.3315
5ejv,6.806
5lc0,6.3148
4yqu,6.6211
5cls,7.0129
5jat,7.074
5jap,6.6305
5lcj,7.0458
5eob,7.0509
5m55,6.2649
5lma,6.5159
5itd,7.2116
5enf,5.6059
5fbn,7.5972
5jnl,5.3961
5he3,7.3505
5he1,7.4305
5jaz,5.5344
5hk9,5.9992
5lsy,5.8396
5ke0,7.0474
5f2s,6.2477
5i5x,5.9699
5fbo,7.6832
5kqf,7.0722
5fq9,6.7427
5toz,7.5099
5hka,6.045
5c20,6.0905
5k4x,5.2969
5edi,7.1918
5eol,6.9568
5fcw,6.3795
5fqb,6.7319
5t4b,7.2076
5b5b,6.6431
5k5e,6.9271
5dp8,6.2988
5hm0,6.3222
5b4k,7.0481
5f9e,7.1482
5elz,6.5235
4ztq,6.062
5lss,5.8588
5lyh,6.6177
5a4e,7.2398
5dgm,6.2222
5bnr,6.3478
5i86,6.1601
5jiy,5.6121
5fpu,7.1185
4z22,7.0055
5koq,7.0862
5ene,5.2668
5dcz,6.7749
5eak,7.5324
5hmy,5.3264
5ih5,6.7824
5kqd,6.4815
5ktu,6.4845
5m53,7.6316
4wn0,4.894
4yht,7.4087
5b4l,7.4925
5lxp,6.674
5enb,5.5392
5ism,7.2791
5a54,7.1932
5fah,6.8956
5ehy,6.0156
5dp9,6.4249
5k0f,6.0231
5ivt,6.2766
5a3x,7.2312
5lz8,6.8935
5bqi,6.3858
5i5z,7.394
5f3c,6.7553
5j4y,6.6119
5k0b,6.0049
5drc,5.9284
5k09,5.625
5ho8,6.6906
5joh,6.3964
5k0c,5.7107
5t6g,6.3093
5e8z,7.0892
5c1y,6.1378
5ax3,5.7093
5cuq,6.2687
5lsx,6.2553
5trj,6.1121
5a4t,7.3857
5j4v,5.5776
5kos,6.8866
5lrk,6.9395
5lrg,6.9733
5jlz,5.8971
5k0t,6.2036
5ha9,6.8699
5e0g,6.1051
5t6f,7.3809
5c1x,6.0544
5fgk,7.226
5i7u,6.8059
5f37,4.9061
5jas,7.1615
4xuh,6.0083
5duf,6.5163
5ieg,5.6464
4yqv,5.7985
5lrj,6.951
5dlv,6.0064
5lxc,7.1871
5kbq,7.5011
5jim,5.1855
5f2w,6.4137
5jdc,6.4128
5jzn,7.6002
4ufu,6.7271
5ceh,6.4215
5dsx,7.9412
5hx6,7.0774
5lj0,6.554
5t4f,6.4402
5lj2,6.8571
5iee,5.1089
5f32,5.5662
5j5t,7.2867
5i59,7.406
5i58,7.4665
4q15,7.122
5jgd,7.3065
5k05,6.0004
5sxn,6.2235
5sy2,7.1613
5ghv,7.3508
5dxg,6.0895
5i12,6.1716
5kkr,6.8671
5axi,6.0508
5hn7,6.4534
5b1s,6.0616
5dv2,5.3085
5db3,7.2821
5ewm,7.3659
5ehp,6.8259
5m57,6.9702
5i40,6.0542
5ewj,6.569
5kde,5.6349
4ui3,6.4498
5dtq,7.1285
5emk,7.427
5jgb,7.4199
5t1a,6.8429
5tt7,7.4844
5ku3,6.9483
5dp6,6.4551
5ezz,7.0059
5khx,6.8874
5fbe,7.1345
5lyy,6.0637
5bpp,6.3605
5lmb,7.4764
5dt2,7.0573
5j75,7.2883
5tjx,7.3918
5eko,7.1473
5acb,7.5837
5l72,7.0975
5lg3,5.6922
5bnm,6.1286
5kgw,6.1438
5fwa,6.0664
5fqt,6.9413
4ui5,6.6984
5jrq,7.6518
5kgx,6.2113
5hvy,7.5142
5bqg,5.6786
5h7h,5.7313
5jid,4.8545
5l4h,5.1492
5lwn,7.5506
5ho7,5.0645
5ful,5.4256
5dgj,5.8615
5dp5,6.4368
5a7c,5.4078
5emm,7.202
5i0l,6.3721
5fum,6.286
5kls,6.6329
5fqp,6.6749
5j3s,6.9425
5m51,7.5267
5eyd,7.4855
5adq,6.2052
5k5s,5.3107
5ans,5.557
5jar,6.9125
5ads,6.2587
5f1z,6.371
5adt,6.8148
5f4n,7.3692
5g3m,4.665
5hbe,6.6027
5hbj,7.5299
5jga,7.3384
5bqs,6.3288
4zs0,6.0787
4zsj,6.5064
5adr,6.1573
5jin,5.5765
5e0h,6.1036
5icv,6.4532
5ih6,6.6887
5idn,7.4526
5hkb,5.8681
5eif,6.2823
5hzx,5.8077
5a4q,7.2487
5jr6,6.5026
5ho6,7.4558
5dry,7.0937
5lsc,6.0439
5fus,5.5385
5d7a,7.1977
5di1,6.8658
5f1l,5.6145
5j5d,5.4175
5dpa,6.2974
5jq9,5.7171
5db1,7.2545
5hld,5.7301
5hl9,6.4406
4xwk,5.3049
4r5y,7.5214
5eml,7.2726
5hlw,7.1657
5l4e,4.9936
5cuh,6.5483
5kmh,6.6997
5f00,7.0191
4ui8,6.4844
4zts,7.0295
5db2,7.3821
5dyt,6.957
5e7r,7.2744
5eym,7.1065
5ei4,6.3827
5gjf,7.3342
5jsm,7.6147
5kbr,7.5295
5fqr,6.8763
4yh3,5.7115
4yh4,6.4277
5dp7,6.3827
5l8t,6.0056
5arg,7.6071
5a8z,5.7647
5izq,5.9864
5lxd,7.3331
5k4i,7.3979
5to8,7.3574
5h8x,5.7626
5tr6,7.5457
5lkr,6.9103
5iv4,7.0726
5f94,7.0624
5icp,7.2648
5anq,6.736
5a4l,7.3576
5lt6,6.0895
4y5i,5.8969
5fdp,7.0817
5f20,6.5477
5fi6,7.1651
5i94,7.1704
4yqm,6.398
5ety,7.0377
5jt2,7.6187
5dv4,5.2802
5emj,7.3582
5tol,7.1766
5f0h,6.2997
5lay,6.6429
5ifu,6.7689
5ehg,6.5688
5f02,7.2362
5kx7,7.5656
5i24,4.7157
5db0,7.3581
4xhl,6.2987
5dh3,6.8653
5kx8,7.4217
5jcj,5.3699
5sz9,6.9938
5dxe,6.6715
5dtr,5.7754
5f6u,5.3505
5eyc,6.9377
5eyk,6.6086
5j79,6.7009
5i83,6.1742
5jdi,5.3911
5drt,6.2873
5amn,6.8118
4z16,7.2996
5j47,5.6127
5f1u,4.7819
5iuh,7.3868
5fi7,7.216
5i3m,6.1163
5l44,6.2858
5e8w,7.6242
5cuu,5.628
4zcw,5.6741
5f01,7.211
5t4e,7.1488
5d6f,7.0129
5sy3,6.8526
4ui7,6.636
5ely,6.6156
5fqs,7.0435
4yxd,6.7741
5jnn,6.1572
5ehi,6.4832
4ui4,6.6215
5idp,6.7112
5k8v,5.7023
5fue,6.6772
5l99,6.19
5i56,6.2734
5hbh,6.5723
5l98,6.0692
5jrs,6.7482
5laz,6.2639
5jiq,5.394
5lax,5.8829
5ief,5.364
5cei,7.364
5a7i,6.1722
5f6v,5.2019
5kmf,6.4562
5hn9,5.6235
5i23,5.9347
5i4o,6.1662
4uhg,6.7077
5kdf,5.2491
5l6p,6.5365
5hna,5.829
4ynk,6.4292
5j7b,7.1176
5jfr,7.2361
5kcv,7.1463
4wi1,6.7148
5ivs,5.5162
5e0j,6.5764
5trk,6.3132
5a7j,5.3068
5hg1,6.1691
5a8x,6.3942
5hm3,6.227
5th7,6.446
5fqv,6.8914
5gjg,7.3873
4za0,5.0213
5dp4,6.3354
5g11,5.6216
5i43,6.3621
5hoa,7.4217
5hor,7.4131
5j6d,6.9009
5l6o,6.6819
4z8d,5.8536
5kqg,5.6962
5kup,7.7745
5enm,6.6301
5fi2,7.1597
5i2z,6.3566
5k4j,7.5687
4ufy,6.6495
5i13,5.5692
5trh,6.2225
5dg6,6.3338
5ega,5.6735
5i0b,6.3294
5tri,6.5042
5da3,7.5511
5law,6.1113
5lav,6.1344
5lqq,5.8742
4ui6,6.8595
5ezx,7.037
5ax9,7.4347
5enk,6.6785
5jyy,5.2275
5f39,5.116
5loh,7.2556
5k1i,6.8883
5t4h,6.4172
5ekx,5.3225
5g10,5.4823
5f95,6.8204
5fd2,6.9442
5ddc,7.168
5hng,5.5272
5g2n,6.9274
5d29,6.607
5hn8,5.8516
5hlb,6.2084
5eiw,5.6567
5k5n,6.8455
5anu,6.477
5anv,6.4975
5fnu,7.8193
5ih9,7.6371
5izj,7.2135
5anw,6.0423
5fa7,5.5878
5fck,7.2262
5j5x,6.973
4zam,5.3113
5fao,5.6106
5e89,5.7886
5g1n,5.7926
5fap,5.5447
5f4l,6.9014
5i22,5.4431
5ive,5.909
5a2s,6.4277
5el2,5.4132
5e8a,5.9163
5fas,6.0421
5i8g,7.4092
5ags,5.3932
5l7k,6.1569
5ivj,7.4589
5f4p,6.9017
5tbm,6.3805
5isl,7.1728
5izu,5.9912
5hvt,6.0
5e88,5.6264
5h9p,5.7828
5iw0,6.9456
5hvs,6.6575
5agt,5.4387
5ijp,5.8639
5hva,5.2297
5f4r,6.8601
5f4u,6.8627
5lwe,6.1989
5fat,5.9571
5cqt,6.6095
5dx4,6.3536
5teg,5.8886
2mwy,5.9198
5ech,6.0032
5eci,6.1922
5elv,6.7865
2rvn,5.5217
5khi,5.7851
5js3,6.7118
5izf,7.346
5izk,5.5663
5cy9,6.5628
5ggn,5.8616
4y24,5.5307
5jt9,6.3822
5i2e,5.6662
5l3j,6.212
4znx,5.1316
5ejl,5.7085
5t1l,7.2018
5igq,6.0938
5j19,5.9118
5l4i,5.4343
5ijj,5.6376
5ggk,5.1697
5e2n,6.6219
4rfr,5.0858
5etr,5.2023
5kau,5.8791
5aqt,6.3095
5j31,6.4828
5jvi,6.5573
5cu4,6.2919
5i2f,4.9777
5etq,5.278
5jss,6.7118
5dbm,6.6241
5ivy,6.2499
5aqv,6.344
5jxn,6.5573
5eom,4.454
5khk,5.8984
2n8t,5.3167
5d0r,5.8155
5ant,6.3597
5in9,5.475
5duc,6.5947
5ivv,6.6018
5lz5,6.6415
5ewz,6.1914
5kbe,4.83
5ekm,5.8614
5k8n,5.1535
5gmh,5.8597
5ix1,5.3771
5i3y,7.3609
2n9x,5.6484
5d25,6.5916
5t52,4.6435
4ybj,7.2398
5lz7,6.6415
5t1k,7.1628
5k6s,5.4566
5swf,5.437
5kbh,5.3161
5h7g,5.6299
5etv,4.9298
5lwd,6.5013
5ett,5.6973
5ggp,5.4218
4zfi,6.3607
5hff,5.5488
5htl,5.9929
5h5r,6.7434
5ee7,7.2778
5svx,5.0165
5fnt,7.6796
5i3w,7.1482
2n0u,7.2793
5j18,6.2533
5ar0,6.2795
5f1c,5.296
5svy,4.961
5kax,5.8611
5kbg,5.1405
2n0w,7.1306
5etp,5.2316
5ftg,6.4571
5k4z,5.3393
5l0c,5.4355
5d26,6.3776
5e7n,5.4922
5eel,5.9684
5h9r,5.8085
5t54,4.8113
5d3l,6.3883
5aqq,5.669
5ggo,6.0119
5heb,5.5111
5egs,6.3799
5k7h,6.0365
5kcb,5.7171
5g2g,5.6959
5hip,5.2401
5aqu,6.3125
5k8o,5.1912
5ekh,5.3503
4xo8,5.7082
5aei,4.961
5drs,7.0421
4yjl,6.0486
5hja,6.7615
5hv0,4.4794
5cp5,6.3657
5ets,5.2391
5lvl,5.9071
5kbf,5.54
5fb1,5.5184
5fh6,6.7753
5ivc,6.9988
5izm,5.3854
5svz,5.7082
5lwm,7.6063
5lif,6.4427
5eh5,5.7245
5ipj,6.1591
5d3s,6.7125
5fsy,5.1656
5fyq,6.1707
5l4f,5.2452
5t5g,6.4013
5dw2,6.2278
5aqo,5.653
5ivn,6.3035
5egu,5.9812
5eng,5.8675
5lso,5.5799
5tb6,6.2709
4z5w,6.0069
5ez0,5.0961
5iay,5.5002
5aip,4.8066
5eeq,6.0973
5etk,5.4113
5il1,5.2016
5t1m,7.0492
5e2q,6.4986
5eta,6.0392
5ih2,5.0247
5aqn,5.1432
4z0f,7.2494
5fsn,5.2256
5izl,5.4601
5dlz,6.2046
5eis,6.4351
5fos,5.6702
5h5q,6.6126
5hf1,5.4822
5itf,7.2261
5fsx,5.1407
5ikb,4.9235
5j74,6.5892
5du8,6.5547
5ekn,7.0716
5hfc,5.4458
4z07,5.8969
5ehw,5.0519
5fpp,5.2538
5g4n,6.31
5j3v,5.6227
5jek,5.9612
5c85,6.5206
4yx4,4.9735
5flq,5.3862
5eqy,6.7056
5t6j,5.5952
5fng,5.9724
5icx,7.1412
5fou,6.3853
5knj,6.9442
4zv2,5.2622
4zki,5.541
4yhz,5.7364
2n06,7.1489
4rqi,5.6114
5hbn,4.7523
5ii2,5.8126
5t1i,5.98
5flt,5.0858
5gjd,7.3145
5i1q,6.1994
5d3t,5.7127
5ezg,6.4024
5f1j,6.0942
5etu,7.1903
5eqe,6.408
5j0d,6.1853
5iyv,6.1181
5fh7,6.6543
5g4m,6.0849
5csd,5.9922
5fb7,5.9792
5l3a,6.5298
5f1h,6.8863
4yje,5.6254
2ncz,5.3485
5ie1,7.0441
5btv,5.6842
4yc8,7.1508
5ewk,5.813
5f90,4.4206
5eu1,6.9136
5iy4,6.1834
5jeo,5.9005
5exw,5.3165
5htc,6.3172
5hyq,7.1784
5etx,7.1375
4yb7,5.4527
5fov,6.3222
2n3k,5.7736
4ybk,7.2418
5i29,6.4597
5d7x,5.6003
5ggl,5.944
5a3r,5.529
5esq,6.1242
5fbi,5.0072
5etf,6.1986
5aqf,5.0029
5i3v,7.0293
5jq7,6.4295
5ckr,6.2187
5lp6,7.0424
5lne,4.2106
5ggj,5.1697
5fwr,5.4162
5id0,7.1578
5fh8,6.7314
5htb,6.3176
5ewh,5.1869
4yhm,6.962
5er4,6.0592
5klt,5.8115
5hbs,5.7062
5tca,7.1603
4yk0,5.7955
5fv7,5.9507
5khj,5.6155
5i8p,6.3771
5ia0,7.5335
4yho,6.9555
5k03,5.5657
4yb5,5.6
2ndg,5.7008
5his,4.9364
5l9g,5.1119
5ia2,6.4393
5klr,5.8491
5hjq,5.7066
5aqr,5.6293
5ekj,6.0274
5f0f,5.9059
5f1r,6.717
4yk6,6.0507
4ysi,4.9536
5eld,4.5845
5aqp,4.9456
5a3s,5.5987
5hjb,5.6849
5tcc,7.042
5ey0,5.1687
5epn,6.8752
5hgc,6.1698
5d6y,5.6135
5hey,5.442
5d0c,6.7407
2n1g,5.6901
5c4l,5.8135
5l0h,5.2388
5g46,6.3786
5a3q,5.5157
5eje,5.5292
5khd,5.911
5d1n,5.3518
5em9,5.4823
5eto,5.6631
5i9y,7.3154
5svl,5.2502
5dus,4.7667
5sxm,6.2193
5khg,5.5902
5fe9,6.3234
5g43,6.1737
5dkn,6.0145
5a6x,4.3794
5fs5,5.7116
5ixq,6.5013
5lvn,5.066
5tdw,5.4602
5aqj,5.0146
5l2w,7.2196
5f3t,5.3706
5fog,5.2923
5er5,5.9577
5fol,5.2562
4d7b,5.504
5eq1,5.4239
5awu,6.0267
5klp,5.4529
5kh7,5.7418
5aqk,5.5195
5ji8,5.0977
5ko1,6.0609
5hog,6.0284
5etl,5.4318
5hu9,7.2867
5syn,6.7412
5ezh,6.1623
5fsl,6.1052
5i88,6.5178
5lvr,6.0699
5d2a,5.4567
5i8c,6.6181
5ia5,7.2837
5ixt,6.5013
4xtm,5.287
5hfb,5.4494
5c4k,5.3033
5iql,5.6429
5evz,5.4292
5csh,5.8701
2n7b,5.9936
5jr2,6.7563
4zs9,5.5634
5c2o,5.419
2n27,5.2429
5dts,5.7236
5dva,5.7721
5fpk,6.2003
5b56,5.7845
5hes,7.6073
5etb,5.4978
5f3z,5.3454
5iop,7.1295
5tdr,5.4167
4yhp,5.7071
5dlx,6.5039
5elq,5.5943
5lz4,6.5407
4zgk,5.9302
5cks,5.1099
5avf,4.7334
4ze6,6.3313
5svk,5.4226
5aqz,5.3653
5hrw,5.7539
5ii1,5.6844
4y4j,5.3549
5fb0,5.4991
5gu4,5.8132
5aqh,5.5621
5b4w,6.4356
5dtw,6.9347
5ave,4.6191
5e3a,6.4327
5tbn,5.4527
5f2u,5.5328
5agr,5.5001
5etm,5.4052
5awt,6.1123
5eoc,6.905
5i9x,7.2815
5th2,7.1731
5dtt,5.8324
5kew,5.0345
4yxi,5.0401
5ly3,5.8943
5aqg,5.4103
5l8n,5.2016
5eok,6.3724
5fnd,6.0509
5i25,6.5321
5doh,7.0106
5gic,6.7797
5eh7,6.2299
5fni,6.2784
5a5v,5.5897
5gr9,5.9947
5a7y,5.1398
5jal,6.3541
5eb3,4.953
5gow,5.5726
5fut,6.5595
5jox,5.2304
5d6j,5.1944
5hed,5.4906
5f2p,5.771
5i38,5.2386
5g4o,6.2385
5h9q,5.8345
5eps,5.406
5epy,6.8081
5ihh,5.6904
5dx3,6.6011
4xoc,5.7057
5f08,5.9215
5ixf,5.2452
5tef,5.4782
5chk,4.8825
5kbi,4.7928
5dpw,5.8285
5eou,4.8522
5etn,5.3726
5elf,4.3881
4y3y,6.0088
5edl,5.349
5l4m,6.0586
2n14,7.1926
5cqx,6.1281
5czm,6.528
5ehe,5.8923
4yb6,5.6035
5ayy,5.2123
5ks7,5.5731
5h8b,7.1523
5d0j,5.4948
5l2i,7.4555
5d3c,6.507
5igm,6.9698
5igk,6.6378
5l8o,4.9583
4yyt,4.9757
5hfj,5.2073
5igl,6.6872
5hyr,6.5935
5erg,5.6703
5d3x,5.945
5mf6,6.7971
5hgq,5.9265
5hjc,5.5882
5iug,7.385
5l3f,6.312
5ia3,7.6714
5ek9,6.2483
4zcs,5.2577
5h8g,7.3293
5meh,5.571
5fe7,5.7662
5khh,5.9139
5i9i,7.452
4y38,6.0026
5csw,6.9713
5ep7,5.4047
5eqp,7.3788
5fns,7.648
5l9o,4.7335
5hrv,5.6779
5hrx,5.7942
5ect,5.4834
5hwu,5.2094
5faq,5.9698
5kxc,6.3275
5gs9,5.4985
5iq6,6.7679
5du4,6.6012
4zv1,5.4005
5d3j,6.674
5edd,5.4724
5hjd,5.651
5d24,6.5001
5ema,5.5212
5icz,7.2211
5ejw,5.7545
5g45,5.6101
5dtk,5.7822
5ewy,6.4849
5duw,4.3863
4r06,7.1456
5fnj,5.4736
5i7y,6.0968
5ia4,7.382
5f2r,5.3336
5l4j,5.5085
5dxb,6.5563
5ia1,7.5803
5i7x,6.3909
5f9b,6.4347
5arf,7.5656
4xtp,5.3908
5ei3,6.8799
5id1,7.1713
4zij,6.2354
5a6i,5.5989
5b2d,4.9903
4yxu,5.2871
5f8y,4.742
5huw,5.7669
5ad1,5.5788
5ajc,4.9665
5csp,5.6349
5cu2,5.6293
2ndf,5.4307
5l3g,7.0033
5e2m,6.4065
5fnr,7.6115
4ztr,7.1939
5e80,6.2119
4z0e,7.2219
4z0d,7.2682
5eyr,5.9581
5dkr,6.109
5hhx,6.7124
5h8e,7.1491
5emb,5.5213
5g1p,4.8525
5eqq,7.119
4y3j,5.3776
5fdz,6.228
5svi,5.0236
5kh3,6.1099
5ttf,6.9738
5dyo,5.7467
5en3,5.7321
5i80,6.7361
5ljj,6.9763
5cs6,5.7753
5flp,5.8683
2nd0,5.5005
5ha1,5.7253
5l2t,7.4696
5l3e,7.2215
5fox,6.1938
5f41,5.466
5epp,6.1928
5ito,5.6148
5fot,6.2683
5bw4,5.3113
5fe6,5.543
5jqb,5.792
5csx,7.3417
5k8s,5.6205
5brz,6.0727
5u4x,7.0522
5kva,5.3537
4ud7,6.9127
5d3p,6.4307
5hda,5.9075
5f74,5.1301
5lbq,6.0302
5d3h,6.5829
5e5g,4.8458
5fnf,6.1248
5flo,5.9163
5fpi,5.9175
5ehr,6.6908
5lvq,5.9841
5lom,5.3935
5hpm,7.243
5ey4,5.6156
5bs0,5.977
5eb2,4.8977
5e6o,5.5133
5gid,6.8542
5dnu,5.333
5fnc,6.5893
5kat,5.7016
5f1x,5.448
5l9l,5.1494
5hv1,5.5889
5eh8,5.309
5hkh,5.5461
5h5s,6.6946
5j32,4.4981
5hwv,4.7184
5luu,6.5103
5ehv,5.2412
5dd0,6.0704
5e2v,6.0931
5l2s,7.6812
5icy,6.2422
5h9s,5.8716
5i3x,7.235
4z7o,5.9033
5kq5,7.3378
5t3n,5.9752
5f25,5.9119
5d3n,6.4645
5huy,5.5011
5ff6,7.17
5iok,5.9249
5du6,6.5734
5fom,6.1417
4ue1,6.9127
4xoe,6.9988
5itp,5.6003
5fls,5.3086
4zsh,5.2986
5lli,6.8826
4yxo,5.223
5epr,5.8218
5e2l,4.8618
5fow,6.2587
5e3d,5.0423
5glu,5.0378
5jan,5.1151
5l9i,5.5466
5cxa,6.4891
5i9z,7.254
5ld8,6.2403
2n9e,5.9893
5i3a,4.6126
4zy1,6.9639
4zy0,6.1497
4zyq,6.1866
4ydg,6.543
5hz6,6.3104
5edc,6.4915
5hct,6.4609
4zw3,6.4624
5d48,6.3565
4zx9,6.2217
5diu,6.4545
5j7p,5.6426
5b25,7.381
4zy2,6.222
4zx3,6.6159
5l2z,7.1678
4zx4,6.8431
4zx8,6.2309
5k0h,6.6063
5a9u,7.4915
5hz9,6.3123
5d47,6.3243
5d45,6.0162
5l2y,7.1535
5div,6.5337
5lxb,6.27
5ayt,5.511
5edb,6.3051
5fho,7.0673
4ufd,7.4153
5dh5,7.7071
5l7e,6.5043
5ew0,4.5874
5dxt,7.2851
5sz4,5.163
5sz7,6.2829
5kr1,6.6111
5iwg,6.9979
5cgv,6.168
5iub,7.1883
5fdr,6.2952
5aaa,7.3281
5jfp,6.6843
5hz8,6.5729
5ix0,6.9359
5kqy,6.7877
5iu4,6.8804
4zj8,7.3544
5dhu,6.4101
4zx5,6.7905
5eei,6.2291
5kr0,6.8684
5l30,7.3532
5cr7,6.6925
5aab,7.3633
5trf,6.5823
5eek,6.3071
5sz0,5.1581
5l7f,6.961
5e2s,5.5624
4uja,7.2813
4zjc,7.6169
5een,6.1521
5iu7,6.5097
4zw8,6.7747
5fhn,7.2031
5hcy,7.2989
5sz1,5.4529
5aac,7.3451
5ef8,6.5484
5hj9,5.2647
5iua,6.5872
5kby,6.5936
5d2r,5.4464
5k13,6.8342
5jg1,6.6835
4zw6,6.9321
4zyu,6.1177
4ujb,7.1922
5evb,5.9073
5evd,6.1045
5f5b,5.3426
4uff,6.8825
4yv8,5.7723
5e28,4.9819
5jy3,6.3009
5drq,5.4307
5evk,5.9073
5j5r,5.9715
5jf2,5.7907
5kyj,6.8971
5j7w,6.7921
5f1v,4.7718
5dhp,6.3325
5jf8,5.303
5elw,5.1211
5hi7,5.6608
5k51,5.8663
5hdv,7.3109
5ayf,5.9103
5ewa,6.1338
5j9z,7.2595
5l7g,7.3352
4ycn,6.2947
4zyt,6.1053
5kxi,7.2951
5fdi,6.0824
5iu8,6.5413
5j41,5.902
4ycm,5.9829
4zw7,6.7847
5dxh,6.9646
5ef7,6.2056
5hdu,7.59
5dht,6.4882
5cj6,6.9886
5sz2,5.2499
5edu,6.446
5hu1,7.4009
5ehn,6.7521
5foo,5.0442
5htz,6.766
5sz3,6.3941
5hk2,6.4932
5d75,6.1404
5he4,7.2475
5sz5,5.4642
5jsq,6.0315
5eg4,6.9003
5dex,6.0929
4zyv,5.9645
5dfp,7.5109
5kz0,6.6989
5fkj,5.573
5el9,5.1211
5eie,6.7338
5exn,6.9131
5dhr,6.409
5j7q,6.3819
5dro,6.2765
5sym,6.5848
4uj9,7.3412
5hcv,6.0316
5hg5,7.0498
5dhq,6.3577
5ij7,6.6502
5fl1,5.6717
5kr2,5.7118
5drr,5.448
5kqx,5.7844
5dey,7.7663
5exl,7.1712
4uj1,7.2434
5he5,7.3539
5ehq,6.7367
5fdc,5.9797
5efj,6.915
5fl0,6.0289
5hg9,7.2466
5fdo,6.5359
4zw5,6.6631
5jf3,5.7907
5hg8,7.1118
5i4v,7.0356
5hcx,7.3055
5efb,6.2962
5hk1,6.9876
5cdh,4.4415
5ime,7.0477
5fky,5.2938
5eef,6.567
5g53,6.1161
5dqc,7.0735
5hdz,7.2543
5eij,5.6904
5hdx,7.273
5dxu,7.109
5hd0,7.5275
5hg7,7.2914
5j8z,6.6129
5kzq,5.8494
4zx6,6.8641
5l7h,7.1484
5j4n,5.2872
5kap,5.6335
5dh4,7.0929
5j9y,7.2623
5hu0,6.46
5j9f,6.0537
5he7,7.4529
5kdr,6.4287
5khm,6.527
5fto,7.2861
5exm,7.1542
5f91,6.7974
5aa9,7.4758
5jf6,5.9281
5jf5,5.8675
5fcz,5.8321
5jf1,7.1702
5jf4,5.8675
5etj,7.494
5m1z,5.1641
4zyz,5.7413
4zyw,5.9653
5kya,6.9643
5dhs,6.5151
5ev8,6.0295
4ydf,6.4778
5kam,5.8311
4ufe,6.9687
4ufg,6.8698
4zyx,5.9013
5jxq,5.8087
5fhm,6.9503
5jfu,6.7456
5aa8,7.4818
5efh,5.3435
4uj2,7.2392
5a6h,6.039
5e2k,4.8786
5jf7,6.1046
4zz0,5.7413
5sz6,5.2623
4zyy,5.8947
6b8u,7.5664
5tza,7.6154
6bfa,7.1819
5nhv,7.081
5u00,7.6955
5vgo,7.4821
5nhj,7.2901
5k76,6.972
5xs2,6.5894
6b4w,7.3564
6b8j,6.8228
6bfd,7.0077
5nob,6.8426
5nb7,7.045
5q0m,6.9447
5q1c,7.6936
5q0n,7.4286
5q15,7.7821
5tzc,7.6628
5w5o,7.1182
5wg3,7.6025
5q1a,7.3434
5trs,6.7363
5o83,7.1666
5q16,7.6566
5tzz,7.6707
5trg,6.2833
5try,6.2016
5ts0,6.1616
5tx5,6.9744
5tys,5.9865
5ngb,6.9108
5q0v,7.5645
5q14,7.3913
5lgu,6.7875
5nhp,7.238
5tho,6.2736
5q0o,7.5745
5uoy,7.2991
5v88,6.4303
5ox6,6.5881
5v1b,6.0584
5ngu,7.2601
5ohj,6.9235
5lmk,6.7088
5lyx,6.6528
5q0p,7.3796
5mmp,6.6984
5ukm,7.6182
5pzn,6.4189
5trr,6.2208
5nev,6.8323
5q0x,7.1176
5q1b,7.4386
5q19,7.5114
5tzx,7.7265
5n4s,5.9482
5ggz,7.2065
5j7g,6.6273
5j7f,6.7203
5q0w,6.7622
5uwf,7.8774
5naw,6.7965
5nba,6.7957
5q0s,7.6031
5wg5,7.4075
5q18,7.7344
5t1u,6.2789
5q1f,7.5845
5t1w,6.2692
5v86,7.1782
5y3n,6.7907
6bfx,6.1087
5lgr,6.7305
5lgs,5.9733
5lgq,5.7734
5q13,7.5806
5lgp,6.6533
5m5q,7.2195
6b3e,7.6688
5wg4,7.3744
5ofx,4.3743
5gso,6.1568
5l13,5.555
5mhq,6.9387
5q1e,7.2684
5y3o,6.9121
5l2m,5.9813
5x9p,6.1051
5tz3,7.5686
5qc4,7.4552
5q0u,7.4723
5ngs,6.1425
5v3y,5.8605
5g0q,5.8933
5wo4,7.1715
5m0s,6.9452
5v84,6.4607
5o11,6.9469
5t90,6.1735
5mz3,7.7811
6bfw,6.6853
5q0j,7.5582
5t37,6.377
5l6h,6.0685
5ugd,6.8158
5v42,5.7364
5yjp,7.0096
5lqf,7.3366
5tyr,6.0217
5v3x,5.806
5jz9,5.6019
5l15,5.0588
5b5p,6.5206
5uiu,6.8384
5kcx,7.1779
5l6j,7.0035
5wys,5.2961
5uyu,6.8293
5lgt,6.7872
5h19,7.0462
5nsp,6.7765
5vfd,6.3416
6eqs,6.6633
6eo0,6.4785
6ax1,7.2346
5mm9,5.7539
5ugg,6.9182
5lp1,7.3682
5wbz,6.7759
5wre,7.3927
5jzb,5.8252
5vqz,5.5623
5xqx,7.3735
5qbv,7.0691
5uqv,7.1863
5tuq,6.6894
5up0,6.8194
5vqx,5.5703
5ncy,7.1522
5tex,7.1383
5vqv,5.6338
5n3w,5.9789
5nar,6.9727
5nb6,6.8589
6ayd,6.9983
5vp1,7.0071
5vqy,5.6258
5odu,4.3795
5tyn,6.4931
5jzs,4.6893
5u9d,7.3201
5q1i,7.0191
5mat,7.4343
6aud,7.1551
5l17,5.0797
5u7d,6.5673
5vp0,7.8023
5ukk,7.5131
5uqx,6.7128
5gub,6.0798
5t2m,6.8898
5ukl,7.5853
5n1v,6.6122
5tzh,7.6587
5usf,6.7048
5ntw,7.4666
5nqe,6.0128
5v41,5.7914
5t8e,6.8003
5l2o,5.6879
5q1d,7.5427
5q0q,7.106
5t2d,7.1687
5vom,6.6016
5ntp,7.5582
5lub,7.0548
5lyw,6.7661
5m0d,6.9286
5wuu,6.5173
5yjk,6.9064
6enx,6.4583
5vlp,6.3905
5jv1,7.1587
5h17,7.0811
5gmp,7.2039
5ncz,7.1885
5vfc,7.0231
5kgn,5.9343
5tzw,7.6906
5y1y,6.4153
5vo6,7.6087
5tur,7.0675
5ur1,7.1646
5n4t,5.9848
5gsw,6.2159
5wr7,6.8646
5jv0,7.0843
5pzm,6.2112
5vqr,5.626
5v8v,7.2231
5vrp,7.2584
5wfj,6.8531
5ngt,5.4583
5oxg,7.2069
5u5h,7.4191
5u62,7.2294
6bfe,6.7493
5q0z,6.935
5wbq,6.8345
5ku9,6.5303
5tx3,7.7767
5j9k,6.0517
5kv9,6.7138
5h15,7.3086
5v40,5.7323
5ta6,7.4687
5tob,7.0074
5u3b,5.4764
5tbj,5.5149
5tg1,6.3341
5w5j,6.6893
5k32,7.242
5vpm,7.2429
5gx6,6.1253
5t23,6.6085
5y5n,6.1126
5xaf,6.2449
5q0y,7.6588
5ni0,5.9423
5vqt,5.5625
5t2p,7.0619
5y9l,6.9761
5twl,7.7736
5le1,6.1666
5usq,7.5616
5gn5,6.4019
5vgi,7.1238
5ul5,6.0479
5ml5,7.1786
5w85,7.053
5h13,7.0877
5h0g,7.3913
5izc,5.589
5h0b,6.4775
5wqa,6.5212
5ti7,6.3009
5up3,7.2052
5gn6,5.6365
5tq6,6.8691
5mli,5.5761
5lzj,5.3242
5ly2,6.5721
5mxv,6.0589
5x79,5.7788
5twz,7.7074
5myd,5.4826
5kj0,6.6755
5h09,7.3589
5ne3,6.0916
5kv8,5.9254
6eks,6.0071
5uis,7.343
5tpg,7.714
5wej,6.1142
5iaw,5.9863
5m6h,6.0651
5tyl,5.6679
5wbr,6.8109
5t92,6.3672
5lcf,5.7891
5t97,6.9164
5mw6,6.171
5ulg,6.0721
5uuu,6.9104
5gty,7.2903
5lx6,5.7712
5b5o,5.9946
5mwd,6.2145
5u2f,6.2911
5nu1,7.0377
5tl9,6.2563
5t8j,6.7282
5inh,5.7168
5t2i,6.8585
5tw3,5.711
5vqs,6.6791
5vqw,6.6618
5td2,7.3808
5tq3,6.4598
5ov9,5.4058
5t2y,6.5571
5nhy,6.4433
5ubt,7.1516
5toe,7.2027
5lhg,6.7584
5ox5,6.437
5gx7,6.1612
5l2n,5.7048
5lgn,6.4342
5lch,5.7329
5xmv,6.5063
5h6v,5.6155
5mkx,5.5156
5mkz,6.3265
5sxk,5.5765
5tq7,6.9575
5h0e,7.3771
5u6v,5.9752
5op6,5.8418
5ti6,6.3041
5tyk,5.9536
5m6f,6.151
5mja,6.8636
5n9t,7.5716
5lhu,4.9822
5myr,5.9963
5tq8,7.2915
5vex,7.71
5u2c,5.9966
5xmr,5.8171
5mw3,6.9575
5k5c,4.7766
5xkm,6.8415
5m39,6.4817
5ngr,5.9973
5ti2,6.2969
5tc0,7.55
5typ,5.9868
5xmt,6.5313
5q1g,7.2362
5ual,5.8464
5swh,6.4411
5ti4,6.2146
5wpb,5.2858
5u2e,5.7799
5q0r,7.0041
5teh,6.5117
5ttv,6.3663
5opc,6.9648
5q0t,6.9608
5w86,7.2827
5x8i,7.5317
5k1v,6.9154
5m3a,6.2368
5mky,6.4508
5mjb,6.9081
6b1o,5.6397
5xzr,7.069
5t28,6.7961
5tg2,6.3247
5jh6,7.3624
5v8q,6.8251
5t66,6.0148
5ksx,6.954
5mym,5.9889
5u5t,7.2604
5xmu,6.5267
5orx,5.066
5twx,6.1462
5myn,5.6764
5mxx,6.9072
5myv,7.0076
5k6a,6.2906
5lca,6.0434
5vnd,7.2632
5ntq,6.784
5l01,7.554
5swg,5.115
5j9l,7.3321
6b1e,6.0688
5uwm,5.9026
5m7m,7.4832
5tyj,5.6364
5mrd,6.992
5w84,6.4526
5h22,6.4062
5u7j,5.9567
5npd,4.7052
6alz,5.1562
6ez6,7.0059
5uah,5.7264
5vlr,7.0711
5juz,7.2797
5v5e,7.0122
5tq4,6.4303
5q0l,7.1249
5m6u,6.8774
5k0x,7.4649
5llm,6.4527
5q12,6.2135
5uit,7.2245
5nhz,5.9325
5dyw,7.1322
5tnt,7.101
5v24,6.4651
5qby,7.2359
5mri,6.6599
5mar,5.9022
5mxk,5.8919
5ti5,6.2894
5u7l,7.6555
5gvl,6.6268
5xmp,6.0062
5t36,6.2758
5ue4,6.3886
5m6m,6.0199
5sys,6.8729
5ti3,6.2602
5v9t,7.2727
5l6i,7.0115
5n49,5.9162
5ttu,7.3666
5mkj,6.3331
5t4u,5.7627
5uox,7.2241
5t2b,6.8626
5j8i,7.3836
5ne1,6.1869
5gnk,7.3326
5vqq,5.6273
5v5d,6.7145
5vlk,5.9654
5q17,6.8167
5v19,6.3142
5ml0,6.2309
5j7s,7.3657
5mys,6.1613
5one,7.3135
6eku,6.6485
5uiq,6.0185
5q0i,6.0736
5dyy,7.0761
5lvx,7.084
5tts,7.4253
5tq5,7.226
5t1t,6.7589
5npf,5.8657
5o0s,5.3282
5tiu,6.7567
5x5o,7.7241
5tyo,6.2055
5uvc,6.6484
5q10,7.2923
5uor,7.2737
5t2l,6.7814
5h21,6.0885
5lhh,6.8473
5ubg,5.2909
5v83,6.5548
5t4v,5.5028
5v3o,7.0833
5v7t,5.9117
5mwo,5.181
5n20,6.4063
5mrh,6.9673
5mih,5.35
5u7i,7.6189
5v7i,6.844
5op8,6.7409
5h0h,7.4017
5hcl,5.2857
5h3q,7.184
5ksv,5.9661
5vew,7.0579
5q11,7.2765
5u7k,6.9055
5jk3,7.3066
5xms,6.4972
5lm6,6.168
5ogk,4.8366
5lhi,6.8337
5vqu,5.635
6eyz,7.0531
5q1h,7.5049
5t2g,6.8893
5mts,5.8683
5uir,6.5915
5oy3,5.9385
5v9p,7.5441
5ur5,6.1905
5v7w,5.6652
5vee,7.0249
5t27,6.7445
5h2u,7.5098
5k00,7.8206
5o4y,6.3072
5xg4,5.9442
5jmx,4.8419
5tyh,5.6268
5h14,7.1555
5n2f,6.0598
5ksu,5.8834
5npb,5.6283
5t1s,7.0916
5ur6,5.976
5or9,6.1008
5mqv,7.748
5w4w,7.4077
6bfn,7.1265
5uwl,5.9267
5v5n,5.5318
5ick,5.9639
5ntk,7.1023
5myl,5.775
5gn7,6.0803
5gn9,5.7761
5u5k,7.1069
5gvk,5.8623
5o45,6.448
5xvk,6.7808
5xvq,6.6781
5ufr,7.2813
5jur,6.6011
5org,5.7949
5n1z,6.0805
5ul6,5.2324
5llg,5.3431
5uhi,7.0709
5lyr,4.9292
6euw,6.5645
5h1e,5.7274
5ufo,7.3996
5nmf,5.9366
5n8b,5.8939
5lle,5.9199
5kly,5.6455
5llh,5.9846
5ukj,7.1309
5x4q,6.7526
6axl,5.5958
5nme,5.9777
5m63,5.0322
5km5,5.5068
5m3b,5.6098
5vr8,5.8644
5tyi,5.9538
5m34,5.7656
5h1t,5.9092
5vlh,6.5387
5wa9,4.9568
5na0,7.3455
5yu9,7.1774
5h1v,6.1206
5mev,6.9316
6ayi,5.0187
5u06,5.9381
5wyx,6.0426
5iz6,6.2395
5nu3,5.7362
5ul1,7.3017
5unj,6.0141
5w10,5.2172
5k48,5.5091
5mb1,5.7499
5wtt,6.7742
5mxf,4.2614
5g1a,6.8068
5nwk,5.7876
5n69,6.7416
5u98,5.6869
5g17,6.5901
6axk,5.5392
5h1u,4.9695
5may,5.7508
5nxq,6.6605
5xg5,5.0187
5mes,6.4755
5vb5,7.371
5wbl,5.9767
5jop,5.9357
5v79,5.6648
5llc,5.9776
5g60,5.3419
5lsh,4.8434
5klz,4.6774
5v7a,5.3846
5vb6,7.3854
5vll,6.5443
5u4a,5.5669
5u4e,5.5548
5m04,5.3341
5nu5,5.9082
5n8w,5.8859
5u4f,5.4826
5u48,5.4107
5u4d,5.4116
5llo,6.8855
5g61,5.343
5uk8,7.4658
5gut,5.6042
5t2t,6.4136
6aol,5.7047
5oku,5.0683
5n87,7.2995
5vqi,5.5909
5wa8,4.9568
5o0a,5.8619
5llp,6.901
5ybe,6.0666
5gmv,5.7304
5t18,7.2136
5bjt,6.1996
5wqk,6.0285
6awn,6.7204
6aom,5.6009
5u0z,5.2683
5km1,4.9455
5wl0,6.9782
5nwi,5.8408
5j20,7.148
5u49,5.313
5nkb,7.4215
5vad,6.7673
5nfb,6.3515
5u4g,5.6593
5wxh,4.9648
5fso,5.7858
5u0y,4.807
5n2x,6.5536
5nai,5.8737
5n58,5.8727
5w7j,5.3542
5y5w,5.7544
5n0f,5.5095
5tvn,6.3713
5wbk,5.8802
5mmg,5.7701
5u4c,5.479
5n55,5.8321
5xyf,5.8574
5tbe,6.655
5tpc,5.1582
5v4b,5.7116
5nad,7.8619
5h08,6.9038
5n21,6.203
5ttw,7.1296
5u1q,5.863
6eqp,5.6901
5hlm,6.2067
5h63,5.8071
5lto,5.2932
5u2j,5.3086
6eux,7.3222
5lo5,6.1414
5tqs,6.1956
5ngz,4.8277
5mty,6.7455
5wa4,5.5764
5kk8,4.7323
5tdb,5.2935
5mme,5.5182
5mql,6.8733
5y48,4.8238
5k0m,7.3719
5gg4,6.1743
5oei,5.0525
5n31,6.5721
5mo8,6.316
5hki,4.1398
5ofw,5.1282
5lrq,6.5491
5m9d,5.386
5nmg,6.081
5n7v,7.2692
5vsk,7.6996
5n8t,6.6873
5ota,5.4092
5u4b,5.3646
5wle,5.0723
5lpj,5.7033
5gj9,5.1836
5j82,6.5932
5mgk,5.3812
5vdu,5.5222
5vdv,5.5745
5vdw,5.908
5t70,6.4107
5vs6,7.5416
5usz,6.498
5vse,7.0597
5mra,6.2832
5nkk,5.5889
5x54,6.4505
5vc5,7.1587
5w7i,5.3562
5nn4,5.2115
6azl,6.166
5vcw,6.7989
5j71,6.7215
5v35,5.7035
5m5d,4.5097
5lws,6.1471
5n84,7.3046
5ta2,6.3548
5ioz,6.1441
5xw6,6.0512
5x4m,6.0519
5w6i,6.5716
6b7b,5.4175
5orv,5.2984
5f63,6.6484
5lpl,6.2681
5v5y,7.4696
5vc6,7.5125
5ut0,6.9834
5tci,5.6116
5mk1,6.0107
5wkf,5.6192
6b7f,6.3849
5wxg,4.9254
5ldm,5.4009
5j6l,7.2035
5ml2,6.5703
5ipc,5.6341
5jsg,6.319
5wyq,5.1856
5vwi,5.4045
5j64,6.8127
5wkh,5.6048
5ku6,5.4227
5mi3,5.2014
5uc1,6.7759
5wuk,7.1631
5u5l,6.771
5vcv,7.4825
5vfm,4.7839
5wbf,4.6457
5nk6,7.4665
6bnh,5.4212
5kj2,6.7412
5lvf,5.3958
5orl,5.833
5jn9,6.7959
5uwi,6.1614
5uwp,5.5241
5j8m,6.7349
5gvp,6.5997
5os4,6.6693
5njz,7.3897
5j3l,6.2062
5jzi,6.2024
5mtx,6.9624
5oug,5.6889
5mi5,6.3034
5nvz,6.8362
5nvw,6.6672
5ugh,6.7114
5orr,5.6111
5v8o,6.3746
5x9h,5.52
6bhh,5.847
5ntt,7.1106
5ldo,5.4037
5j6n,6.5424
5j9x,7.2314
5j6a,6.8457
5mg2,6.0251
5w5s,6.8045
5iyy,6.44
5wqd,5.6531
5y62,5.0312
5gmn,5.4834
5lla,6.5828
5j27,6.5713
5u7m,6.6881
5os2,6.3932
5nk2,7.491
5x73,5.6509
5gvm,6.6435
5j2x,6.7313
5y61,5.0124
5otc,5.4756
5kma,5.1137
5wip,5.6325
5o58,6.0275
5nki,7.4086
5nkc,7.0294
6asz,5.4325
5wlg,5.9648
5u66,6.8209
5nk4,7.3956
5mro,5.3735
5ouh,7.1764
5n18,5.6811
5o2d,5.8204
6esj,5.8693
5gv2,5.5102
5n93,6.6653
5g5z,5.3419
5x74,6.0214
6azk,7.1685
5lvd,6.5328
5n9s,6.7552
6euv,7.4494
5tpb,5.0166
5nbw,5.3584
5mgx,5.6026
5n9r,7.5012
5lpm,6.1236
5j6m,7.1565
6au5,6.1873
6ayh,5.1541
5n8j,5.4944
5n53,6.2213
5gja,5.1788
5jy0,5.2748
6bw3,5.8355
5szc,5.1503
5uwj,5.5297
5nvv,6.7806
5tgc,5.3704
5ml3,6.8456
5h85,6.5283
5ipa,5.4858
5vfj,5.1087
5wbm,6.7683
5vdq,6.2731
5nkg,7.3263
5wyz,6.1228
5yjm,6.9805
5kab,6.9112
5vdt,6.4118
5w99,5.4983
5xvu,5.5031
5w94,6.2708
5b6c,5.5665
5m17,4.8062
5nk8,7.3994
5tcy,5.6378
5j1r,5.5491
6ezq,5.8942
5n34,6.5506
5v13,5.874
5moc,6.1883
6bhe,5.743
5jq5,7.4769
5jhk,6.4176
5wic,5.1614
5ulp,6.3456
5m77,5.5261
5mwj,7.2015
5km3,5.5452
5lud,5.2292
5ujv,5.6252
5ta4,6.294
5jgq,6.5098
5nw1,6.6386
5oq4,7.3205
5t9u,6.4434
5ofv,5.1197
5u0g,5.4403
5n7g,5.9681
5t9w,6.4799
5nkh,7.4466
5nkd,7.0137
5ka3,6.848
5k9w,6.8518
5vdk,6.9566
5ovr,6.3827
5cpr,6.9624
5vcy,7.3619
5h5o,5.6109
5os0,6.4768
5w6r,6.5663
5w6t,6.744
5ko5,5.7918
5u0d,5.3934
5hyx,6.438
5tpx,6.0426
5vcx,7.3502
5vd3,7.4237
5vkm,4.2021
5v2l,4.9952
6b7e,6.6335
5gmm,5.4058
5myo,6.7701
5ly1,6.5489
5tzy,6.1862
5mqt,6.8601
5lpk,5.8767
5mrp,5.5144
5nn6,5.4368
5w1w,5.9583
6bw4,5.4566
5tq1,5.8302
5vzy,6.6313
5mn1,5.0293
5mnb,5.0293
5mnx,5.0293
5mon,5.0293
5jnc,5.0667
5mav,6.2414
5vwk,5.2572
5mnr,6.5692
5u0f,5.4362
5nka,7.2386
5txy,5.1669
5ty8,5.2417
5u13,5.3657
5jjm,5.9026
5nw0,6.9119
5mod,5.7245
5vfn,4.7276
5m2q,5.6923
5jhd,6.0755
5w88,4.9258
5wcl,4.9258
5ovx,6.3827
5myg,5.7197
5usy,6.3192
5tya,5.2115
5nw2,6.6257
5w6u,6.5859
5vd0,7.3089
5isz,6.0729
5wii,5.7855
6b7a,5.2703
5ma7,6.5384
5w4r,7.4525
5ka1,6.9007
5j8u,6.7141
5ndd,7.1338
5o91,7.1432
5ory,6.1669
5ml6,6.6584
5f61,6.5577
5b6g,6.2516
5h5f,5.5193
5tus,6.682
5w1v,5.9179
5os3,5.5187
5x62,5.4682
5kad,6.9274
5tw5,6.6013
5jm4,6.4218
5nk3,7.3851
5mk9,5.5594
5km2,5.3952
5ne5,4.6753
5ka9,6.8569
5n70,6.0862
5vi6,7.1422
5j1x,5.1364
5wqj,6.068
5wrs,5.5612
5mek,5.9993
5fsc,5.6317
5mi9,5.3339
5l26,5.3952
5u11,5.6106
5u14,5.1521
5wp5,5.5963
5n8e,6.0224
5nf9,6.3068
5mlo,6.4061
5n17,6.1733
5mz8,4.5824
5km0,4.9396
5n2z,6.5644
5m29,5.7113
5tuz,7.1402
5os5,4.6559
5ufp,6.2204
5lny,7.1446
5tcj,5.628
5ut4,7.2985
5vc4,7.4353
5orz,6.0142
5f60,6.5788
5t78,6.2796
5vcz,7.3263
5tuy,6.9512
5wbp,5.6085
5n3v,6.5369
5goe,5.5807
5jna,5.8346
5tgy,4.6101
5ka7,6.9265
5yc1,5.8368
5w38,4.9723
5x72,5.6509
5nk7,7.5259
5ttg,7.0877
5mrb,7.0389
5mnc,4.9837
5mny,4.9837
5moo,4.9837
5ogl,4.9257
5gmu,5.4632
5m28,5.6811
5tw2,6.5381
5os1,6.7546
5u9i,5.797
5mka,5.6455
5ll4,5.9731
5jsj,6.3946
5lsg,6.2356
5mqe,5.2474
5v2p,6.2324
5y59,5.8466
5v2q,6.2738
5g5f,5.4945
5ltn,5.9613
5irr,5.5636
5mxo,5.5618
5twj,5.2167
5j86,6.8412
5b5f,6.6373
5b5g,6.9477
5nfa,6.2064
5xup,5.6152
5m9w,6.1943
5n7x,5.817
5nzo,5.2619
5w1e,4.7856
5tzo,6.0186
5jn8,5.4144
5mi6,5.9581
5jgi,5.2012
5vsc,6.9994
5mgj,5.6609
5t8r,5.3469
5moe,5.7864
6b7d,6.5332
5lo6,7.1887
5mgf,5.7916
6bhi,6.0155
5km9,5.347
2ndo,6.2419
5uff,4.1242
5ut6,6.5846
5tv1,5.6027
5vsd,7.1255
5u0w,5.0895
5if6,6.3927
6au2,7.3648
5n16,6.6611
5x9o,5.9132
5fsb,5.6491
5ty1,5.3749
5ty9,5.3749
5x13,5.292
5xxk,6.9935
5lu2,5.5817
5tco,6.7657
5nzp,4.8748
5tbp,6.3361
5myx,6.8385
5f62,6.631
5ufc,4.6742
5go2,4.3417
5n99,6.1563
5osd,5.9659
5jcb,7.0848
5t6z,6.3752
5ofi,6.0296
5wbo,6.6328
5ot8,5.5692
5ijr,4.7732
5t9z,6.7472
5w5u,6.5658
5lt9,5.7195
5vgy,5.519
5nge,7.565
5t35,6.7658
5o0b,5.1095
5xn3,5.911
5gtr,7.2091
5u28,6.2032
5ldk,4.8463
5ldp,4.8463
5ose,5.6926
5n1x,6.177
5x4n,5.9384
5fyx,5.9751
6awp,5.6498
5t8q,5.3736
5ioy,6.3193
5ja0,5.8455
5gp7,5.5431
6b7c,6.3997
5kww,6.9894
5vsb,7.6358
6f0y,5.511
5u0e,5.2555
5kej,5.7042
5ngf,7.5761
5szb,5.1954
5ow1,6.8635
5kzp,7.11
5w4v,6.7814
5njx,5.4369
5aan,5.8996
5nk9,7.5206
5my8,7.7546
5u7o,6.7419
5wir,5.6238
5umz,5.7883
5nvy,6.7182
5vc3,7.4561
5mi7,6.2821
5mtv,5.255
5vd2,7.7786
5orw,5.9983
5t7s,4.4286
5n2t,6.569
5u12,5.2445
6axp,6.1856
5j7j,5.9134
5gsa,7.2504
5ll9,6.7848
5ot9,5.7144
5gs4,7.1697
5mpz,5.5691
5o4z,5.7257
5f5z,6.5278
5jhb,7.3977
5uxf,6.0191
5mge,5.9067
5t6p,6.45
5x4o,6.93
5ort,5.7565
5mk3,5.9403
5vdp,6.4036
5ml8,6.5748
5lyn,5.0308
5mlw,6.2868
6ayn,7.1799
5n3y,6.5267
5nzq,5.0614
5mrm,5.7422
5wio,5.6396
5x4p,6.7905
6b27,5.5386
6bhd,5.8617
5nyz,5.6413
5nz2,5.4353
5gof,5.5469
5ll5,6.2146
5gvn,6.5793
5nvx,6.8764
5mob,5.8828
6at0,5.4447
5oui,7.0906
5vsf,7.1071
5xo2,4.8664
5xof,4.8275
5vd1,7.315
6eww,5.9163
5wal,7.2695
5mw4,7.4103
5vo1,6.9708
5w7u,5.9559
5ult,6.336
5wlo,5.9279
5oq5,7.4886
5uv5,6.4035
5opb,7.4189
5uov,6.1869
5oq6,7.5351
5oot,7.4986
5nee,7.1265
5wb6,7.4154
5xp7,6.1576
5mim,6.3016
5opv,7.1987
5opu,7.0689
5nea,6.4542
5we9,6.0837
5mqy,7.0797
5lpd,7.2561
5v82,7.2436
5hz5,6.1244
5iu6,5.4871
5q0f,7.1954
5u6b,7.2431
5h4j,6.4133
5vo2,7.1229
5jzy,7.5034
5w9g,6.1503
5wev,6.8463
5tku,7.178
5q0g,7.1234
5tdi,6.6572
5op4,7.4339
5vb7,7.4783
5g22,6.8087
5n8v,6.2387
5op5,7.4194
6b97,6.9531
5op2,7.5503
5tqg,7.5798
5jfd,7.3554
5m4q,5.5649
5mby,5.5925
5t8o,7.4298
5oq7,7.5385
5unf,6.3271
5ung,6.3271
6b4l,5.2991
5unh,6.679
5wef,5.9128
5wyr,5.235
5waf,5.9746
5hh6,5.3354
5ura,5.1757
5hh5,5.1604
5upz,5.9167
5q0e,7.2111
5kns,5.2185
5knx,6.2422
5m7s,6.3524
5ur9,5.3769
5vp9,6.5866
5q0d,7.137
5wqc,6.7931
5ws3,6.7954
5hh4,5.1874
5m23,6.7902
5t8p,7.2233
5ljt,6.9473
5n24,6.1378
5oq8,7.5714
5x5g,6.0906
5mlj,5.7684
5uoo,6.1846
5knr,5.5373
5ndf,5.5179
5uex,5.9727
5kyk,5.8315
5w3i,5.8421
5gwa,6.1046
5td7,5.2144
5vkc,6.4036
5n1s,5.203
5v8p,6.7187
6eo8,7.1306
5g2b,7.1721
5wcm,5.0695
5n1r,6.227
5uig,7.2024
5gwy,7.2666
6en5,5.6482
5qcm,7.2046
5vtb,5.9098
5qcl,6.739
5u8f,7.3694
5l8a,6.2287
5jha,7.3237
5q0h,7.3895
5knv,5.4089
5uwn,6.1381
5nih,5.4364
5thj,5.0032
5hvu,7.1189
5m4f,5.8753
5m4i,5.8712
5m56,5.6881
5u8a,7.3121
5ugc,7.3448
5m4u,5.6942
5uln,5.8848
6b96,7.2588
5vjp,4.863
5th4,4.887
5mae,6.7848
5nf5,5.4472
5mhp,7.7085
5k1f,4.9611
5obj,6.4972
5n25,6.1011
5ueu,6.0977
6eo9,7.2681
5wae,6.0703
5uf0,6.0581
5uga,7.2864
5ugb,7.316
5mte,6.4686
5neb,5.306
5mkr,5.7816
5mks,5.6619
5nfh,6.3469
5gwz,7.2561
5tqe,7.1635
5ng9,5.4659
5tt3,6.792
5ljq,6.9433
6awo,6.7356
5m4k,6.0534
5uwk,6.2205
5iz8,6.2053
5uv1,5.7549
5opr,7.4611
5upf,6.8641
5osk,6.957
5u6d,7.6137
6esy,5.8213
5v4q,4.6841
5knu,7.8666
5mjn,5.2282
5k1d,5.2901
5o4f,5.2857
5y7w,6.0883
5un9,6.5534
6b4u,6.3575
6b98,6.6646
5w13,5.5785
5iez,6.4163
5qck,6.8365
5u6j,7.3092
5vij,5.961
5thi,4.9823
6b4n,6.4731
5tg6,6.0745
5u8c,5.899
5tg7,5.9518
5kks,7.1604
5ug8,7.2953
5wei,5.7928
5iza,6.3383
5nx2,7.2275
5tkt,7.1063
5ufs,6.5846
5n0d,6.7149
5nn5,5.1814
5tp0,4.8824
5n0e,6.7142
5voj,6.9327
5iz9,6.1689
5g57,7.0124
5m7t,6.6823
6f3f,5.5122
5tt8,6.4879
5vih,5.8048
5tuo,6.2763
6b16,7.2313
5t19,6.9217
5o07,5.4765
5mfs,5.6579
5mft,5.6579
5maj,6.907
5nf6,5.3933
5dpx,5.2123
5knt,5.331
5wac,5.9946
5uv2,5.7549
5ufi,6.958
5m2v,6.4712
5obr,6.6231
6ep4,4.4268
5g1z,6.6403
5m44,6.9356
5m4c,6.9356
6equ,5.4634
5vt4,5.1719
5w14,5.7599
5tg4,5.9852
5uey,5.7728
5mfr,5.5357
5vii,5.8903
5wzr,5.3962
5w12,5.6307
5v6u,5.386
5om9,4.5355
5m25,6.435
5tfx,6.713
5u69,7.2816
5wag,5.9103
5ti0,5.0029
5ofu,4.8881
5u94,6.23
5wex,5.8187
5v0n,7.4527
5tks,7.1365
5m0m,6.9685
5qcn,6.8521
5w8v,5.974
5v1y,5.7804
5wad,6.0623
5xhr,5.3971
5nin,5.3839
5ula,6.3444
5kez,7.2203
5two,6.9734
5n6s,5.5011
5tv3,6.8056
5l87,6.0913
5ops,7.0273
5vjn,4.7719
5j87,7.2232
5m7u,6.7917
5ug9,7.3276
5lce,7.2918
5vsj,5.1871
5thn,5.0381
5tg5,6.0952
5uez,6.2984
5upe,6.6213
6f22,6.1137
5qil,7.2365
6ccy,7.5437
6f3d,7.1697
5kpk,6.955
6c6o,4.9606
6c4g,6.8956
6f23,5.7387
5qim,7.1425
6ffn,6.6856
6ba7,4.9768
5xyz,7.156
6do3,5.597
5ni5,7.0465
6esn,6.7221
5o7e,6.2549
6df7,6.3495
5y6e,5.5871
6ckx,7.3784
6fgq,7.093
5yg3,7.1635
5kpm,6.9543
5nib,7.2017
6do4,5.5083
6f3i,7.4095
6df4,6.0017
5owc,5.4514
6hvj,6.8448
6bbu,6.9049
6fex,7.4221
5ni8,7.1751
5ni7,6.6965
6bfp,7.2124
6f1x,6.2752
6gin,7.2899
6cck,6.3868
6ed6,6.9733
6bir,6.0577
6frf,6.7518
6gip,6.5868
5osy,5.895
5yg4,6.9275
6dzq,5.4028
6ft8,6.7626
6h1i,6.9344
6hvh,7.3337
5qin,7.2178
6ew3,5.7736
5yso,6.2634
6cco,5.7376
5y6d,6.0462
6cz3,7.8142
6mr5,6.1504
6ffs,6.4661
6dcz,5.2325
6do5,6.2482
6f3g,7.3832
6bu1,5.8054
6cje,6.2703
6f3e,7.1558
6h7z,6.582
6cgp,6.4899
6cz4,7.8331
5wgd,7.0113
6ggn,6.5289
5ux4,7.6735
6f5h,7.6035
5wzu,5.9428
5t31,6.9863
5lh4,6.9756
5ncq,6.3532
5wdj,5.6887
6ft9,6.6653
6q73,7.2043
6bsk,7.0118
6cis,6.6472
6hkz,6.6973
6fqo,5.7465
6ep9,7.3608
6fr0,5.7448
5x02,7.4341
5w8i,6.8606
5mwa,5.8414
6apz,5.7542
5y8c,6.1837
6c7d,7.7405
6gi6,6.5032
6etj,6.5201
6hdq,6.7983
6ciy,6.609
5wzv,5.9225
5g6u,5.3211
5wzt,5.7458
6biy,6.1259
6giu,6.2997
6ft4,6.0076
5y8w,6.4274
6czv,6.4512
6cmr,6.6687
6c7f,7.4008
6c2y,7.344
6ccq,5.6698
6g4m,6.3296
6hdo,6.2308
6biz,6.138
6cw8,6.5935
5wzs,5.9131
6e9w,6.9509
5zh2,6.4259
6g6w,8.144
6f2n,4.8158
5yzd,5.783
6c8p,5.8833
6g5j,5.7024
6biv,5.4773
6bix,5.528
6dqb,7.7872
5z9e,5.5672
5wgq,6.5982
5yve,6.6646
6bx6,7.4249
6h7y,6.3912
6dqa,7.6028
6ft3,5.9102
6mx8,7.1479
6hvi,6.9721
6c7i,7.5052
6acb,7.3251
6i8l,6.0077
6eum,5.5289
5o7n,5.7969
6fkp,5.3649
5ylt,6.3636
5y0z,7.4265
6bin,6.0426
6ffh,7.0517
6czu,6.485
5x27,7.2092
5l9h,6.9946
6gy1,6.5829
5kpl,6.847
6bjo,5.5019
5z4o,5.1486
6d4o,6.5873
6ar4,5.4879
6bil,5.9185
6axb,5.6358
5y8z,6.4919
5zun,7.5159
6f5l,4.9855
5zz4,7.2918
6h1h,7.0397
6iil,6.8033
6aak,7.4403
6gop,6.0767
5wkl,6.7944
6bbv,6.877
5yqo,7.5325
5o7i,6.4937
6iin,7.1796
6e4f,7.328
6aum,6.9602
5y86,5.202
6f8u,6.6768
6bij,5.8986
6e9l,6.9296
5okt,7.194
5w0e,6.4177
5z4h,5.1838
5nr7,6.6673
6cyb,6.3207
6hkj,6.4041
5xgh,7.2991
6ck6,6.6055
6dl9,5.8485
6e99,7.2356
5zwe,6.5359
5zob,7.2299
6au9,5.4011
5wzw,5.818
5zfi,7.2138
6c7j,7.379
6bkh,7.5648
6hmx,7.0137
6g3y,6.9284
5zz2,6.998
6few,6.961
6fil,6.9327
6g8n,6.4609
5w0i,6.433
6bqa,6.1359
5vil,6.9149
5zeq,5.7181
5yof,5.8071
6c7b,5.5163
6bln,7.6295
6dko,5.869
6bib,6.7003
5mwg,5.9497
6hjj,7.4117
5wg8,5.8366
5zwf,6.5274
5yjf,6.9341
6cjw,5.7945
6ev0,6.8296
5zwh,6.5918
6br2,7.3321
6br3,7.6928
5mxq,6.0655
6g7f,5.1907
6h7u,4.927
6hzp,4.927
5xpn,6.6924
6c0u,7.4862
6c5t,7.1819
5nwd,6.783
5ows,6.8878
5w0q,5.8179
6gn1,6.6488
5nq5,5.7256
5wi1,5.7977
6f34,5.0542
5yfz,6.8645
6bl1,7.4126
6fdq,6.6407
5yjy,5.9887
6hsz,6.8415
5xv7,7.2618
6dvl,6.8564
6eqm,7.3714
6fyv,7.2652
6g93,7.1995
6gl3,7.7528
6h3k,6.8422
6fr2,7.3659
6iik,6.844
6e2n,7.1388
5wfc,7.2379
6fnx,6.3331
6hu0,7.031
5nra,5.8741
6by8,7.4105
6hu2,7.0265
5nzm,6.1529
5nut,6.7778
5wh6,6.739
6bg3,6.5429
6ful,5.4867
6fo7,6.8791
5w2p,6.2448
5w2q,6.2448
5yg2,6.9194
5mzg,5.7214
5olb,6.398
5xyx,5.736
6eox,6.2864
6fyp,7.1283
6cyc,6.3808
6dvn,6.3971
6cq4,7.4547
6dxg,6.2389
6as6,5.6359
5nvh,6.293
5ocj,4.9574
6ez9,4.9469
6bsm,6.3905
5nrf,5.7856
6g2a,5.6727
6cho,6.3743
5nvf,6.3667
5nwb,6.7681
5uz0,6.7138
5w0f,6.6975
6f6u,6.5811
6f8v,7.0764
6c2x,4.8819
6fo9,6.8684
5y5u,7.2328
5yz7,5.1975
5nr8,5.7656
5nt4,6.4253
6f8x,6.95
6c7g,7.7908
6fo8,6.8241
5zmq,6.3072
6bmx,7.0338
6di1,7.2868
6cef,5.2469
6gxu,6.2595
6htz,6.9472
5w0l,6.429
6buv,6.1805
6ht8,6.8863
6hu1,6.8728
6ftn,7.1799
6chm,5.7198
6bqk,7.0829
6bg5,6.3605
6q6y,7.0902
6h9b,6.9804
6ge0,7.2018
6bt0,6.6373
6es0,7.029
5y93,6.3369
6ds0,6.337
6fqu,6.0986
5of0,6.2724
5zwi,6.5918
6hd4,7.1948
6fdc,6.9822
6g4n,6.7051
6g1u,6.1682
5vio,6.9988
6bic,7.1084
6c7e,7.3353
6dlj,5.8783
6bid,6.5534
6ew7,6.1065
6ezg,6.695
5yov,5.8504
6fyi,5.652
6fdu,6.7462
6gmd,5.7709
5xpl,6.9468
5nat,7.1131
5o48,6.8572
6f8r,7.0828
5zh3,5.832
5y5t,6.8545
6fzu,6.1588
5wvd,7.0608
6g9a,7.2161
6bmv,6.6241
6e2m,7.0423
6c5q,6.9932
6htt,6.6841
5o1s,5.4567
6g28,5.1721
5qik,7.5162
5w8h,6.9174
6fob,6.8464
6dxx,7.3013
6ccs,5.4955
5xpm,6.5134
6cjy,7.1964
6f8w,7.0502
5wjj,7.6756
5o9h,7.3792
6fgl,5.6574
5oae,6.2928
6ary,5.4916
5yql,7.0772
6gx3,6.9045
6dud,7.401
6hjk,7.1525
5wfd,7.2081
6ela,5.6728
6bky,5.2158
6ccl,6.0915
5xst,7.0779
6g07,7.051
5wg6,7.0575
5nt0,6.6846
6fn9,6.0507
6mrg,7.1243
6esm,5.6862
5nwh,6.5885
6cyd,6.4797
6g9n,7.2653
5yzc,5.5415
6exm,6.8021
6hm6,5.8761
6ewe,4.645
5x33,5.4652
6cen,5.8088
6b41,7.1294
5ohi,7.4804
5o4s,6.0179
5xag,5.8278
6dcy,5.3141
6b31,6.5915
6cjh,6.5617
6aah,7.1005
6eji,5.7123
6ccn,5.9391
6fu5,7.0369
6alc,6.6578
6c0r,6.7205
6g91,6.5883
6ehh,5.7351
6ek3,5.1919
6gh9,6.2125
6d8e,6.9583
5ye7,6.5938
5ye9,6.5728
5nve,6.6364
6cq0,7.1102
5wi0,6.2722
6ekd,7.1528
5xpp,6.7049
6duh,6.6909
6ce8,5.2088
6dvm,6.4226
6fyk,7.3491
5yun,5.6098
6g9h,7.3248
6g8m,6.4603
6g9j,7.1795
6g97,7.2654
6c0n,6.7042
6g9d,7.2672
6chq,6.379
6cd4,7.1139
6bke,7.5365
6cqf,7.513
5zh5,6.43
6aam,7.2619
6enm,6.1708
5nsx,6.8759
6g9k,7.3204
6bkx,7.2953
6bl2,7.1663
5xig,6.613
6dgt,7.3108
6c0t,7.3312
6fer,7.6392
6gxw,6.2204
6gih,6.0619
6da4,7.8051
6ck3,6.8839
6cec,5.5629
6arv,6.8283
6bq0,7.2829
6db4,6.6412
5x28,7.2131
6aaj,6.8855
6cn6,7.5453
5yji,6.8875
6ei4,5.8066
6g0w,5.98
6cj1,6.675
6anl,7.0972
6dug,6.6842
6f6r,6.3211
6ccm,6.3442
5zms,6.5449
6hdn,6.1368
6hu3,7.3761
5xij,6.6785
6ey7,5.7798
6ekn,6.3058
5w6o,6.4692
6e06,4.7058
6e05,4.7058
6db3,7.3789
6cki,6.5139
6cq5,7.1487
6g1v,6.1778
5w5k,6.2497
5x26,7.2091
5yea,6.2558
5ztn,5.5773
6bkw,7.6273
6cmj,7.3954
6en4,5.8875
5xfj,5.6614
6c42,6.5663
6asu,5.7563
5xff,5.6992
5mxr,6.123
6f8b,6.3704
5nuu,6.9847
6q74,7.0284
6bik,7.4954
6cj5,5.6508
6dnp,5.116
5owt,6.7144
6hf5,6.1027
5ow8,5.5192
6b30,6.9487
6dvo,6.9938
6bmr,6.1065
6gxa,6.0151
6euz,6.8181
5nvc,6.7114
5wh5,6.739
6cee,5.5254
5nwg,6.9545
5yjo,7.1516
6ay5,6.9559
6ax4,6.5572
6f4n,4.7418
6fzx,6.4005
6fod,6.8844
6g1w,7.2274
5zh4,6.4103
6mvx,6.8026
6duf,6.6945
6gz9,5.5434
6b33,7.4521
5wkm,6.8096
6bh8,6.998
6g9m,7.2953
5nwc,5.7926
5nqr,6.4131
5xih,6.9653
6afr,6.1208
6fgy,7.0972
6mx3,5.5998
5xii,6.9131
6hth,7.033
6g92,5.461
5vm6,6.4525
6hm7,7.0661
6f6d,5.9728
6b5j,7.325
6dcg,7.212
6fyl,7.1906
6f8t,6.4633
6e0q,5.4562
6ety,4.9855
6bo6,6.5311
6emh,7.2072
5xpo,6.9154
6ffi,7.0833
5w6e,7.3545
5xyy,6.9643
6ay3,7.071
5ygi,6.3188
6i3s,6.2006
6ezh,6.7446
5yqn,7.5535
6hsk,7.4978
6ex0,5.6909
6hti,6.8467
5wf7,7.1896
6axq,5.4205
6fs0,7.157
5mpk,6.7383
6ma3,6.1859
6ma5,6.2175
6ma1,6.2104
6d56,7.085
6eq8,5.0506
6cus,5.6065
6cks,6.5535
5nlk,5.6184
6eol,5.9005
6fa3,7.0536
6fyz,6.6041
6d55,6.6977
6ma4,6.1886
6fa4,6.6743
5ygd,5.7673
6ckr,6.6986
6bh1,7.1324
6epz,4.3631
6chp,6.6618
6ht1,7.0432
5mpn,6.5919
6as8,5.5386
5ypo,5.7809
6b2c,6.6211
5unp,7.4217
6fs1,6.3193
5yj8,5.8447
6afl,5.6689
6b1c,6.6075
5ymx,5.5353
6d5h,6.0031
5ywx,6.113
6h7o,6.984
6d5e,6.6465
6bgy,7.3836
6ajj,6.324
6cve,4.7058
5vk0,6.6547
6bgv,7.1324
6ghh,5.5065
5ya5,6.1701
6fo5,6.6028
6msy,4.7331
6mub,4.8316
6eq7,6.2195
6b1k,6.0218
6bgw,7.416
6fa2,6.7804
6bh0,7.1324
6cqz,3.7874
6cqt,4.0401
6fsy,6.4447
5y97,4.5624
5z7j,6.1271
6bh5,7.1332
6d5g,6.7798
6dq8,7.6594
6df1,6.3201
6gfs,5.5065
6f5u,6.6288
6ajh,6.1319
6nao,6.8522
5xhz,5.2179
5yyf,6.0689
6epy,4.728
5w4e,5.4493
5v37,6.8615
5y21,5.3342
5uc4,5.9574
6f7t,6.4468
6ar2,5.2368
5zia,5.6342
6fbv,5.7123
6gf9,5.5133
6bgz,7.0258
5xjm,7.1134
6ghp,6.2924
5ucj,6.9944
5xo7,6.1702
6cvf,4.9936
6d5j,5.856
6bgx,7.3198
6bny,7.1451
6coj,5.5609
6gvz,5.6273
5yf1,5.4247
6afj,5.253
6bgu,7.0001
5oxl,5.7903
6czi,5.8504
6er3,5.6585
6drx,7.0264
6ce2,5.8221
5vyy,6.1373
5ygf,5.8871
6mwe,7.5114
6afi,5.222
6f6i,6.796
6c91,5.2568
6cv8,5.5659
6gjn,6.9986
6afh,5.133
6e5x,5.8253
6fmj,6.7616
6dkb,7.2182
6mu3,4.7331
6eq3,5.5473
6cdm,5.4681
6ckw,6.5006
6ge7,5.5065
5y6k,6.7819
5nwz,6.2598
5w5v,6.9076
5muc,4.2905
6afc,5.5764
6f6n,7.0272
5oht,5.7758
5uch,6.3462
5xwr,5.7896
6cdo,6.3394
6f09,6.023
6epa,6.0715
5ovc,5.4711
5umx,6.0071
6b5i,6.5077
6bu0,5.6269
6ey9,6.6232
5ugm,6.1947
6f7c,6.704
5yvx,5.6684
6fv4,4.8038
6gw4,5.6279
6f6s,6.7213
6fmc,6.8827
6fmf,6.8818
5wmt,5.5366
5zk8,6.6002
6f7b,6.9729
6mnf,5.0346
5vb9,6.4679
5z68,5.0359
6eq2,5.2208
6bm5,5.4106
6cw4,5.5558
6ey8,6.5532
5owf,5.4491
6mj7,4.6358
6ftp,6.9454
6ced,5.4533
6cms,6.641
5vm0,6.1504
6eog,5.9181
5y80,7.5086
6cdp,6.4535
6ajg,5.6796
6b5r,5.6189
5un1,6.3166
6czf,5.67
6dxl,6.3562
6er4,5.5298
5za2,6.6869
5zk3,6.8304
5mwh,6.2912
5om7,6.9324
6avi,5.916
6b1h,6.058
6b1f,6.058
5mtw,6.0657
6cdg,5.9354
6eyt,5.5585
5o3r,4.9808
6gnw,5.1264
6aoy,5.081
6arm,5.1135
6drt,5.7303
6f4x,4.9735
5oxn,5.8423
6ftz,6.1334
6ct7,6.4271
5qap,5.9165
5qam,6.0983
6cvd,5.2825
6bnk,6.3934
6bef,5.5681
5os8,5.7413
6fx1,4.8115
5umy,6.0918
5yvt,5.5124
6evq,6.7233
5o22,5.999
6fkq,6.1141
5zw6,5.4702
5yft,4.8431
5xiw,6.5792
5nap,6.4666
5yz2,4.7038
6b5a,6.2242
5yc2,5.4518
6hmg,4.8962
6hai,5.9102
5yqx,6.4932
6bnl,6.5417
5qa7,5.3867
5qan,6.2399
6fgf,6.3481
5o1c,6.3181
5o1g,6.2419
6g9i,6.4911
6chn,6.7126
5nn0,6.8945
5yc4,5.1167
5nkn,6.1127
5qaa,5.7298
6min,5.8764
6glb,7.2629
6gfx,5.6979
5otr,5.8702
5ytu,4.4215
6dq4,7.0492
5o9o,7.0547
6clv,5.6524
6e4u,6.9804
6afg,5.0874
6gy5,6.3443
5yfs,4.897
6cfd,6.4479
5xgl,5.8266
5nwe,4.9016
5z99,5.1522
6el5,6.8906
6gl9,7.282
6gji,6.6396
5ylj,6.4084
6gjl,6.4947
6fnf,7.5598
5oha,5.8021
6am8,4.8769
5z7b,4.9068
5yc3,5.1152
6eqa,6.1782
5qat,5.6596
5y6f,5.9794
6fnj,7.155
5mo2,6.4603
5mnn,6.4603
5mno,6.4603
6csr,6.0695
5qah,6.3022
6f5w,4.6242
5o1h,5.8458
6h2t,5.3906
5y7z,7.5534
6bcy,6.0584
5qai,6.0772
6gu7,7.1802
5qb0,5.9013
6aox,4.0696
6eq6,5.8618
6g36,5.7866
5zuj,5.3302
6bd1,5.7113
6czc,5.2284
6fbw,6.1874
5yba,6.3784
5o0j,5.7371
6gu2,6.5883
5qax,6.1693
5mos,6.4603
5y94,6.5088
6g0v,5.6082
5yh8,5.4675
5n7b,6.5129
6cnk,7.2763
6g35,5.7432
5qa8,5.421
5qar,5.9504
5qa4,5.6946
5qad,5.5372
6fuh,5.991
5qa6,5.4713
6faa,5.3417
6fa5,5.3287
6fac,5.3041
5o5a,6.904
5orj,5.9375
5vkf,5.383
6bj3,5.8487
6fgg,6.0531
5od5,6.0935
5nyh,7.0955
5zop,6.7679
5wew,5.6071
5xsu,7.0256
6i8y,6.9162
6gu6,7.4545
6gjr,6.6101
5yhl,7.0485
5ov8,6.3097
6dub,6.2516
6eq5,5.2289
6fse,6.2886
6cd8,5.3346
5nne,5.3661
6evn,5.3853
6fba,5.8387
5qas,6.1113
5wa5,6.7533
5odx,7.1525
5z89,6.4223
6bvb,5.4355
6e4w,7.2063
6e49,6.0703
6bed,5.2464
5olk,5.2382
6bdy,5.5573
6mim,5.7028
6hm4,5.9868
6aqf,6.8078
6e59,7.471
6gon,4.7116
6goo,4.6177
6h96,5.7699
5o3q,5.4718
6b5t,5.4954
5zoo,6.6455
6fi4,6.2665
6fhu,5.203
6dki,7.2805
6gl8,6.1608
5zvw,5.478
6bh2,7.1189
6c99,7.5657
6eq4,6.1404
6cdc,5.9023
5oua,6.3313
6egw,5.8787
6dkg,6.8645
5vzu,5.4312
6chh,6.3394
6faw,6.1923
6f4w,4.9735
6e2o,7.1751
6boe,7.2108
5xsr,6.8068
5znp,5.8096
5moq,5.0795
5mng,5.0795
5mnh,5.0795
5mo0,5.0795
6bm6,5.4805
6d28,5.696
5qag,6.0257
6gjj,5.702
5yhe,5.4733
6b3v,6.9743
5os7,5.7709
5o55,7.0847
5o1b,5.8408
5qb1,5.9675
6fut,6.8331
5zt1,4.9553
5znr,5.9223
6fmk,6.7734
6cfc,5.0362
6bbx,6.6343
6hke,4.6244
6dk1,5.8848
6g6y,6.02
6g6z,6.0671
5qak,5.6008
6guf,7.2848
6cwn,5.3393
5qab,5.5451
5ndb,5.467
5o1d,5.801
6bee,6.7709
5qa9,5.4218
5ork,5.8078
6elp,6.498
6g38,5.6975
6gub,6.4062
5uxn,4.6892
6g0q,5.4543
6eq1,4.5463
5qae,5.414
5qao,6.2584
6gfy,6.8385
5oqu,5.91
5o87,7.0192
6beb,5.6688
6f1j,4.6318
5qac,5.5836
6ahi,4.9623
6css,5.8294
6guc,6.8992
5n1p,6.2713
6egs,6.258
6gjm,5.6885
6guh,7.0982
6fnq,5.1131
5ost,5.2514
5oaj,6.5197
5yyb,5.3092
6co4,5.6156
5oax,6.4834
5wj6,7.1301
6gla,7.3198
5oss,5.2459
6gnp,6.1819
6hsh,7.5646
5z95,6.4112
6miq,5.5714
6evp,5.4348
6aji,6.223
5o0e,5.91
6em7,6.0822
6ema,5.8576
6eru,6.0238
6esa,6.2209
5nau,6.2669
5qaq,5.9844
6cwi,5.3244
6cwh,5.3244
6cwf,5.3244
6ggv,5.5642
6e83,5.0786
6f9g,5.3468
6hd6,6.8682
6fi5,6.1877
5oa6,6.5542
6hpg,5.2094
6gr7,5.4374
5zu0,5.4988
5zzw,5.526
6g14,5.9538
5xvw,5.7362
6afa,5.2485
6af9,5.2485
6grp,5.9257
6fe1,6.2465
6fhq,5.9152
6h7n,7.3872
6ekq,5.968
5owa,5.9397
6gnr,5.6113
5uxm,4.5752
6fau,6.181
5vl2,6.2337
6a6w,5.7784
6afd,5.2865
5xs8,6.1501
5mqx,4.8811
5yv5,5.8605
6aff,5.5768
5y20,4.9974
5qa5,5.5289
6gfz,6.8385
5o1f,5.9251
5o1a,6.0032
5vh0,5.5205
6ami,4.8722
6fhk,5.1765
5yl2,5.5382
5qaf,5.4375
6gbe,5.7654
5yqw,4.9366
6bau,4.3416
6g86,6.1965
5ybi,4.9531
5vqe,4.5183
5nud,6.3517
6fe0,6.1037
5qaj,5.3664
6eya,7.0549
6h7b,5.7198
5o1e,5.8238
5ovv,5.3421
5yto,4.6122
6hoy,6.0051
5ogb,6.2669
6ccu,6.1358
6q3q,5.1838
5qal,5.3615
5msb,5.0295
6fui,6.2899
6hqy,7.1036
6mdq,6.7702
6h8s,6.5504
5w8j,6.9826
5yy4,7.2321
6g9u,6.5029
5osl,5.6532
6ei5,7.1783
6cd9,5.8353
5yij,5.3707
6hk6,6.7449
6csp,5.8337
6f08,6.0146
5o9r,6.4828
5ody,6.472
6c3u,5.5553
6ma2,6.2175
6eyb,6.4373
5uci,5.9314
6g3a,5.7442
6baw,5.468
6g15,5.9493
5ol3,5.8494
6erv,5.9153
6erw,5.9153
6cer,5.6521
6ap6,5.9044
6afe,5.2089
6an1,5.7498
5o9y,5.9398
6b5o,5.4958
5y24,5.4457
6g39,5.7814
6ap7,5.8956
6fav,6.2686
6g0z,5.7017
6h1u,5.3276
5oah,5.5626
6ezi,5.2287
5qaz,5.3342
5qaw,5.4663
6b1x,5.6936
6b1y,6.0376
5nze,4.8466
6csq,6.0273
5orh,5.8768
6g37,6.0749
6b22,6.036
6b1w,6.1391
6b1j,5.6932
6gu3,7.2154
5wep,5.485
6e4a,6.7085
6h77,4.886
6h78,4.7741
5w2s,6.1856
6mv3,4.9974
6hly,5.341
6hlz,5.3332
6hm2,5.4201
5ods,5.9355
6exj,5.6774
6czb,4.6992
6dlx,5.4536
5wij,6.92
6f20,6.1057
5qb3,6.7756
6gue,7.1623
5o1i,5.283
6bj2,5.8507
6gmq,5.3355
5vnb,4.9548
5yls,5.5148
5tkk,6.5945
5xpi,5.6903
6gzh,7.4941
6gzm,7.379
6bcr,6.0595
6fdp,4.9839
6bw5,6.868
6cpw,7.5052
6et8,5.7879
6b5q,6.8807
6g34,5.8158
5o5m,6.9315
5ot3,6.9148
6ert,6.937
6bhv,6.669
6cf6,5.5355
5zla,4.9437
5zku,4.9622
6fdt,4.9782
6fug,6.3373
6fuj,5.9526
6elo,6.9795
5nz4,4.8917
6gnm,5.0483
6f1n,6.7848
6bod,7.0488
6mxe,6.5387
6df2,6.3532
6fjm,6.3402
5xmx,5.9537
6fsd,6.3469
6g9b,6.5822
5umw,6.0308
5qay,5.7462
5ywy,7.054
5v3h,7.3302
6atv,5.2324
5wmg,6.628
6d6u,7.5427
6d6t,7.5387
6g85,5.8297
5o9q,6.4964
5zo8,5.4529
5zo9,5.4529
6d1x,5.6643
5zkc,6.5531
5yc8,6.5531
6dq5,7.1463
5otz,6.0036
6arn,5.1056
6g47,5.219
6gmx,5.5024
5oxk,5.5997
6mjf,5.2173
6ghj,6.0043
6fjf,7.1878
5ohy,5.3846
6evo,5.43
5niy,5.3278
5wik,6.7767
6fu4,5.6357
6f8g,5.5961
5yyz,5.8048
5wou,5.4634
6hlx,6.1203
6htg,6.7784
6f55,5.98
6c28,5.8968
6ckc,5.6125
6fni,6.8516
5y2f,5.831
5tkj,7.0647
6fap,5.5413
6fi1,5.784
5mwz,5.5482
6aro,5.1906
6gw1,5.907
5xbt,5.6503
6gzl,5.6219
6cnj,7.2763
6gwr,7.001
6cc9,5.6208
6ccx,5.6208
5qav,6.0722
5qb2,6.1715
5qau,5.8267
6h0b,5.1056
6g98,6.5108
6guk,7.2658
6cct,4.9986
6fng,7.4805
5obg,6.1414
5o8t,6.4024
6cvv,4.783
6h7f,6.6168
5vrl,5.8957
5om3,5.946
6c4u,5.0889
5o9p,6.489
6ap8,5.6559
6e86,5.0889
6dik,5.3104
6dq6,7.1103
5ok6,5.8678
6e4t,7.2318
6b67,7.0937
6hpw,6.7662
5w7x,5.5811
6hrq,7.0867
5var,6.104
5y8y,6.0169
6beh,6.6692
6agg,5.0706
5om2,5.9081
6ce6,5.9095
5xhs,6.3793
5oci,7.122
6chl,6.381
5yy9,5.152
5ovp,5.7085
6fby,6.3059
6emu,5.1112
6fmi,6.7349
6fii,6.77
5oa2,6.5116
6gzd,7.2565
6i8b,7.1857
6eln,6.7811
6h41,6.4896
6cze,4.9536
6fns,5.5705
5win,6.1768
5w4s,5.9596
5yhg,5.496
6bgg,5.5825
6fam,4.6489
6bec,5.5728
6bxy,7.3926
6bmi,4.3406
6d50,5.1007
6exi,5.3863
6e9a,6.5773
6cdj,6.2097
5xvg,7.0116
6cdl,6.2097
6h5x,6.2172
6h5w,6.1491
6dif,5.9743
5web,6.4978
6gbx,7.3886
5w92,6.4613
6cn5,7.759
6dj1,5.9477
5xva,6.9379
5wb3,6.3058
5ykp,6.0291
6apv,6.0968
6bbs,6.0187
6czd,4.7864
6bqh,7.2132
6drz,6.8946
6g4z,6.8132
5yr5,5.9821
6dge,5.2406
5y0g,6.1994
6ebe,5.749
6eda,5.749
6dar,6.6428
5y0f,6.0957
6b8y,6.4015
6aps,6.3418
5vja,6.262
6ecz,5.6821
6aqq,7.4451
6bu3,6.0589
5wdw,6.1297
6eeh,5.7105
6e7j,6.2385
5w44,5.8799
6bc9,6.1862
6dry,6.7456
6eeo,5.7755
5wfm,6.5571
5wap,6.1242
5n9n,6.1986
5wa6,6.0213
6h36,7.0403
5n9k,6.4977
5yr4,6.3621
6got,5.293
5wdc,5.8378
5wa7,6.0066
6f92,5.6826
6cbh,6.5294
6g3o,6.8275
6hh3,5.4674
5y12,6.1323
6h2z,6.8386
6h34,6.6983
6c8x,6.5837
5w73,5.9644
5ou3,5.5571
5laq,7.0911
6eea,5.8195
6ays,6.7213
6apw,7.3831
6h33,6.7268
6eiz,5.3237
5xvf,7.0346
6aqo,5.7131
6b4d,6.7251
6bvh,6.5906
6c7q,6.235
5kw2,6.9028
5ou1,5.16
6apt,5.8796
5wfw,6.3112
6c4d,6.9738
6b7h,6.3556
6h7l,6.0031
6hgz,5.1867
6f7q,6.8094
6f90,5.0272
5mgi,4.846
5y13,5.9556
6bqg,6.7139
5od1,5.7348
6bt6,6.074
5owh,5.2147
5owl,5.1903
5z1c,5.3744
5nps,6.0249
5yic,7.3494
6dpx,6.0573
6ayt,7.0679
5wf3,6.157
6g4y,7.5187
5oyd,5.0212
5nw7,5.5402
6gdg,6.3009
6dj7,6.1532
5nxp,5.9057
6f9r,5.8275
6dhc,6.0373
5l8c,7.1679
5mwy,6.4341
6eif,7.4028
5zag,6.6524
6en6,5.6397
6cbg,6.3557
6dh6,6.6788
6ej3,6.9615
6iiu,7.4074
5npr,6.0732
6dh2,6.6608
6mvu,4.8665
6apu,6.2998
5ny6,6.2514
6f9t,6.246
6dh7,6.6216
5za7,6.4955
5oh3,6.0698
6ee3,6.4808
5oh9,5.9486
5va9,6.4952
5wf6,6.8315
6iiv,6.1746
6dh8,6.6608
6g2m,6.0256
6h7m,6.1513
5ylv,6.3812
5wlt,5.5333
5zae,6.76
6ej4,7.4308
5n9l,6.2951
5uzj,7.1811
5zaf,6.821
6eij,7.6907
6euc,6.237
6ewk,6.237
6ej2,6.9835
6f9v,6.3441
5nxx,5.0254
5uzk,7.3606
5za9,7.0131
6g46,5.9864
6m9t,6.2435
6ee2,6.537
5g5v,7.1681
5zkb,6.5832
6f28,5.2918
6hx5,4.8879
5ll7,4.8313
5ylu,6.4645
6h7j,6.0174
6h29,5.1474
6h37,6.8961
5wg9,6.1544
6fnr,5.0629
5nxg,5.7526
6eip,7.8147
6ee4,6.4551
6gg4,5.0655
5wxo,6.3371
6ee6,6.4706
5nxi,5.6961
6bw2,6.1253
6cvx,7.1983
6fnt,5.5026
5wf5,6.8211
6eqw,6.4202
5nzn,4.8667
6cjv,5.3029
6gg5,4.8982
5yum,4.747
6fmp,6.5114
6djc,6.3452
6eqv,6.3955
6fcl,4.9708
5wgp,5.1383
6dh0,6.6788
6eis,7.6087
6fag,6.0737
6ea1,6.6629
6dpz,6.3739
6arj,7.2203
6dh1,6.6216
6g22,5.8284
6f3b,6.1768
6edr,5.6912
6eee,6.4844
6ea2,6.4335
6aqs,7.6682
5oh4,5.779
5yjb,7.2321
6mi6,5.3324
5wlv,6.1968
5yia,7.3584
6f29,5.2691
5v6y,6.496
5yib,7.2613
5nxv,6.4697
6d1u,6.1074
6buu,6.4015
6cvy,7.2312
6flg,6.5037
6faf,6.0239
5mwp,6.0401
6fky,6.4294
6d9x,5.3493
6dne,6.7908
6eqx,6.3908
5ny3,5.9415
5wxf,6.7275
6c5f,5.2939
6c7w,5.4127
6f05,6.1489
6ceh,5.2978
6exs,5.5475
5ny1,5.9956
6eiq,7.7826
5l8y,7.1504
5oh1,5.7743
6c1s,7.1853
5yid,7.3638
6ayr,6.7274
6cb5,6.4362
5yr6,6.5191
6das,6.6718
5nxo,5.1587
5nya,4.9735
6m8y,6.2515
5zaj,6.9593
6eab,6.3929
5oh7,6.1638
5wxp,6.2369
6m9d,6.3688
6ex1,6.3616
6ayo,6.5901
5yie,7.324
6isd,6.9021
5za8,6.908
6dm8,6.115
5zah,6.8998
6hh5,5.3824
6m9c,6.3806
5nxw,6.2732
6g3q,5.587
6eir,7.7675
5oh2,5.7331
5v3r,6.0594
6d2o,4.958
5oje,6.5279
6d1m,6.7919
6ar9,6.1763
6ayq,6.684
6hwz,4.3388
5z5f,4.2211
6cbf,6.3985
6m8w,6.1035
5ou2,4.9447
5tig,4.7584
6c3e,5.5192
6c7x,5.852
5wa1,6.038
5wdl,5.7129
6g2l,6.3662
6m9f,6.4121
6cvw,7.2108
6b95,6.6703
6dak,6.6654
6dj5,6.7732
6f9u,5.9267
6d1l,5.9758
6dj2,5.9281
6dil,5.9786
5y0x,5.9081
6h38,6.9252
6g2n,5.6704
6dpt,6.3121
6b59,6.2593
6evr,6.4707
6dpy,6.5621
6eed,6.4643
6eaa,6.4319
6dai,5.9045
5zc5,7.2901
6c0s,7.2188
6fkz,6.4699
6g3v,5.6446
5nzf,4.9118
6b2q,6.4999
5nxy,5.8572
6nze,6.6825
6nzh,6.9927
6nzm,7.3092
6ocz,6.7902
6rfj,7.6084
6gva,6.9538
6ocw,6.8043
6ode,6.8656
6mjw,7.0236
6mck,6.4692
6qmr,5.3169
6r0k,6.8592
6s90,7.4094
6plg,6.9588
6oir,6.8084
6sfj,7.5194
6g9s,6.3605
6oqn,6.575
6rmf,6.5615
6uwv,6.1743
6k1s,6.7633
6nzg,4.8433
6h4z,7.1125
6ncj,7.0953
6sfi,7.4179
6mju,7.0107
6uwp,6.1555
6mdc,7.0556
6rfi,7.4559
6h4s,6.3646
6ul8,7.0344
6n0q,6.5658
6o6f,6.9184
6hkn,7.4123
6mhd,6.7807
6mt0,6.7451
6hro,7.17
6qeg,6.3996
6mdb,6.7521
6h52,7.0176
6akw,6.903
6qef,6.7227
6sfk,7.7279
6qed,6.6563
6h4y,6.4118
6hgx,6.6882
6r8r,7.2599
6qfe,6.9248
6k9u,7.5353
6h4r,6.0661
6st3,7.1797
6oim,7.3206
6h4t,6.394
6pgp,7.3266
6h4p,5.8038
6h4w,6.8399
6o8i,7.2088
6q96,6.5543
6tel,7.561
6qmt,5.9275
6h4o,6.0276
6d4t,6.1812
6oip,6.7602
6r8q,7.3015
6h4x,6.3758
6h51,7.2181
6hcw,6.4562
6rrm,5.8818
6p3p,6.7362
6q7w,5.8573
6h50,7.0283
6npv,7.095
6qm7,7.1064
6ten,7.364
6h0u,7.0905
6mhb,6.1004
6md7,6.9423
6oko,6.3528
6rj2,6.2706
6t6a,6.0701
6mo2,6.6812
6k4x,4.6479
6p14,5.7746
6rtn,6.8194
6d4v,6.0419
6ind,6.4558
6imt,6.5294
6sal,6.3806
6duk,7.2346
6hkm,7.3683
6ink,6.4451
6oiq,6.9036
6te6,7.3192
6mo1,6.7725
6oio,6.5879
6nzp,7.1834
6p5v,6.7958
6hx1,7.2417
6j6m,7.2424
6ilz,7.3579
6mhc,6.0863
6mo5,6.4168
6nzq,6.9795
6o6g,6.103
6ovc,6.6509
6rj5,6.2401
6rni,6.4933
6suo,6.6976
6npu,7.3701
6bqd,6.1526
6ohd,7.1119
6iji,7.1962
6ilq,6.3126
6aa4,5.7063
6eb2,6.3378
6pz4,7.1134
6oa3,6.4466
6rj3,6.2325
6fe5,4.7403
6npe,7.238
6qhb,6.6907
6inm,6.4451
6n83,7.1598
6qs5,5.9208
6g9f,6.384
6mo0,6.6506
6nzr,6.7005
6h4v,6.8902
6p8y,6.5029
5z1t,6.471
6imo,6.3625
5y7k,5.8712
6s88,6.815
6moo,5.6323
6h4u,6.904
5z1s,6.5193
6gcx,7.0854
6i3u,6.3406
6mod,5.6061
5zhm,5.9693
6dhu,5.608
6die,5.6297
6sq0,6.8585
6ffe,5.6766
5zxi,6.1548
6n6o,7.9845
6aej,6.8784
6d4q,6.0018
6i0x,6.4705
6gj7,6.7345
6npp,5.0564
6fzm,5.6505
6nzf,6.7672
6k4t,4.6542
6n19,6.4325
6qxd,6.1191
6uvy,6.0382
6d4s,6.1057
6o9x,6.4789
6p11,5.648
6n17,6.4024
6fv1,7.182
6oin,6.7041
6p12,5.8735
6rjp,6.0326
6d4r,5.4112
6htc,6.5408
6m88,5.6743
6n82,7.1645
6c67,5.7484
6qfh,6.8447
6hx8,6.5824
6q5b,6.0173
6jjm,4.9923
6i1r,5.2464
6nss,6.3406
5zee,5.5979
6rne,6.2259
6mny,7.3479
6ahs,6.5543
6oah,7.0337
6szj,6.2819
6j5l,7.2027
6jib,5.6943
5znl,7.6134
6jse,7.346
6qxa,6.3897
6n3n,7.1407
6d4u,6.1776
5z1r,6.3738
6dih,5.5766
5zqr,6.4
6itj,5.9621
6jwa,6.1846
6njj,6.865
6nji,6.8994
6oyh,6.3198
6htd,6.5476
6ib2,7.5591
6pyu,6.9313
6udx,6.8527
5zgg,5.9299
6g8l,6.4344
6qh9,6.7124
6nvh,6.3511
6nvl,7.026
6msn,5.3033
6kzc,7.27
6ijl,7.1096
6e6w,5.9458
6npm,5.1055
6f1w,7.6395
6htr,6.567
6nel,5.7077
6pf5,6.9194
6uhv,5.4844
6e4c,5.754
6g3c,7.2636
6q6m,6.0459
6nem,6.1536
6q9u,7.4929
6ckl,4.9902
6n5f,6.1121
6hmp,7.5751
6k0j,5.6367
6i0k,5.5393
6i0c,6.8219
5ovf,6.7861
6m95,6.6938
6mo8,6.0742
6q9q,7.0298
6hmr,7.4591
6qg7,7.4796
6f7i,7.1744
6q39,5.5222
6qad,6.8988
6m8e,5.9734
6qri,6.0897
6i8z,7.8257
6pya,5.2312
6mo9,5.8852
6irt,5.6968
6skd,6.6082
6dtn,6.4255
6rn6,6.2617
6hcu,6.4861
6iby,7.3337
6ic6,6.489
6jz0,6.7276
6iuo,6.4243
6c9n,5.7411
6htp,6.3292
6pi1,5.9609
6ega,7.4397
6ohu,6.41
6s9d,7.126
6pf4,6.1965
6g8j,6.3553
6e3z,7.2962
5zef,5.2905
6qmd,7.6115
6e6v,5.4209
6q9s,7.0565
6s7s,6.2796
5zqp,6.1329
5y7h,5.7203
6uim,5.1718
6oyz,6.9296
6nrf,6.3993
6nwc,6.1954
6q8p,7.2585
6pf6,6.6428
6pk7,5.2323
5zqo,6.0019
6skb,7.1467
6c9r,5.4835
6f96,6.3722
6qhr,7.5452
6g8q,6.4293
6o1g,7.2905
6ow7,6.0162
6pyr,7.2214
6hrw,5.5917
6qff,6.8386
6h4q,6.8962
6edl,7.0349
6jut,7.7478
6dha,5.9817
6e5b,6.711
6m8c,5.9009
6s7z,6.7705
6hop,5.7185
6e3m,5.3602
6gcw,7.2268
6c9p,4.8841
6m89,5.7257
6ufn,5.1538
6n3o,7.3118
6r7d,6.0808
6ebw,7.3077
6qcj,6.1422
6jmf,7.7943
6nvi,6.33
6hys,5.5673
6q7v,5.8838
6p8x,6.1385
6peb,7.0171
6hgv,7.2253
6hvw,6.7374
6n7z,6.9312
6kzd,7.3122
6kdz,7.2538
6rz6,6.8879
6pgo,7.1715
6im6,6.9963
6njh,6.9916
6jsz,7.3349
6e0r,7.4533
6r5f,7.3534
6m7h,6.0461
6etg,6.02
5zqq,6.0444
6s9b,6.0448
6prt,5.6626
6hvv,6.8529
5zcu,5.6641
5ovi,7.085
5qj2,6.9437
6msc,7.3905
6q7h,7.0138
6gjd,7.2275
6ic0,7.0723
6ibz,6.9967
6qaa,6.9602
6iup,6.8478
6nyw,6.853
6qw9,5.9201
5qj3,6.7873
6f26,7.5673
6ps9,5.8598
6iar,7.0147
6oa1,7.0912
6n3z,6.5534
6imi,6.9963
6hvu,6.8225
6qwa,5.9208
6s9c,6.2123
6huc,6.571
6nd3,5.1915
6hmb,7.0897
6hv0,7.2876
6n3l,7.4793
6nri,7.0682
6udy,6.8665
5ovh,6.9206
6knh,4.4375
5z5v,6.7177
6ke0,7.6155
6pf3,6.7812
6hwu,7.3214
6q8k,7.4048
6kdx,7.0398
6m9l,7.1457
6mhm,5.842
6n3k,6.4937
6q6o,5.8847
6ibx,7.307
6p1l,7.2043
6npi,5.0012
6qfg,6.8322
6qae,6.0765
6rpg,6.7407
5zma,7.1061
6hs0,5.1503
6izq,6.0567
6dji,5.1287
6hs4,6.8994
6jsf,7.3488
6q9o,6.6405
6ak4,6.0271
6oag,7.0265
6jsn,7.2498
6mso,4.7972
6mum,7.2844
6mzw,7.1289
6mzq,7.1059
6q9l,6.5814
6nkp,6.075
6hv5,6.5769
6hvr,6.5894
6r8p,6.6105
6gcl,5.0427
6ufo,5.3693
6g8k,6.3612
6phz,5.1178
6oht,7.0175
6n5h,6.4169
6a6k,6.4829
6huu,7.0302
6k1q,6.792
6qft,7.5094
6nrj,6.6893
6q9y,6.5417
6uii,5.2581
6n5c,5.6277
6f86,6.4468
6s9x,6.8189
6r7j,6.8323
6pht,5.2388
6p1d,6.3125
6hgy,6.6959
6ny4,6.6183
6ow2,6.4735
6pl3,6.6977
6rj6,6.6948
6fne,5.8057
6s43,6.7957
6e5g,6.1937
6imr,6.511
6tld,6.5551
6fu1,6.6496
6m8b,5.7499
6dtx,5.6894
6eb1,6.6425
6jsg,7.3076
6mo4,6.009
6gcr,7.0601
6oe3,5.7531
6hot,5.9546
5ovg,7.0069
6qw8,5.5256
6uhu,5.2312
6ib0,7.5958
6i0p,5.3969
6nk0,5.8485
6pic,5.8142
6keb,6.9282
6pyb,5.5816
6pdj,6.8341
6nsp,7.0833
6q37,5.7008
6j10,6.0392
6e3g,7.3843
6qme,7.6072
6mep,7.2895
6i0r,5.6102
6qw7,5.4959
6oco,7.0606
6mdd,6.269
6agt,6.4732
6n9p,6.8296
6oyw,7.1618
6qha,6.7425
6jt3,7.5228
6p5w,7.0646
6a84,6.086
6nvj,6.4855
6dtw,5.6816
6hzu,7.206
6m8a,5.791
6hp9,7.0649
6d4w,6.1329
6oyt,7.3281
6fff,5.9647
6r7k,6.8573
6rn7,6.3977
6hy2,6.2952
5y7j,5.8712
6hva,6.5753
6aa5,6.9742
6oz6,6.7724
6hv2,5.9484
6hou,5.9115
6nrh,7.0506
6kla,7.3101
6nrg,6.7869
6s7k,6.2439
6imb,6.8896
6imd,6.8918
6q9w,7.2607
6hvs,6.5597
6hv4,6.6165
5z1e,7.1547
5z1d,7.1421
6hcv,6.5016
6q7a,6.2151
6rna,7.0773
6p10,5.675
6od6,7.4042
6jpj,7.3807
6qab,6.7959
6qac,6.9258
6mul,7.3845
6rln,6.9783
6rn9,6.2345
6qhc,6.5073
6uvv,6.1225
6hbn,6.2099
6d5w,5.7333
6ffg,5.9241
6qho,7.4505
6s55,6.6288
6oi9,6.648
6hor,5.9916
6hv7,6.2977
6eg9,7.7851
6npt,6.3966
6ijh,6.7292
6hzv,7.367
6ic5,7.7372
6qxu,6.7017
6dim,5.3794
6djd,5.3794
6m8d,6.0061
6n7y,6.9123
6q9h,6.4774
6hrx,5.8456
6pys,7.4546
6huq,6.3961
6uf0,6.2054
6ic7,7.6671
6jjn,4.9669
6skc,6.3544
6psb,5.8791
6a1c,6.6359
6mob,7.5655
6c9q,4.9375
6n4t,6.8979
6jid,6.7116
6fym,5.4976
6s8a,7.1183
6nvg,6.3296
6s89,7.0896
6qg4,7.4684
6a3n,6.8083
6uil,5.2311
6djj,5.5921
6sze,5.1712
6hwv,7.2763
6moa,5.9622
6msa,6.9068
6f8j,6.3947
6r49,6.6194
6e6j,6.4559
6gjb,7.2779
6hub,6.5881
6nsq,7.1036
6i0b,6.8219
6n4e,6.4071
6qwb,5.9795
6mo7,6.1001
5zr3,7.2592
6f94,6.3927
6n5g,6.6658
6i5i,7.5039
6ocu,6.8156
6qgj,7.1205
6mqe,6.1789
6r8o,6.4074
6h4d,5.3894
6i8m,6.4158
6qyn,5.9762
6qz8,6.0166
6dyv,7.6846
6dyy,7.3613
6h76,5.4319
6qyo,6.0773
6maj,6.6869
6qmk,7.7997
6dyw,7.3474
6qmj,7.7664
6dyu,7.5875
6jb0,4.6046
6slg,7.4966
5zyj,6.9605
6u5y,6.4463
6qyp,5.899
6nfh,7.4366
6rr0,5.383
6qsz,5.421
5zyi,6.9605
5zyl,6.8856
6p83,6.499
6qfq,6.2726
6nfi,7.4633
6pi5,5.9006
6pii,5.8446
6u8l,6.9417
6qr0,6.1474
6fzf,6.0303
6efk,5.2085
6fvl,6.1984
6np2,5.752
5zyk,6.8856
6ai9,5.5086
6qqz,6.3305
5zhl,5.6593
6kdi,6.1878
6e23,7.1568
6iph,5.6786
6idg,6.1878
6fvm,6.1987
6i17,6.9165
6mqm,5.7562
6u8o,6.5212
6fzg,6.0335
6oja,5.5835
6n9l,5.4244
6phr,5.1805
6qgk,5.8703
6idz,4.7172
6if0,6.6229
6qz6,6.3254
6qz7,6.594
6a73,5.7014
6np3,5.6975
6ntj,5.7116
6qzb,6.225
6g2r,5.9733
6qi7,5.4931
6qr3,6.9651
6fzp,5.8427
6pfj,5.6406
6mom,7.5156
6n7d,6.9776
6iez,6.592
6pek,5.3899
6r4s,5.3956
6c8c,5.6109
6u8b,6.2566
6pxc,6.1331
6sy7,5.0144
6fzj,6.778
6r7r,5.0216
6idb,4.6093
6u5m,6.3236
6j81,6.9722
6op9,7.3589
5zys,6.3467
6p3w,5.8863
6o3x,5.4697
6qr4,7.004
6nad,7.5834
6dyz,9.4107
6r8l,6.4074
6mkq,5.5221
6md4,5.6651
6hgi,6.7553
6aec,5.5043
6j72,5.291
6ak5,5.6116
6hq7,5.7512
6hq3,5.8554
6a87,5.2311
6oie,5.3637
6p7p,5.6194
6dsp,5.3707
6qyl,6.594
6qz5,6.3254
6htn,4.1603
6mlo,6.178
6n3f,5.2577
6hm1,6.1269
6dz0,9.4297
6r8i,5.2491
6jbb,4.7303
6jb4,4.7886
6mle,6.0915
6qgf,5.8323
6uyx,5.6461
6mbo,7.0659
6mbp,7.0659
6pka,6.553
6r9x,6.6959
6d9s,5.8955
6o7g,6.0551
6os6,4.658
6a80,4.6257
6md0,6.0112
6mh1,6.5045
6n48,6.886
6r8w,6.3985
6iyv,5.9484
6gj8,7.0059
6e22,6.8872
6dz3,9.3886
6n0p,7.785
6k4r,5.3274
6dz2,6.8697
6e1a,7.1531
6h8c,5.9851
6i5j,6.8802
6i5n,6.3487
6n3w,5.5787
6bs3,5.2788
6i14,6.7606
6n0m,4.8745
6rml,5.5936
6jan,4.8022
6aad,6.2995
6ipj,5.7199
6rqk,5.3624
5zhn,6.0416
6stl,5.1378
6inz,6.0798
6mnc,6.5994
6r4v,5.9603
6aan,6.1202
6i8t,6.4158
6aeh,5.2583
5zdb,4.9324
5zdd,4.9079
5zde,4.9025
5zdc,4.9324
5zym,6.8856
6gge,6.3235
6a9c,5.3969
6d78,6.1831
6mh7,6.56
6ncp,6.5628
6ipi,5.5968
5zdf,4.9153
6hol,5.7105
6uyy,5.7041
5zhj,5.02
6o68,6.3544
6p85,6.05
6jof,7.0641
6haj,5.2878
6kjf,6.1858
6haz,6.3418
6ql3,6.4237
6qrd,6.8968
6j3p,5.7519
6rih,6.8693
6ha4,5.2878
6iqg,6.663
6qrg,6.8549
6pia,5.9048
5zbz,5.3679
6abk,5.2048
6j0o,6.7857
6jaq,4.391
6fmn,5.8556
6d49,6.0113
6d4a,6.0225
6gjw,5.9067
6i77,5.8006
6pg5,6.0494
6nv7,7.347
6cf7,6.9325
6dgr,6.284
6i4x,5.9549
6a05,5.7933
6a30,6.0848
6e7u,6.7259
6cjj,5.0937
6e7t,6.9327
6me1,6.6647
6pg9,6.007
6qqv,6.0652
6un1,5.7053
6jon,5.7572
6mjq,6.6343
6g6x,6.5215
6n55,5.3155
6n53,5.1621
6max,5.7004
6op0,5.9769
6jao,4.7723
6tyz,5.9512
6mt6,6.1131
6klk,5.2297
6dql,6.0154
6i68,5.8625
6jdl,5.2694
6qrc,6.0555
6mja,6.5117
6gga,5.9539
6mjj,7.3021
6jfk,5.7449
6pg8,5.3018
6e7r,6.9107
6qfw,5.6008
6qk8,5.7382
6qre,5.8831
6hah,5.2878
6p84,6.4076
6nsv,5.6969
6mt4,6.1131
6q4q,7.2841
6e1z,4.9749
6ipl,5.6786
6cd5,6.6496
6pyd,6.9194
6i62,5.3867
6nlj,5.9468
6qlr,5.8746
6jap,4.6898
6kmj,5.8161
6qxj,6.9831
6g2b,6.0818
6e3s,6.698
6g7a,6.2524
6nfz,6.6484
6nfy,6.5517
6qts,6.1404
6t1l,6.5612
6om2,5.9273
6n54,5.0827
6g24,5.4496
6g2o,6.044
6e7x,6.9535
6ql2,6.344
6mkw,5.6276
6qas,7.2221
6t1j,6.201
6miy,6.5778
6n3e,5.5415
6i66,5.395
6iou,5.4664
6i78,5.9121
6seo,6.1616
6mj4,6.4109
6ueg,5.5701
6jbe,4.3985
6qr9,6.9193
6qtq,6.2183
6frj,6.6869
5zk7,6.8507
6poh,5.7377
6prg,5.5599
6qqw,6.0766
6quv,6.3174
6r0x,5.5839
6bs5,5.2314
6n8x,6.4656
6qge,5.8323
6iiw,5.2776
6n87,7.1351
6pi6,6.3462
6jjz,5.372
6j0g,5.3479
6j0k,5.3504
6ets,5.4416
6n3v,5.0602
6j3o,5.8528
6cse,5.0663
6h1d,5.0612
6agk,7.0404
6ggd,6.3252
6t1o,6.7003
6ak6,5.2371
6ikm,5.8287
6nfo,6.7587
5zyh,6.964
6i12,6.671
6hk4,6.8303
6fvo,6.2979
6bs4,5.381
6sen,6.1455
6mg5,6.5348
6itq,6.4934
6n93,5.6673
6rmm,5.5696
6ocq,6.4613
6mlp,5.6035
6pg6,5.7663
6i67,6.0497
5z66,5.9112
6ipm,5.5968
6g6t,5.6617
6nfn,6.643
6qfx,6.0366
6gj6,6.518
6iae,5.5551
6p86,6.5939
6p8z,6.762
6i96,5.6002
6dyr,5.1052
6cq1,6.1416
6ift,5.1494
6nw3,7.3746
6pl1,6.6736
6hq4,5.5778
6itp,6.1855
6h9v,4.9698
6nk1,5.7854
6e7m,5.6959
6v5l,6.3109
6nsx,5.3356
6e1y,6.9371
6g2c,6.1166
6ooy,5.7406
6pg7,5.3701
6qln,5.8423
6jno,6.3467
6mmq,5.5253
6i75,5.8306
6qlu,5.9286
6qtr,6.2209
6qto,6.3934
6e91,5.3606
6pge,5.2461
6nj0,5.5303
6mmc,5.3329
6g5l,6.3931
6iso,5.5237
6p87,6.2314
6p8a,6.0684
6j06,5.5269
6q36,6.255
6pgb,6.1913
6qe0,5.7164
6pg4,5.2145
6poq,5.5298
6np5,5.2774
6nti,5.2774
6o9c,5.9814
6pga,5.8552
6pid,5.8593
6mm5,5.983
6i11,6.6621
6i10,6.8742
5znc,7.1312
6mln,6.1275
5zjf,6.0123
6o5g,6.0525
6ia7,5.6235
6dgl,6.1523
6dgq,6.8277
6qtw,6.1205
6a5e,5.7499
6c3n,5.6839
6qr2,6.3026
6dgo,6.5674
5zxk,5.7379
6fgc,5.5144
6a06,5.8114
6gfm,5.6499
6i74,5.8301
6om4,6.432
6dzx,5.5851
6gdy,5.2489
6t1n,6.7989
6n3y,5.5634
6csf,5.0663
6r1b,4.9734
5zdg,4.8959
6mli,5.6145
6d8v,6.1276
6hgg,6.7094
6ott,5.3333
6mm2,5.5371
6aaq,5.3109
6qzr,6.224
6p88,6.0401
6sge,5.7498
6g25,6.0744
6e7w,6.9938
6q9t,7.1
6nco,6.0316
6qdx,5.7859
6nu1,5.2221
6hk3,7.156
6j7l,5.4633
6jag,4.6961
6nyv,6.7599
6qlq,5.9503
6mt5,6.0193
6qau,7.3165
6fpu,6.2625
6poi,5.8005
6dn5,6.2221
6hhp,6.095
6dyo,5.0242
6ql1,6.1783
6e7v,6.8365
6qrf,5.0804
6pvz,5.8327
6pyc,6.5881
6q4e,5.4599
6e92,5.3622
6qfu,5.7142
6dkp,6.2167
6e5s,5.7114
6c3l,6.1416
6np4,5.2844
6c5h,5.3538
6m8q,6.7631
6rtw,6.3669
6u80,6.4351
6o3y,5.5465
6j1l,6.6052
6py0,6.1991
6qaf,5.3475
6i65,5.2819
6g5u,5.7257
6qtx,6.4918
6qzh,6.3039
6g2s,5.5125
6ggb,6.1535
6ggf,6.0459
6aee,6.8727
6hzx,7.0541
6olx,6.4273
6n8y,6.4126
5zk5,6.5465
6n0j,7.0818
6os5,4.5988
6p7q,5.4724
6pgc,6.2313
6qls,5.5751
6u6w,6.3149
6qmu,5.2249
6fvn,6.2919
6qav,7.4823
5zni,7.3192
6dzv,7.2541
6im4,5.4882
6s07,5.9285
6u9v,5.4546
6hgj,6.7723
5zjz,6.8995
6q38,7.2853
6h4a,6.148
6h75,5.4321
6mla,6.1076
6o5u,5.232
6k2n,4.7765
6qi4,5.8242
6gj5,6.4054
6q6f,6.4895
6mmo,4.9666
6q3z,6.5126
5zk9,6.8683
6hk7,7.0682
5ove,6.7762
6hkx,6.9483
6hky,6.9594
6ajz,6.6018
6qat,7.0882
6gy0,7.3289
6phx,4.9443
6g29,6.5597
6jad,4.7662
6ajr,4.7701
6i64,5.4186
6pg3,5.4776
6oh3,6.3761
6i5p,5.7562
6ior,5.513
6nzk,5.1169
6qfv,5.5746
6sdd,7.1335
6qqu,6.7926
6d08,5.5732
6mqc,6.3935
6d07,5.6956
6qlp,5.9363
6sfc,7.161
6ajy,5.7066
6qtm,5.3753
6t1i,6.8029
6a03,5.7338
6a9o,6.3414
6gxg,6.4126
6gxy,6.5908
6iot,6.0697
6pu3,5.5142
6jam,4.5715
6e4v,5.6503
6q4g,6.7092
6mji,6.4132
6ghv,5.7437
6k5r,5.8953
6hp5,5.4998
6hks,5.433
6q3y,6.9965
6mlj,6.0901
6i7a,5.806
6dys,5.7191
6i61,5.2644
6hmy,4.7117
6qc0,6.3548
6k5t,5.5531
6iyw,6.1269
6nng,7.0879
6qqt,6.1803
6eeb,6.0501
6ml9,6.0957
6ms1,5.8283
6a04,5.8972
6t1m,6.8047
5zyg,6.6897
6iht,5.0639
6oh2,5.4375
6j63,6.2696
6nv9,7.3381
5zjy,6.9066
6i97,5.6829
6o2p,6.5178
6g8i,6.4657
6ipk,6.0538
6qqq,6.0862
6peg,6.8731
6g2f,6.1252
6k3l,6.9582
6e8x,6.7427
6mtu,5.3122
6i41,5.7705
6cn8,6.2102
6dyn,5.2836
6pvy,5.5708
6sde,7.1975
6ssy,5.2015
6v1c,4.6
6dy7,6.1695
6e7s,6.9402
5zdp,5.6571
6cyg,5.5296
6p9e,5.9939
6c5j,5.4325
6c5k,6.0133
6dya,6.8063
6det,5.1544
6nu5,5.2025
6ntb,5.3545
5zqu,6.4918
6n7q,7.1217
6r9s,6.252
6miv,6.5792
6j9w,4.6126
6r9u,6.3496
6qe5,5.4147
6o3w,5.5588
6i13,6.7425
6aao,5.9375
5zml,6.9308
6jdi,5.2877
6hoi,5.7886
6cyh,5.5215
6mku,6.1076
6qr7,6.9137
6n9t,6.6965
6fcj,6.3662
6qra,6.8145
6qcg,6.1661
6g27,6.246
6qhg,5.9567
6st0,5.0091
6rhe,5.682
6mtv,4.8677
6nfg,6.616
6gxq,7.0811
6ios,6.0112
6q92,5.2724
6dn6,5.7801
5oai,6.473
6n3x,5.5563
6j9y,4.8077
6nnr,5.7435
6i76,5.9053
6qr1,6.2426
6n0k,7.1726
6pl2,6.4274
6kqi,7.4365
6qlo,5.9106
6agp,5.5889
6kjd,6.0971
6pml,5.8288
6fh3,5.0132
6i18,6.8171
6nm4,6.5846
6ftf,5.826
6m87,6.0366
6md6,5.0097
6s57,6.23
6s56,6.4837
6ajv,5.2948
6ajx,5.1926
6cyi,5.6073
6j7e,5.2844
6hbm,4.6392
6hgf,6.7093
6p89,6.6543
6g2e,5.7012
6ncn,5.9166
6joe,6.6558
6qpl,5.6496
6hmt,6.095
6i0z,5.3786
6qlt,5.8416
6hni,4.8159
6i63,5.2023
6njz,5.9172
6hay,6.8725
6hhr,6.6123
6rk4,5.462
6afk,6.7116
6ooz,5.8389
6da1,6.0291
6dat,6.1168
6mlg,6.0885
6oxq,6.7497
6ng0,6.6075
6qgh,7.8143
6oxp,6.7048
6o0k,7.5186
5zg1,6.8345
6oxv,6.6461
6oxw,6.6461
6ne5,6.536
6no9,7.5259
6oxr,6.6597
6p3t,5.1269
6oqc,6.729
6d3x,6.2053
6udv,6.8254
6hlb,6.3215
6oy1,6.6252
6oqb,6.8171
5zg3,6.8949
6ud2,7.4627
6nzt,6.7172
6ndl,7.3962
6nzv,6.694
6pvx,4.74
5zty,6.6147
6jn6,5.951
5zg0,6.9601
6oxu,6.599
6p3u,4.8139
6p3v,5.7652
6n4b,6.9584
6oxx,6.649
6oxs,6.6597
6udi,7.4362
6oxt,6.599
6ps0,6.1248
6o0p,7.464
6me4,6.743
6oy2,6.6252
6ps4,6.4515
6d40,6.2083
6q89,6.9573
6oqd,6.7629
6ps3,6.186
6sbt,7.1521
6ixd,6.207
6h9x,6.1167
6i9a,6.3186
6udt,7.0938
6ps1,5.8935
6ps6,5.8947
6cjs,7.5466
6oxz,6.5776
6n78,7.099
6n79,6.8771
6jij,7.1153
6saf,6.9671
6d19,5.0904
6oxy,6.649
6cjr,7.4327
6o5t,5.8398
6ftw,6.9386
6q54,5.313
6pt3,7.3273
6jki,5.235
6hoq,5.7185
6me3,6.8453
6iql,6.4648
6me2,7.7504
6o0m,7.7164
6pvw,4.8113
6hle,6.5233
6ibl,6.9455
6hza,6.5146
6oy0,6.5776
6n77,7.1815
6orr,6.6344
6udu,6.9264
6qgg,7.3819
6hld,6.2998
6pgx,5.3852
6ggg,6.3111
6n7c,7.1646
6hzd,6.5146
6n7b,7.1846
6j8r,4.9217
6gg8,6.3065
6odz,6.8988
6c2r,7.5245
6hzb,6.5347
6fz4,6.1777
6hzc,6.5519
6pit,6.5562
6d3z,6.7943
6oe0,6.8941
6peu,5.8523
6s1s,5.1451
6d18,5.0209
6npf,5.6529
6pvv,4.7769
6nt2,6.6323
6me5,6.7608
6jav,7.1705
6mq3,6.4541
6eds,6.4541
6o94,7.5303
6q60,5.5586
6jay,7.5936
6hhj,7.2477
6n92,5.6957
6hr2,6.8072
6u26,6.8097
6oac,7.4658
6s4t,6.1868
6rvl,6.2489
6ibs,5.9736
6r0v,6.0905
6c9v,5.606
6g9x,4.8754
6hzy,6.4891
6d1b,5.3638
6c85,6.0508
6hp0,5.0357
6r11,5.6948
6r18,6.0363
6r1c,6.0358
6i5g,5.9681
6h14,7.1456
6rw1,6.3149
6gf3,6.529
6iam,6.8852
6ovz,5.8248
6hb5,6.2128
6hb7,6.3273
6myn,7.4149
6ox0,5.498
6a8n,6.609
6d17,5.8262
6u7o,6.2449
6gvi,7.3038
6q35,5.1571
6s4n,6.8606
6s4u,6.0873
6hhg,7.145
6hgs,5.2831
6e6m,5.7883
5qqo,7.2069
6mlw,4.5131
6szp,5.3141
6ugz,5.3058
6n94,5.7053
6d1h,5.3082
6mnp,6.4125
6rfn,6.964
6gev,6.1939
6nmb,6.0879
6jn4,6.6735
6d3y,6.2099
6jaw,6.5176
6u7p,6.5654
6prf,6.2736
6mxc,5.785
6hy7,6.7298
6j8q,5.3192
6o50,5.5463
6ouv,5.8036
6qyk,6.7316
6i5y,6.6518
6h12,7.1414
6q8c,5.8696
6nwk,6.6614
6d3g,6.6793
6r13,5.9483
6mlh,4.6605
6plf,6.344
6nyh,7.0025
6dd1,5.1072
6o5x,6.0539
6mll,7.0164
5yy6,6.8302
6qs1,5.943
6a8g,7.1416
6g02,5.4065
6gvx,7.2472
6ugo,5.4871
6mia,6.01
6hax,6.8067
6mxb,5.7221
6k05,6.1096
6ugq,5.1913
6p5o,5.4143
6e5t,5.8644
6gvf,7.2311
6jio,6.7771
6q8b,5.8444
6o9d,7.5648
6s0e,5.3822
6oe1,6.8941
6h7d,3.705
6dd0,5.9985
6o21,6.1852
5qtt,7.1552
6d3q,5.3367
6o4w,6.1276
6gbw,7.3746
6ps5,5.9117
6tl2,5.2615
6n96,5.0872
6otg,6.2824
6rfw,7.4648
6d15,4.7039
6d1d,5.3787
6dl2,6.4368
6d1g,5.488
6hgr,5.1117
6gxb,5.9123
6o0o,5.9406
6ppy,4.751
6jax,5.23
6m7i,5.446
6g01,4.7943
6dzy,7.3044
6q30,4.7825
5qtu,7.4466
6byz,6.2021
6n7a,7.0116
5ywg,6.7547
6of5,5.6725
6pno,6.4177
6a94,5.43
6o4x,5.1391
6md8,5.5138
6mnv,4.9032
6gwe,7.1665
6hb6,6.2013
6rvk,6.6483
6nwl,6.8944
6pve,6.8944
6d1a,5.2798
6r1a,6.0514
6s5k,5.5099
6efj,5.8829
6mey,6.4818
6rot,7.3472
6c9s,5.6275
6r1d,5.9602
6r1w,6.0672
6o95,7.5854
5qqp,7.1784
6o8u,7.642
6q2y,4.924
6mxd,6.0155
6ibv,5.6874
6ibk,4.922
6o57,5.6092
6o5a,5.5216
6qwi,6.6318
6ugr,5.2888
6mlf,4.7462
6d1j,5.5176
6mdu,6.3319
6h13,7.6154
6s9w,7.0043
6pvu,4.6705
6pnm,6.6913
6jn3,6.5803
6hhi,7.2119
6pvs,6.4503
6a93,7.1858
6om8,5.608
6pnn,6.4179
6gg3,5.1
6e5l,5.9367
6hhh,7.2194
6ugp,5.1635
6jn5,6.6784
6o0h,6.5626
6abx,4.2199
6n97,6.1252
6n95,6.1339
6cjp,6.2314
6pm9,6.8435
6h3q,5.1456
6rvf,6.5257
6d1k,5.0334
6qxs,5.5728
6o48,5.9755
6ugn,5.4294
6do1,6.9676
6jtc,6.029
6d16,4.6316
6r4k,6.6295
6d1i,5.5757
6uh0,5.2861
6r1k,6.1424
6k04,5.9549
6q8a,6.3738
6ic2,6.8513
6gvh,7.278
6gvg,7.2969
