id,prediction
2tpi,7.4563
5tln,6.1493
4tln,2.2214
6rsa,5.0773
1rnt,7.1468
6cha,3.3831
4ts1,5.1978
4tmn,5.8983
2tmn,5.5225
1tlp,5.7111
1tmn,6.9076
5tmn,8.0329
4fab,4.7505
1p01,6.6218
3at1,3.254
1p05,6.0547
1p10,5.7237
6gch,-2.2912
7gch,-0.6542
1p04,5.4996
1p06,-3.0136
1p03,5.6882
1p02,4.6752
8abp,8.5521
1rbp,9.3096
7abp,7.9333
6abp,7.5397
1fkf,13.5384
9icd,6.537
4er1,9.7733
5er2,9.0691
4er2,7.5921
2ypi,3.659
4er4,7.5869
5apr,9.7866
3er5,7.8393
4apr,7.7989
5hvp,6.8754
6cpa,7.3845
2er9,8.3579
2er0,6.3418
4sga,8.3697
2er6,7.7539
3er3,8.1055
5er1,6.1477
9abp,7.8846
1bap,7.4218
5abp,8.44
8gpb,5.6225
1apb,7.3877
7gpb,4.5245
1stp,7.6482
5est,-4.8099
6tim,4.3414
6gpb,5.9267
9hvp,9.3361
4tim,3.5928
4est,1.7816
4phv,13.7233
1rne,10.3158
1igj,9.0759
1fkb,13.0645
1gca,8.3009
1l83,4.8899
2avi,7.455
1rin,5.5851
1dmb,11.0432
1atr,12.0203
1dbb,8.1944
1pop,1.6478
1gpy,5.6978
1abf,7.5924
1rgl,5.2606
6rnt,6.5986
1rgk,5.4009
3gst,11.598
1cps,5.5148
7hvp,8.3761
2gst,10.5339
2lpr,5.9921
3lpr,6.2845
1ppm,9.2707
1hos,9.1104
1ppl,9.0098
9lpr,4.7262
8lpr,7.165
5lpr,5.6688
1bcd,5.143
1ivp,7.5759
1trd,4.6734
6lpr,6.1109
7lpr,6.0804
1mns,0.1701
1ths,3.1926
1htf,8.7809
2hmb,4.4456
1him,6.35
1dbj,10.3685
1hte,7.3872
2dbl,9.3237
1htg,11.201
1thr,4.1325
1acj,9.5925
1dbk,9.4641
1hsl,6.5936
2drc,8.6206
1sre,3.7848
1sri,3.4294
1tka,7.3437
1abt,5.969
1lst,6.7011
1tkc,8.0443
1avd,6.7817
1ctr,4.7829
1hgi,5.5989
1hgj,4.4862
1dhj,9.7344
1tys,10.754
1sps,5.6166
1pyg,8.5866
1adl,5.8674
1mfd,7.8136
1hge,5.6195
2cgr,8.7886
1dhi,9.9172
1srg,7.5614
1erb,8.7573
1mfa,8.2126
1tni,2.4799
2ctc,5.5304
1add,9.9074
1tmb,4.4832
1elc,2.7496
1wht,6.4471
1tsi,4.1264
1cil,7.3204
2sim,10.2446
1thl,7.3617
1tnh,5.1824
1ela,7.8384
1cbx,6.4665
1inc,-9.623
1ppc,9.5734
1hps,9.521
1fig,5.7504
1tet,4.9757
1azm,5.3138
1rpa,2.2296
1tng,4.2784
1pph,8.5073
1ett,8.1305
1cim,6.1474
1csi,9.1962
1cin,5.8713
1fki,11.3876
1rpf,6.4605
1gbt,-12.3394
1apw,8.4062
1fkg,7.468
1tkb,7.6447
1nnb,6.1348
1tnj,3.8972
1ent,8.3532
1hvl,10.5928
7cpa,8.4734
1epo,10.4947
1hvk,11.3953
1hvi,10.78
1tnl,3.9535
1bra,5.4994
1hgt,3.9351
1els,2.8668
1eed,8.6847
1heg,6.6539
1sbg,9.9322
1apv,8.8237
1hef,3.687
1agm,12.1484
1ppk,7.8137
1csh,9.1466
1iht,8.6167
1lyb,7.4892
1tnk,4.011
1dwc,8.371
2cht,7.1494
1aaq,6.8696
1hvj,10.3635
1epq,8.5068
1dwd,8.9767
1epp,8.2611
1ets,10.5176
1elb,4.5675
8cpa,6.4287
1fkh,-0.9155
1siv,9.6652
1mnc,6.3752
1fta,7.6016
1shd,5.9502
1tps,9.0582
1idb,11.357
1hrn,10.0287
1drj,7.9794
2dri,8.0018
1drk,7.7171
1flr,12.7263
1tyr,1.844
1hmr,5.7858
1hms,5.8118
1cbr,8.1357
1hmt,5.8266
1cka,5.7524
1utr,3.8739
1ahx,6.3212
1cny,4.6932
1laf,7.9459
186l,6.1043
1cnw,4.5476
184l,6.672
1lcj,4.8976
1yda,5.7817
185l,6.1919
1pgp,5.8574
1lah,6.6203
187l,5.4373
1cnx,5.749
1ahy,5.3213
188l,5.7998
1ckb,5.7354
1ydb,5.7431
1lag,7.0503
1prl,1.7172
1prm,2.9188
1rlp,2.8922
1rlq,2.089
1ydd,4.197
1cgl,6.8716
1ele,7.0094
2ada,9.716
1fpc,7.9787
1eld,0.4045
1lcp,4.2419
2srt,5.3246
1pdz,4.1959
1tyn,4.3809
1hvr,14.4677
1atl,4.5702
1tpw,6.8295
1hpv,8.7179
1css,9.3519
1ctu,8.153
1gar,8.0105
1eat,1.9321
1ebg,6.9986
1hdt,7.3939
1bty,5.7492
1eas,1.4427
1ibg,10.9536
1fiv,10.1485
1bma,7.0625
1ctt,7.3079
1csr,9.4414
1hbv,8.2345
1std,10.3441
1qca,7.6922
1hvs,10.0987
1hii,10.7969
1lan,3.2501
1hti,2.3584
1ppi,15.1673
1hih,10.6099
1vrt,10.7675
1vru,11.0548
1rth,8.5843
1bil,10.2356
1pig,12.6298
1bim,8.969
1fpi,7.8555
1inf,5.1702
1cwc,7.7297
1rti,8.0836
1gym,8.495
1cpi,9.0427
1mik,8.0311
1inh,4.6252
1qwf,0.4477
1nja,8.2266
1qwe,2.4717
1njb,6.8045
1gaf,7.2533
1sts,6.5093
1tsy,7.8834
1cea,2.1085
1dar,6.2622
1slg,6.5586
1lkk,7.5554
1lkl,7.0543
1tsv,8.8388
1nje,8.3659
1str,6.1506
1ceb,4.5491
1njd,7.9533
1njc,8.4965
1mai,7.1323
1zsb,5.1338
1sld,9.0776
2olb,9.2089
1pot,5.8697
1btn,4.053
1det,7.2601
1kel,7.1583
1sle,8.4523
1swi,1.5691
1mmq,9.0722
2upj,8.5625
1lhc,8.1162
2csm,5.6896
1grp,5.8172
1fmb,7.0086
1sln,6.9522
1lhd,7.4671
1lhe,7.6372
1hsg,12.7722
1hsh,12.0657
1igb,6.0027
1jrs,-4.5831
1aht,-1.799
1mmp,7.6137
1pbk,11.1931
1jao,6.2051
1gai,13.1738
1tcx,10.1174
1cwb,7.8967
1rdn,5.995
1amn,7.334
1dud,7.8865
1gah,12.5462
1gno,4.3869
1rdj,5.6559
1gnn,4.4367
1dif,12.3521
1bmn,8.4161
1rev,11.8575
1jaq,6.1154
2csn,6.1109
1mmr,8.5883
1mtr,12.017
1hpx,9.7154
1rdl,5.7476
1gnm,5.023
1pro,12.6594
1noi,9.3777
1noj,8.5199
1nok,8.3982
1bmm,7.4648
1lhg,6.4214
1lhf,5.7065
1rdi,5.5708
1mdl,3.9003
1rnm,6.1565
1tcw,5.6869
1fkw,8.4445
1kvo,7.9054
1tze,6.2848
1lt6,6.3814
1jlx,8.8183
1bkm,7.2993
2rox,3.8662
1jld,10.2271
1lt5,7.1168
1tvr,7.9112
1uwb,7.2862
1dth,4.9536
1rt2,11.9956
1aq1,14.6311
1rt1,9.4021
1lfo,3.7397
1avn,0.3292
1rbo,10.1645
1drv,8.5575
1aqj,7.2902
1bxl,3.5816
1okl,5.6357
1ao0,8.3626
1nlp,3.8454
1avp,4.5635
1jev,10.4801
1aj7,6.0115
1jeu,9.7845
1ag9,13.6697
1ado,4.869
2adm,6.4794
1aqi,6.501
2h4n,5.4447
1nlo,1.1511
1gbq,3.5985
3gbq,3.6484
2mas,9.8473
1rst,6.2013
1aqc,6.7572
1shc,2.3032
1jet,8.8441
2hrp,5.7978
2aac,8.2241
1irs,3.5047
1mpa,5.8017
1nox,11.8718
1uvt,8.8683
1qbt,14.7762
1qbr,13.6153
1ajq,5.4505
1qbu,11.4797
1ai7,4.9237
1ai6,5.9295
4vgc,-9.3953
1hxb,11.6355
1sqc,5.1945
3mbp,13.3491
1ai5,6.3735
1ad8,4.9922
1dmp,12.7625
1qbs,12.5545
1pau,4.0693
2kce,9.4588
1hpo,9.7406
1af2,9.9207
1vgc,4.3424
1yds,6.6507
3gss,8.3729
1dub,7.1194
1uvu,7.8486
2gss,6.2476
1ajx,11.9037
2rkm,7.7371
1h4n,3.5087
3aid,8.7542
1aid,7.2374
1al7,6.0362
1ajv,12.0761
1ajn,6.2099
1fwe,1.882
1vfn,5.4786
1juy,8.8327
1vot,11.2934
1ydr,8.0894
3vgc,4.343
1ai4,5.7342
7upj,10.1282
1anf,11.1165
1al8,5.9623
1fax,8.4523
6upj,8.287
1ydt,9.0754
1uvs,7.7813
2vgc,-9.0912
1ajp,5.8292
1amk,2.853
1ml1,4.7172
1tom,9.5631
1sme,7.4029
5upj,8.9537
2jxr,9.2722
1rtf,6.3406
1bm2,10.0661
2pax,10.3922
1vik,8.8511
4aig,8.5779
4pax,7.4048
1a2c,0.8677
1bmb,5.4382
1aq7,8.0439
1bl4,7.2818
1fgi,8.8269
2aig,7.7127
3pax,6.7629
3aig,9.3473
1agw,7.0511
2qwg,8.0428
1bji,9.2142
1bmq,-0.6105
1ao8,7.1307
1skj,6.1713
1err,10.8832
1a5v,3.0357
1akv,8.6062
1b7h,8.4512
1b6h,8.7701
1a4k,9.0599
3pcj,4.3372
1b1h,10.2494
1ax2,7.0522
1b39,8.3998
1bcj,5.9611
1b0h,10.9218
1b38,10.0256
1a7x,13.605
1a09,3.4137
3pck,5.6609
1x11,5.7601
220l,4.7526
223l,4.7235
1a07,4.2695
1a1b,5.9551
1a1c,6.8611
1ax1,7.4731
1bcu,8.1634
2nmb,2.8744
1wdn,6.0477
1b3h,9.758
1axz,6.4537
1a9q,5.5092
1ax0,7.1924
1akq,10.9682
1akr,11.5925
1jmg,5.7081
1jmi,8.3735
1b5h,8.1981
1a4h,9.7304
1aj6,8.3764
1lvk,10.4546
1yet,11.6549
1bbz,8.0858
1vwn,8.7526
1jmf,5.9991
1gux,5.0517
1b3l,7.7147
1b3f,8.9042
1af6,7.3693
1azg,1.6218
1axs,10.1924
1br8,12.382
1a1e,7.5452
2izl,7.9861
1vwl,7.8008
1azl,11.7492
1a08,5.4619
1akw,12.1572
1b3g,8.8612
4tmk,14.2553
3pcn,2.5854
1amw,8.236
1b2h,9.0276
1a99,4.6452
1akt,11.904
1b4h,8.5357
1a3e,4.0245
1bm7,6.7448
1vwf,6.4552
5tmp,13.4683
1bhf,6.2138
1swg,6.2905
4rsk,7.0539
1a0t,6.0526
1at5,8.4685
1aku,10.0996
1b05,7.3448
1b32,8.4268
1at6,8.907
1awi,9.1829
1usn,7.0935
2qwe,9.3147
1bv7,14.2425
1a5g,6.2539
1xug,8.7851
1bxo,14.1837
1bv9,14.0342
1bhx,9.3922
1tbz,6.3245
1bdr,10.0775
2usn,6.0622
1moq,10.5225
1alw,4.6624
1bdq,9.1086
1met,11.7889
10gs,8.1777
1br6,8.5178
1ayu,2.5941
1tsl,8.1175
1awh,-7.9657
1meu,11.7558
2wed,10.1991
1awf,-2.9197
3pcf,3.1301
1tsm,4.9591
2pri,5.7231
1a4w,8.5361
1bdl,5.6532
3tlh,6.0838
2amv,6.7166
1a8t,6.1839
3pce,2.4323
1ayv,1.0476
1b5g,4.5842
1mem,3.5969
2wec,8.6549
1a9m,7.7779
1hvh,7.9284
1au2,-1.3867
1ilq,3.787
2qwd,7.7996
1b4d,9.5334
1hxw,10.2431
1bju,8.3472
2qwb,8.4482
6cgt,10.8425
2qwf,5.8833
4mbp,11.263
1a61,2.7468
1bwa,14.1565
1bjv,7.7394
1a46,5.9466
1b0f,0.9596
1mes,11.8378
1bjr,-17.5192
1au0,0.4103
5fiv,7.334
1a7t,4.7901
1afk,5.8205
3pcc,2.9329
3jdw,3.1276
2hpa,2.2857
2qwc,8.7623
1hfs,13.3656
1ohr,11.9736
1a8i,12.3429
1bwb,13.9193
2prj,9.1083
1lox,7.2563
1b11,7.0895
1bxq,9.7594
3pcb,3.8272
1bq3,6.2563
3pch,2.4599
1a28,11.1501
1auj,7.2436
1a30,5.9812
1afl,2.592
1axr,6.8327
1ibc,2.4889
3pcg,2.3161
1a69,8.9557
16pk,11.6687
1bq4,5.2506
3bls,2.9623
2web,9.7336
6fiv,7.0525
1aw1,4.9676
1stc,13.0739
1jfh,6.5527
1a4g,8.924
1bl7,9.3307
1bmk,7.0086
1qf5,11.3438
1bqm,2.0226
1a9u,7.9237
1db4,8.816
1db5,8.2888
1bl6,6.4886
1qfs,2.7849
1qti,11.3019
1vij,7.8835
1c3r,8.3527
1bqn,5.2604
1qf4,10.7485
1cj1,7.6939
1a86,6.1461
1biw,5.6586
5prc,6.1169
2cbr,8.7812
1cx9,7.4025
6prc,6.8196
1bqo,7.3667
3erk,8.8735
1qs4,3.8007
1bio,-18.1414
1b9v,6.7461
1zfp,6.855
1qpf,9.7335
4erk,4.4432
1czq,3.8061
1qpl,11.0856
1b2i,2.0714
1a4q,9.5981
1a85,7.0792
1c50,9.7667
1bug,0.1043
3znc,4.6936
1c9d,8.3076
1eve,12.0658
3cbs,8.6688
7prc,6.7492
2cbs,8.9983
1cw2,8.0491
1c5f,6.9456
1b9t,5.8812
1bnm,6.246
1bnn,5.4625
1d3v,7.9421
1swr,7.0816
1a42,6.1251
1bn3,5.4271
1bnt,7.0072
1bkj,12.1116
1b2m,5.9056
5fwg,7.9811
2a2g,5.4516
1bnu,6.8127
1a4r,7.5996
2ay3,6.7792
1a50,9.2588
1bnq,5.7761
1rpj,8.4037
1ct8,10.4201
1bn1,4.619
1bn4,4.3131
1azx,5.8627
1d4p,10.8778
1czl,13.0624
2ay6,7.6558
1bnw,4.4749
1czr,13.2117
2ay4,7.4393
2ans,7.0529
1ork,11.3711
1bnv,5.4779
1c12,7.2447
2bow,4.7579
1fpp,4.2103
1b9j,9.5301
1qka,9.5492
1d4w,8.2215
1vr1,1.271
2ay2,6.7539
3tmk,14.8422
1bky,4.7265
1bux,5.6172
1mxl,1.0894
1d2e,12.3734
2ay5,7.298
1bgq,9.2714
3kiv,2.6628
1qsc,6.9527
1sm3,6.5421
1d7i,1.6442
5a3h,-8.7398
1b58,10.5423
1d04,13.7853
1czo,13.5441
2pcp,8.9341
1bt6,3.9951
1yei,9.0273
1yej,8.05
1b5j,9.7673
1bzy,12.3127
1b55,5.8477
1qja,5.736
1b51,8.512
1qkb,9.3467
2ay7,5.8713
2ay1,5.837
1clu,12.2582
2ay8,4.2902
1d7j,3.3582
1b46,10.0718
1b40,9.8059
1b4z,9.3338
1bzf,5.7695
2ay9,4.5739
1evh,6.8413
1aze,3.3264
1qk4,10.8803
1d4t,7.2487
1qk3,10.6261
1qaw,8.409
1b52,8.454
3mct,4.2779
3mag,4.0346
1bwn,7.9659
1m6p,6.6596
2mpa,4.9811
1b5i,8.7049
1b42,2.961
1d4y,11.3191
3erd,9.1423
2std,9.6438
456c,7.2079
1bzh,5.3368
1sfi,10.0504
1ch8,11.83
1oth,8.8639
3ert,9.1429
1bo5,1.2907
1dfo,11.4561
1ca8,5.2852
4yas,-3.0465
1bxr,9.1028
1pme,9.1691
2bpx,11.254
830c,8.5494
5yas,5.7088
1a5h,9.3446
1ba8,5.1641
1ekb,-5.2026
1cet,5.0822
2bza,4.8021
11gs,6.7197
1dg9,5.227
3amv,3.4494
1qin,8.7599
1cp6,0.9547
1qf2,7.2476
1bzc,8.7119
1xka,8.8794
1bm6,-4.0128
1a94,8.0774
1b8y,10.3108
1d5r,4.6457
1ce5,6.0909
1caq,11.8196
7std,10.3787
6std,10.0665
1mfi,6.8991
2sfp,3.1515
1bai,6.95
2bpv,10.914
1c3x,4.0788
1bzj,9.1169
966c,8.4474
1b8o,9.9083
13gs,5.3395
1upf,2.9854
1c3e,7.3683
1a0q,7.797
1c3b,2.9287
1qhc,7.8685
2tsr,5.4328
2fmb,10.092
1cr6,7.0589
1bgo,3.6261
4fiv,8.8197
1qcp,1.0371
1b8n,10.4302
1d6n,3.8426
5std,11.73
1ciz,11.5991
2bpy,12.4245
1bb0,6.5129
1hwr,9.4276
7kme,8.9816
1qbv,8.3461
1qjb,5.776
1qf0,9.7488
2fgi,7.5759
4std,10.8463
1qf1,6.9423
1qbq,8.83
1icj,3.286
3std,12.6836
4prg,9.7314
2toh,5.7091
3usn,5.5065
1zzz,2.9559
1b56,4.191
1yyy,2.543
1ody,9.0922
1qr3,10.9751
1eei,7.2197
1d5j,6.827
1e02,3.2189
1e00,4.3194
1eef,8.6329
1dzj,4.8608
1c3i,7.6959
1bzs,9.3463
1fv9,4.7477
1efi,7.3162
1qhr,-9.3641
1ftk,8.95
1fd7,8.0808
1d8f,7.0783
1qj6,-5.5695
1c8k,11.0527
1di8,7.2123
1cqp,6.0922
1fyr,8.5496
1e06,4.3228
1e1y,10.9667
1qpe,8.7836
1d8e,4.9239
1dmt,10.1856
1d8m,6.0282
1qkn,11.9335
1dzp,6.6129
1dzm,6.1529
1d7x,6.873
3gwx,4.7236
1exv,11.2059
1c29,8.1058
1c8v,8.0899
1qtn,3.53
1ezf,10.8098
1dtt,6.6399
1di9,6.0529
1c8l,9.0788
1dx6,11.2832
1dtq,6.4548
1em6,11.4712
1dm2,10.3292
1ftj,7.2234
1qj7,-4.5893
1fsg,6.6137
1ftl,8.9227
1qj1,-5.326
1fao,8.5623
1fl3,6.6952
1d2s,11.3729
1df8,8.4254
1qku,10.9247
1g52,6.1327
1d3q,7.2992
1c7f,10.2272
1dl7,3.3105
1g1d,5.5725
1flm,12.3611
1e03,5.4768
1db1,12.1943
1fcz,14.4928
1fbm,8.021
1d3d,9.4506
1f4y,3.6216
1dzk,2.6816
1g53,5.7655
1qkt,10.1347
1czc,5.6349
1czk,13.4366
1g54,6.1948
1g46,5.139
1duv,9.1327
1ggd,1.4264
1qft,4.8303
1ddm,4.192
1fhr,1.8654
1f8a,5.991
1ql7,9.8565
1c5c,9.1459
1elr,6.2663
1ff1,3.3649
1qng,8.2289
1qiw,4.7692
1dpu,2.5055
1f40,2.3174
1g4j,5.385
1dkd,4.8962
1e8h,7.6771
1g45,5.4239
1cze,5.2649
1f4x,5.9649
1fo0,12.4399
1om2,3.345
1e5a,4.7473
1ftm,8.4939
1fzq,11.0603
1fj4,6.5557
1g1e,2.5456
1e4h,2.7498
1g48,6.1698
1fcy,15.6701
1bp0,7.5026
1d3p,9.2453
1qpb,1.9806
1g4o,5.3625
1c7e,5.4937
1ej4,3.2854
1g6g,5.2758
1g6r,9.001
1etz,7.3699
1f3j,6.8503
1fcx,15.7417
1d6v,9.4509
1fch,9.262
1d6s,9.8763
1dva,2.5613
1qnh,7.6633
1c1u,8.9529
1c4v,8.1066
1b57,4.4394
1c1r,8.9152
1c1v,8.1248
1f7b,-8.4082
1c4u,8.3912
1c70,12.7067
1fjs,9.2198
1fh8,7.5606
1fhd,9.6573
1gfz,5.9504
1e37,-7.1311
1c5x,7.0362
1d1p,4.966
1f3e,9.4865
1c6y,10.145
1fh9,8.2912
1c5q,7.2572
1e6s,6.9861
1d4k,12.2265
1d9i,3.2439
1ec9,5.9188
1fq8,9.5047
1f74,6.8351
1ezq,10.228
1eoc,5.2244
1ecq,2.297
1c5s,6.947
1f4e,6.9017
1doj,5.8676
1e34,-7.6646
1qm5,14.7121
1fkn,7.8993
1d4l,11.7504
1b6k,12.3477
1f0t,8.2878
1dqn,11.6831
1e2k,9.013
1d6w,7.6134
1exw,-4.4975
1b6j,9.266
1c4y,8.657
1fq6,7.4813
1erq,5.5187
1qbn,10.226
1c83,7.8486
1ecv,7.7658
1qji,8.1821
1gfw,2.4149
1qb1,6.0275
1eoj,7.7375
1ek1,8.7823
1f0s,8.3213
1qbo,8.8759
1qaq,8.9891
1ylv,-16.3318
1f57,2.6595
1hlf,9.3591
1ejn,9.8877
1c5n,5.8007
1c86,6.6859
1c5p,6.3481
1f0r,8.7833
1c85,6.3362
1f4f,7.8743
1c2t,7.6086
1d09,9.0488
1egh,5.5936
1ggn,9.3463
1fq7,7.1553
1c5o,5.2412
1f4g,10.6058
1qan,9.6001
1fw0,7.3688
1qb9,8.6626
1eol,7.2855
1fq4,7.7884
1b6p,11.7509
1fq5,13.0318
1f73,7.0218
1ql9,9.8503
1qi0,6.5866
1dy4,8.9331
1b6m,12.3558
1c88,7.21
1fh7,8.3885
1ero,4.194
1b74,-1.6049
1qm4,2.2777
1e2l,8.0352
1b6l,12.825
1ek2,5.5135
1ft7,3.2242
1c5y,6.582
1c87,6.1888
1f0u,9.5713
1bsk,6.2403
1e55,-1.577
1gfy,6.7313
1enu,10.4536
1qq9,4.5461
1eix,10.4342
1dgm,5.0522
1c5t,7.2616
1qb6,8.7775
8a3h,11.6454
1c84,7.8998
1ci7,4.8468
1c5z,5.9245
1dqx,9.2863
1jlq,9.5598
1h8y,-9.7969
1joj,1.3815
1jbd,0.4618
1g37,4.1829
1i7m,7.4264
1ft4,-5.96
1hvy,8.3448
1jik,7.1626
1fo3,10.2618
1jq3,10.0209
1i7c,4.3271
1k2i,-15.8121
1i91,5.074
1i8z,7.653
1i90,4.8799
1jvp,7.3906
1jj9,8.4873
1hc9,5.8381
1iep,12.5144
1fvv,10.1123
1g2a,6.6934
1k1p,8.2309
1g49,6.0781
1h5u,11.2858
1jii,4.8068
1f0q,9.0394
1g4k,8.0451
1ikw,10.8093
1cs4,6.9023
1fo2,6.2028
1haa,1.9543
1i32,7.617
1hbj,2.7357
1g05,5.0793
1jje,8.1911
1fls,5.2027
1e9h,11.122
1i8j,-28.1636
1jij,5.5391
1jk7,9.9101
1g5s,9.7252
1jil,10.1311
1iky,9.3941
1ikv,11.0079
1i72,1.9028
1fvt,7.5838
1ikx,9.7393
1i33,7.6505
1g27,5.2092
1jjt,8.4618
1j7z,4.3653
1jd6,5.5682
1ie9,12.676
1j81,4.2529
1hn4,7.6089
1fwv,2.1458
1fwu,4.9448
1jd5,5.2002
1j4q,1.7449
1i80,6.2324
1j80,4.4918
1k3q,1.4965
1g3f,1.5555
1ex8,14.2807
1g7v,2.9769
1i7z,8.7192
1ka7,4.5043
1h6e,4.8584
1hiy,6.8163
1e3g,11.7066
1hn2,0.956
1h8s,2.1578
1j4p,1.5772
1k3n,1.6084
1j4k,2.1008
1ih0,5.7397
1f90,3.8896
1k1l,8.1618
1fzo,11.3936
1h61,8.4644
1k1n,7.2166
1h62,5.9525
1k03,4.0534
1hq5,6.9333
1i9n,4.5177
1ha2,8.306
1fzm,11.0355
1h60,8.4739
1f47,2.8722
1if8,4.3521
1ii5,6.2841
1joc,6.6527
1k1i,8.7958
1k1j,8.7908
1i8h,1.6711
1jgl,12.8288
1i9l,4.5183
1i9m,1.6465
1i9o,5.4539
1h9z,8.5784
1i9p,4.8389
1i9q,5.2638
1imx,4.1871
1if7,5.5549
1ewj,6.1112
1iq1,5.5988
1fl6,4.2985
1ikt,6.0891
1k1m,8.79
1jmq,2.4618
1ilh,3.8252
1e3v,7.5761
1fe3,4.814
1fzk,10.7881
1h6h,7.4021
1k9r,-0.1241
1fdq,2.1888
1i5h,2.4663
1idg,2.0141
1k9q,2.6425
1gny,8.7988
1g6s,8.8703
1fzj,10.041
1i1e,0.6598
1j4r,6.9485
1f8c,7.861
1e66,13.6051
1fsy,6.0466
1g7g,6.2214
1jzs,6.4423
1i37,11.0148
1hp0,9.8981
1k9s,10.5568
1fsw,3.7029
1i00,5.5631
1hnn,7.5395
1hqh,5.5354
1f92,8.0594
1e72,4.6331
1jp5,6.2658
1h9l,-3.8985
1e6q,8.6353
1g42,3.3137
1hqg,4.5637
1iih,6.5024
1e1x,6.6584
1hdq,7.8276
1f1j,3.8141
1g3c,6.3926
1g3b,7.3999
1eub,0.5853
1e5j,11.1928
1juj,7.5863
1hlk,7.3605
1hqf,3.634
1i6v,8.5279
1g2k,12.5602
1f2o,4.743
1f2p,6.8267
1e1v,6.1766
1g30,8.5158
1f8e,8.1287
1ga8,5.4579
1f28,10.3594
1f5k,5.8855
1fm9,11.0663
1fpy,3.5994
1i48,8.6826
1g5f,-0.6221
1jak,8.3699
1g3d,7.2163
1i43,6.0036
1iem,4.2558
1iew,-15.017
1iig,4.5289
1dxp,9.9277
1i41,8.3848
1hp5,6.5121
1g2o,10.0685
1f9e,2.908
1g98,6.4765
1g9r,12.3136
1jsv,5.9696
1g7f,8.2401
1hi4,4.8309
1ik4,6.4071
1f8b,8.075
1g3e,7.1106
1hee,8.2444
1k06,12.9179
1k08,12.3435
1f8d,8.5136
1g2m,9.6997
1jh1,3.5709
1jut,7.884
1f5l,8.1511
1jd0,5.1472
1f9g,3.3093
1g2l,9.413
1hv5,9.762
1hi3,5.1233
1k1o,7.649
1g36,8.9897
1efy,8.8266
1jr1,7.6967
1g35,11.4902
1gcz,6.8742
1gag,7.0782
1g32,9.0967
1jtq,8.351
1jjk,7.4153
1iau,2.2277
1ga9,6.967
1hyo,6.2589
1hi5,6.8739
1l6y,-10.5848
1kkq,8.8835
1i7i,7.1154
1il9,5.6569
1m5c,8.3472
1kz8,7.6563
1gzg,-5.965
1h1q,6.9188
1i7g,-0.2867
1kat,2.7218
1ld7,11.435
1il4,6.2474
1ktt,9.0985
1jyi,0.6562
1kmv,9.5894
1klg,7.2673
1m5f,8.0814
1juf,10.6035
1iyl,8.0349
1ke8,8.855
1jiz,6.1768
1il5,3.8842
1h1r,8.2807
1lev,6.7678
1m7q,8.3076
1il3,6.5629
1m5e,8.5534
1hww,7.5371
1klu,8.2068
1kak,7.6655
1ld8,10.758
1ijr,6.9835
1eou,6.5525
1l6s,-27.6004
1hy7,4.9639
1kyn,7.6203
1hxk,6.8345
1hty,4.5325
1gmy,1.9759
1nd5,3.8899
1jg0,8.8144
1ke6,8.6354
1inq,10.2817
1ke5,9.1324
1jdj,3.9962
1lqf,6.5445
1g9a,3.2929
1g9b,3.5943
1g9c,5.0714
1g9d,4.1915
1k3t,2.5262
1ke9,8.7253
1mzs,8.5443
1ljt,7.8398
1ke7,8.3519
1m5d,7.26
1m5b,10.2894
1llb,0.3484
1m7y,9.8189
1lbf,9.424
1jyc,-0.841
1n4k,8.615
1lrh,6.5368
1li6,3.4919
1kv2,11.4021
1is0,6.2558
1gz9,9.4007
1gzc,7.4766
1esz,5.988
1gx8,5.924
1m83,12.1385
1g50,10.5655
1gui,10.1378
1lhw,11.4733
1lgt,8.2541
1kdk,11.9613
1kl5,3.9183
1kv1,-8.7341
1lhv,10.0836
1kzn,12.2363
1kyv,10.6778
1kl3,6.3855
1lek,9.3453
1lhu,11.3892
1guw,3.0886
1m74,7.4371
1lgw,5.4667
1l5q,6.1664
1jm4,0.574
1jpl,3.4907
1leg,10.0888
1k6v,12.1631
1mwt,-9.3075
1h2t,10.0702
1h2u,10.0847
1h79,6.0756
1l5r,7.2734
1h7a,5.9672
1kf0,8.3749
1mwn,2.2579
1l2z,2.4025
1i8i,6.13
1l0a,5.208
1j5i,-1.8757
1k6t,11.5972
1gwr,3.2577
1mq1,2.247
1jyq,8.3507
1g85,3.5048
1jq9,1.0897
1lf8,3.9736
1h0a,9.4857
1k6c,11.4988
1k2v,6.0693
1k6p,11.6882
1n5z,4.6162
1jlr,7.2202
1gu3,9.7662
1fd0,16.0595
1l5s,5.6231
1li3,5.2532
1kll,8.0959
1jif,6.2718
1lxh,-0.1643
1lbk,6.1084
1gwq,2.6366
1m48,7.5815
1gni,6.269
1lxf,1.6187
1lb6,5.0549
1g7q,8.297
1ez9,10.1009
1kmy,6.2195
1g7p,8.5579
1gnj,6.8257
1li2,5.8276
1l7x,5.6564
1ghy,7.3988
1gj7,9.0346
1izh,10.3201
1gi4,9.7015
1d4h,12.9527
1ec2,11.896
1gj6,10.0191
1gj8,7.3802
1mto,3.1425
1kuk,8.6713
1m0q,8.7328
1kug,9.6321
1kui,9.1029
1h1b,-8.9222
1ihy,7.4555
1kqb,4.3562
1eby,13.723
1ke3,5.0479
1izi,10.062
1gzv,2.1002
1gz4,9.4497
1loq,9.4561
1kf6,6.8725
1koj,8.6506
1gpn,10.7203
1j01,8.0672
1jqe,8.758
1m4h,8.8559
1ebz,12.0931
1lol,10.0201
1gjb,9.3568
1gjc,8.8359
1ksn,10.5148
1gqs,4.0236
1gi6,7.3931
1ew9,-1.3904
1l8g,8.3854
1gvk,-7.6578
1h22,11.2932
1ebw,11.1088
1ec3,10.2792
1jq8,1.7738
1fv0,7.5384
1ec1,11.1214
1h2k,4.5039
1mui,9.7853
1d4i,14.2337
1k4g,7.1145
1kpm,6.5599
1kav,7.9262
1kds,3.7579
1lf3,9.4967
1gvw,8.401
1h5v,14.3981
1gj5,6.7847
1km3,8.7497
1h1p,7.4437
1jqy,6.5074
1j15,6.2517
1j16,6.3542
1me4,5.1075
1jwt,7.9221
1nde,6.2255
1ghz,9.424
1lee,11.6458
1gvu,9.4474
1iup,4.2764
1kdw,3.8108
1h4w,6.1484
1m1b,5.2209
1gyy,6.5538
1g9s,7.2594
1l2s,7.2463
1n1m,5.7039
1ec0,14.4673
1gyx,6.4244
1gi1,8.1065
1gja,9.3718
1jys,4.5485
1lf2,9.0264
1gu1,8.6541
1gi7,9.5408
1j14,6.0379
1iiq,10.1184
1h8l,3.787
1kti,10.5392
1eb1,5.2726
1kc7,2.1358
1it6,8.0108
1k21,8.4709
1ke0,4.9277
1gpk,11.5305
1d4j,12.9435
1h23,10.2256
1m0o,9.6698
1kzk,13.7326
1mhw,7.5726
1ghv,8.6908
1i2s,4.6978
1k22,10.1385
1kfy,6.4364
1ew8,-1.8613
1g9t,9.1216
1j17,10.4672
1m0n,8.996
1gi9,7.0911
1gjd,9.2546
1jqd,8.7335
1gvx,8.8662
1ll4,7.4285
1kv5,4.6393
1ghw,6.9885
1me3,4.2298
1los,9.4248
1h1s,9.4081
1h1h,4.0692
1jcx,7.8401
1k4h,7.3862
1jvu,5.8902
1lor,11.5388
1gi8,7.2265
1gj4,5.9161
1eb2,8.1239
1q6m,12.695
1q6j,12.7535
1q6n,11.0776
1j1a,8.7985
1onp,5.1012
1oir,8.2001
1ogu,8.3346
1mzc,8.6472
1nyx,6.87
1g3m,8.282
1ouk,10.6709
1n7t,5.5649
1okx,10.1659
1mqd,7.5994
1ms7,6.3408
1pqc,10.4318
1kwr,4.6818
1mqh,9.548
1q9m,7.6749
1nl4,7.1879
1mqg,8.4292
1ol2,5.0134
1oyn,8.0128
1kwq,6.2249
1okv,4.4774
1ove,12.4094
1pxl,-64.3494
1n94,3.3573
1n95,5.0198
1o5m,11.8567
1nzq,9.5609
1n0t,8.9365
1p2a,9.231
1q6s,12.1622
1h0w,4.8401
1pxj,-66.8657
1h3b,9.3346
1p5e,3.7043
1pmv,8.5814
1q3d,12.1836
1njt,1.1351
1mkd,7.4448
1pxi,-65.761
1m51,8.4941
1o6h,10.2569
1h36,9.135
1urc,6.9657
1uom,11.9309
1npw,12.2751
1nhx,11.049
1n9a,3.7519
1pxk,-81.7762
1oiq,7.0084
1mm6,8.4627
1mm7,8.7929
1pyw,9.3161
1ol1,4.2453
1q41,10.1696
1h01,7.8531
1mqi,10.1352
1o6q,9.824
1h3a,10.3051
1h39,9.684
1h08,7.8947
1h35,10.7406
1nnk,8.7122
1h3c,9.1724
1h00,5.3435
1q6p,10.5366
1h07,6.6077
1mxu,9.4342
1my3,9.4734
1ouy,9.7696
1mqj,9.5701
1rgj,-0.4424
1o79,11.5964
1q3w,8.4979
1okw,4.375
1nmk,9.8033
1npv,11.6027
1pmu,11.6674
1h37,9.7087
1q6t,10.2935
1o0d,8.334
1onh,-12.7001
1oe0,12.6193
1gsz,9.4101
1pmn,10.2084
1pmx,1.7182
1pq6,12.272
1o6r,8.6136
1ong,-13.8906
1nf8,9.7899
1o7o,11.0054
1gx0,11.4555
1nzl,5.5698
1mv0,2.5983
1oeb,5.2716
1q72,7.9559
1qyg,8.9693
1p1n,8.1951
1hk2,7.1984
1usi,7.39
1ugy,6.9288
1n4m,5.7813
1ov3,10.1835
1o5p,6.2263
1gww,11.5167
1hk3,7.4541
1mrw,11.4763
1g74,3.8818
1o9k,4.7076
1gt3,1.614
1ms6,3.1813
1gt4,5.0702
1h28,3.6887
1nzv,4.5699
1usk,5.7436
1m7d,9.1977
1h24,3.593
1mh5,8.1734
1njf,9.7821
1msn,13.426
1ogx,8.2547
1ugw,6.5188
1gt5,0.2709
1ogd,5.5834
1n8u,5.1144
1n8v,4.6719
1q8u,8.6949
1ugx,7.9816
1ogz,8.3691
1ols,10.516
1ntv,6.7218
1urg,9.7576
1p1o,8.345
1mjj,8.9819
1h25,4.4742
1n7m,11.4624
1obx,5.8857
1r0p,13.5044
1oai,4.4069
1r2b,6.9465
1n3w,8.398
1p1q,8.3121
1i3z,6.9083
1r0x,7.848
1r10,6.2122
1jws,7.5737
1j19,4.713
1q8t,7.2351
1oif,6.4088
1p93,11.1764
1gt1,1.253
1lnm,13.8885
1ow4,9.8916
1hk1,5.4468
1h27,4.654
1o9d,5.8434
1gwv,7.8423
1h26,3.8931
1ngw,7.7406
1oz0,9.0052
1h3h,3.186
1ofz,7.2651
1mn9,8.3222
1q9d,10.2589
1nli,6.0188
1jwm,7.5223
1m13,7.6597
1uj0,3.2368
1q4k,4.2565
1umw,6.1115
1oko,6.8047
1uh1,6.1491
1lv8,7.9428
1oba,2.0121
1nu8,0.079
1p28,2.8828
1lke,14.3852
1osg,3.9417
1ntk,6.8579
1msm,13.6857
1n0s,9.7891
1r17,10.2213
1olu,10.2971
1oe7,4.6029
1oe8,5.6307
1m7i,9.1492
1mj7,7.8379
1jwu,8.3715
1lvu,8.9482
1oim,7.352
1hk4,4.171
1q4l,8.8855
1py1,4.2064
1p7m,-0.8907
1olx,10.269
1ow6,2.0857
1ow7,2.125
1ow8,2.3617
1pz5,6.4386
1hk5,5.4178
1q8w,7.826
1oqp,3.004
1mfg,5.7691
1ppx,2.32
1pun,1.2944
1puq,0.4011
1pus,2.0322
1gx4,11.8088
1m5w,2.53
1mrx,11.3708
1mau,11.9049
1p4u,6.1468
1pdq,7.4291
1ucn,7.2429
1ox9,5.7753
1nw5,9.0502
1q5l,3.6418
1odi,10.0716
1nu1,4.0777
1o9e,7.2898
1l6m,2.2205
1om9,5.0286
1nw7,8.7955
1iwq,6.1376
1maw,5.256
1gwm,12.0246
1odj,9.2051
1jn2,4.1278
1onz,8.5654
1o3e,4.4937
1o3f,5.1506
1o3g,5.1512
1o2t,7.0814
1j07,5.7791
1o2q,9.4915
1lyx,4.1621
1lzo,3.6161
1pf8,8.3797
1n46,11.8109
1oyt,12.6285
1nhg,6.6224
1o3h,9.0629
1o3i,8.697
1o2h,8.6738
1o39,9.7966
1o3b,6.3285
1o3c,5.9251
1o3d,10.0418
1nz7,8.9915
1nm6,15.295
1m9n,8.8604
1o2j,3.8528
1o2k,5.0081
1pvn,11.1942
1nnu,8.099
1o37,7.6792
1o38,9.851
1nlj,3.2657
1nq7,10.3956
1mpl,-5.7399
1o30,8.0366
1o3j,7.1877
1o3k,9.2343
1ony,8.905
1gz3,10.7178
1o3p,9.6145
1n7i,7.6465
1o86,9.9458
1n4h,9.1687
1o3l,7.261
1nms,6.4119
1m2r,10.7153
1n7j,5.1898
1nax,10.8817
1o2o,7.3194
1pbq,10.313
1iy7,6.979
1o6i,5.3004
1k1y,12.9076
1qwu,-1.8627
1nc1,8.714
1o2g,7.8516
1m2p,11.3438
1o2z,7.363
1m2q,9.8161
1o2n,8.4952
1nhz,13.1365
1pu7,4.6982
1pu8,4.1146
1os0,8.124
1k27,10.3587
1p6d,4.9844
1j37,3.5509
1nfw,9.6709
1nl9,9.632
1o36,5.5067
1p6e,0.5172
1ms0,4.0602
1o0h,9.626
1n3i,9.0806
1nfy,10.5114
1nt1,14.1045
1ny0,5.4844
1o2u,5.9474
1o2v,5.304
1o2w,4.855
1o2x,5.8185
1o2y,5.589
1q54,3.872
1ny2,4.0989
1lq2,8.0013
1pxh,8.6778
1o32,6.2154
1o33,8.3893
1o34,7.7039
1mf4,-2.8328
1p0y,4.9806
1nu3,4.1939
1my4,8.1216
1nc6,5.3388
1kr3,6.8862
1nc3,10.843
1o35,6.9247
1jn4,9.2459
1oyq,7.5652
1mrs,9.9778
1ndv,5.7114
1ph0,10.2799
1pr5,7.5035
1npz,3.8344
1nhw,6.0302
1n1t,9.4301
1n1v,7.8131
1n51,8.5007
1o2p,7.3423
1lqe,9.1989
1njs,12.0718
1nvs,11.7074
1oss,5.6994
1my2,8.5167
1j36,7.3658
1nfu,9.055
1mcz,4.3087
1mq5,10.1465
1mxo,6.2975
1lf9,11.3359
1o8b,8.2438
1n5r,5.2505
1nhu,6.194
1nhv,5.5262
1lrt,9.9373
1h0r,8.4211
1nyy,5.1848
1nny,11.1062
1owk,7.9553
1pb9,4.8385
1no9,-1.9133
1orw,-3.9664
1lpz,11.1069
1nj1,10.6302
1pcg,2.8244
1pa9,6.506
1h46,7.2063
1np0,5.5189
1owi,7.5702
1lpk,10.6514
1i5r,14.2896
1nfx,10.1768
1pyn,10.2902
1o2s,6.8789
1pq3,6.5479
1mrn,11.7015
1my8,5.0149
1ozv,5.3276
1no6,8.6622
1nym,5.8577
1nwl,3.0356
1lzq,7.7817
1nl6,3.4174
1jt1,-5.0503
1owh,8.4906
1ocn,10.2867
1owj,7.5581
1o1s,6.0691
1ps3,10.056
1nvq,14.4943
1nj5,12.0926
1nqc,2.4286
1ndw,6.975
1o0f,9.5797
1pr1,7.7878
1h1d,6.2791
1o2r,9.5801
1owd,8.3653
1ocq,10.0359
1q1m,9.5169
1n3z,-33.0708
1owe,8.9494
1nxy,-35.936
1me7,9.0759
1me8,9.5191
1ndy,8.3086
1pb8,5.3846
1o0m,7.4969
1p2g,7.9362
1qx1,0.236
1ndz,8.6313
1nvr,13.8169
1m2x,3.9929
1mq6,10.0493
1lpg,8.8021
1o0n,8.0259
1n2v,7.7275
1ui0,6.0343
1njj,3.9305
1o0o,6.1342
1od8,10.2113
1qxk,9.095
1lqd,10.6562
1uv5,10.0408
1xom,9.4604
1xbc,13.7118
1vjb,8.6755
1xon,10.5819
1vjy,11.2575
1xlx,7.3736
1q1y,7.478
1r5g,6.9321
1xm4,10.5968
1xdg,6.3469
1rs4,8.1811
1py2,7.6454
1unh,11.5749
1r58,8.3509
1vj5,6.9481
1v0p,8.5291
1rv1,8.6364
1ung,6.0113
1r5h,7.4539
1rwq,5.0922
1unl,8.1824
1oiu,8.9077
1tkz,10.4838
1xnz,6.764
1o45,3.7226
1snk,1.8042
1so2,11.8924
1xdd,8.6459
1rsd,5.7877
1pzj,6.2002
1t46,14.6123
1tl1,10.7603
1xor,8.2698
1o4d,-4.1415
1o4f,1.3764
1xm6,8.5371
1xp6,13.0106
1tow,8.6505
1xn0,8.1494
1o4e,-1.7289
1xp1,12.4945
1tl3,10.907
1x81,7.1225
1xoq,10.5771
1tkt,10.5513
1uu3,13.5117
1rhk,3.1805
1tu6,5.1655
1xmu,9.5828
1sj0,11.9436
1ni1,6.6957
1xlz,7.5338
1o41,-0.3185
1pum,5.4345
1xp0,8.7474
1uze,9.5382
1o4k,0.3855
1xoz,13.4959
1xp9,11.94
1tqf,10.3226
1utz,10.8737
1rri,4.5534
1ros,9.8044
1xpc,12.1004
1hkm,9.3995
1s9v,9.2558
1tlo,-2.6024
1o46,8.009
1sqb,9.6997
1o4a,4.487
1tg5,10.1689
1wdy,10.3766
1uyh,9.5942
1uu7,7.5623
1uy9,10.2177
1qxy,6.2106
1uyk,6.7592
1rhq,2.2855
1rhm,0.8439
1w22,4.7726
1qxz,5.5404
1tou,7.5771
1uvr,8.9847
1uym,8.1709
1npa,12.2751
1tve,2.7057
1o43,2.8998
1o4i,-2.3747
1o4p,4.3018
1hkj,8.4301
1rtl,-7.667
1szm,8.2205
1xos,7.3528
1oq5,7.9925
1uwh,11.2503
1t49,9.6644
1soj,6.8534
1v3x,9.6159
1q6k,2.599
1vcj,7.1862
1riw,10.6377
1rrw,5.3381
1vyz,7.2886
1tkx,9.9537
1o4b,8.214
1rhu,4.5846
1tl9,0.0217
1xh3,8.2744
1o4q,4.4532
1o4o,2.6484
1o4h,3.6566
1xot,5.8349
1o4r,6.9042
1uyf,9.4046
1t48,9.2199
1v1k,7.0628
1vyw,9.0176
1rsi,6.2877
1rq2,6.0226
1o44,8.6175
1r78,9.1686
1uyi,9.9666
1o4j,2.8233
1hkk,11.3501
1uyc,9.5578
1o49,6.317
1o48,9.5499
1o47,8.5339
1w4l,13.6157
1t1r,4.8674
1tv6,10.3562
1uu9,10.4133
1v0o,11.6471
1xmy,7.0901
1w51,9.1172
1ppw,5.6243
1rs2,5.1726
1py5,9.8602
1uyg,10.4923
1u59,12.9359
1okz,13.7619
1v2h,3.0195
1oky,12.4387
1w6j,10.035
1q0b,9.0538
1uk1,10.9703
1re1,-1.2192
1oiy,8.0449
1oi9,8.593
1pw6,7.9429
1rhr,2.5632
1w6r,11.7547
1w76,8.7378
1rxp,-6.7709
1uy8,9.0203
1pfy,10.3151
1tfz,11.3157
1qxw,6.9008
1t1s,5.4364
1rry,5.6207
1uk0,9.7394
1t4j,8.9047
1rhj,2.6673
1u32,9.2644
1o42,7.771
1uu8,7.4235
1tfq,5.2216
1xsc,-2.0996
1xzx,8.6998
1sr7,12.9236
1toi,6.6702
1utj,5.0317
1os5,9.7822
1oh4,8.6525
1s3k,11.1311
1vjc,8.276
1ujk,4.1674
1vjd,7.7384
1nki,5.5182
1s19,12.6534
1utn,5.0851
1ru2,9.0592
1q4x,11.4178
1qy1,5.1453
1toj,6.7307
1ukh,4.466
1sqn,11.355
1xow,12.1949
1udt,8.9894
1tpz,11.7306
1tq4,11.1762
1tog,6.8389
1uho,9.3068
1xb7,3.8459
1uod,-4.6004
1xxh,8.3209
1w9u,10.1808
1oj5,3.2589
1ujj,4.1339
1t7d,8.706
1utm,4.0761
1udu,10.7897
1t29,4.3676
1t7r,3.9008
1oay,6.6247
1ule,8.865
1u1w,7.9328
1p17,6.7069
1ryf,11.3467
1qy2,5.1418
1v11,10.2897
1rmz,6.2434
1vyg,6.4583
1xws,10.8584
1sbr,6.6349
1v1m,10.4712
1pg2,4.2946
1uz8,10.0196
1nlt,4.1651
1v16,10.7464
1vkj,10.8168
1rd4,8.1857
1ru1,8.9304
1pfu,3.5084
1ux7,5.5633
1xt3,1.2936
1uti,3.8302
1q1g,9.2988
1r5w,6.1193
1oau,6.6023
1ryh,12.1944
1w80,7.1215
1utc,5.7613
1szd,14.6401
1xap,14.7274
1y0x,7.2973
1xxi,9.7163
1t08,6.5084
1uef,5.3436
1utl,4.3561
1tok,5.1053
1r5n,7.8332
1u2r,8.3378
1vea,5.5749
1xa5,10.6567
1osv,2.5424
1r5v,7.2152
1qvu,7.8761
1utp,3.3839
1t2v,4.0355
1oar,9.134
1r6n,8.45
1qvt,8.4799
1td7,7.012
1uw6,6.1311
1ttm,5.733
1sv3,4.74
1t37,1.4447
1w3j,6.6668
1r9l,4.6923
1s5q,3.442
1uto,5.1243
2bfr,9.6767
1opi,2.9319
1sw1,6.121
1u8t,3.2873
1uxa,7.0685
1oxr,4.4098
1sw2,4.7762
1pzi,6.4863
1ulg,4.3973
1q7a,6.1501
1sje,7.4566
1w2x,12.3731
1uv6,2.8938
1p19,3.7171
1uxb,6.9117
1rzx,5.4277
1nw4,10.0182
1x8s,5.5864
1u9l,4.7015
1r4w,5.4636
1sjh,7.7968
1vyf,5.5361
1rp7,10.8892
1vja,8.1275
1w1g,5.8947
1oxg,-0.2496
1v0l,9.9799
1v0n,9.7282
1vj9,8.0701
1sqo,8.5135
1sc8,7.9168
1ua4,10.4812
1pxm,-70.5444
1xd0,12.0352
1pxn,-62.8159
1sb1,9.5139
1pkx,11.3432
1vcu,7.9968
1om1,9.9093
1nh0,10.1871
1wc1,10.5364
1wc6,7.7836
1rjk,13.225
1pxp,-68.6347
1qw7,3.026
1uys,9.8263
1s4d,9.1658
1xjd,13.4917
1q4w,8.8826
1r5y,7.6033
1o5a,6.8503
1re8,14.358
1t69,0.6577
1w3l,-2.9692
1px4,7.5524
1phw,-1.9849
1pwp,6.2192
1wm1,5.1421
1sqa,8.2201
1sqt,8.0681
1v2k,10.8118
1ta6,10.2208
1u0g,7.1045
1o5f,8.8565
1uj5,6.6998
1uj6,6.0433
1xbo,10.7948
1s63,7.769
1uwu,8.0559
1uwt,6.4217
1mu8,9.3239
1v2n,10.2411
1r1h,9.8667
1u6q,7.5107
1ugp,4.0701
1sl3,12.8494
1q63,8.2661
1m0b,7.414
1w5w,14.524
1rql,4.6359
2bet,6.3418
1o5b,6.6939
1q66,0.6962
1ur9,12.0718
1o5e,9.8297
1u0h,8.5727
1qxl,9.3495
1o5g,8.7255
1pwq,4.1823
1t3t,14.3548
1tl7,9.7024
1uz1,6.432
1v79,6.7175
1xff,6.426
1v48,8.8831
1pi5,5.1531
1v2o,5.8356
1v2p,6.7263
1sdv,13.4525
1u2y,5.8617
1txr,7.1955
1v2t,5.9033
1rm8,7.3271
1ssq,3.7032
1pxo,-76.2329
1pwu,5.2631
1mue,9.0461
1r1j,3.6036
1r1i,1.126
1rdt,12.9128
1rek,13.173
1s39,7.8572
1uou,7.794
1v41,3.1989
1xs7,6.0454
1w8m,4.4687
1u33,9.0212
1v2r,5.6496
1q95,9.6219
1w5y,13.4488
1q65,8.0886
1t4s,2.7771
1xxe,3.9712
1uml,9.5488
1w8l,2.3206
1pi4,4.4125
1pye,8.4321
1q5k,6.7906
1ta2,11.166
1xkk,10.33
1w5x,14.8605
1mu6,9.3393
1uz4,7.2316
1p57,8.093
1q83,14.8166
1sgu,11.6482
1v2u,6.2569
1v2v,6.0211
1rwx,4.4942
1pzo,6.3177
1pzp,6.5213
1s64,7.6693
1xbb,7.8382
1s89,5.9828
1w3k,9.9049
1v2l,5.8725
1v2m,5.7633
1sdt,13.6252
1v2j,5.763
2bes,7.5434
1rej,11.1983
1rww,3.5564
1o5c,6.0027
1ogg,8.9954
1ro7,13.488
1v2s,6.1764
1pl0,9.0253
1s38,8.5359
1w5v,14.5075
1thz,7.9613
1o5r,10.3042
1q91,12.258
1pf7,6.5405
1v2q,5.516
1sdu,13.211
1q84,14.2114
1tuf,4.0856
1p4r,9.3904
1v0k,-63.3703
1v0m,10.6081
1v7a,7.951
1pwy,5.0114
1sh9,7.6434
1v2w,5.6512
1yt9,8.2392
1tt1,8.387
2a5u,4.138
1z6j,11.484
1waw,9.3748
1yhs,15.8184
2b54,10.1586
1y2k,8.3175
1y2j,6.3069
1y2h,6.8094
1y91,9.3071
1w83,11.4385
1z4u,10.9024
1yvf,9.5433
2a3x,6.32
1yt7,1.9052
1s9t,8.3474
1y2e,8.534
2ai8,3.9472
1rw8,10.8889
2c1a,8.989
2a4z,7.7699
2byh,12.023
1y2c,7.6315
2c6l,8.8847
1zz3,4.9455
1z6q,12.0339
1wbt,12.1719
1wbn,11.3548
2c6m,9.4696
2c1b,11.0944
1z34,8.3937
2byi,11.5477
1xhm,3.1634
2ai7,4.0851
1wzy,4.7772
1zh7,2.7064
1r6g,11.2056
1wbs,13.5366
2b53,8.397
2c6k,8.9365
2bz5,11.6903
1xo2,10.2429
1you,7.3014
2b5j,8.2842
1zz1,5.5371
1z6p,9.9597
2a3i,2.4649
1yc5,-3.6157
2c4g,8.3832
1w1t,6.5613
1u3s,10.9283
2bro,8.3252
1zyj,7.4404
2bge,8.6763
1wug,-0.0263
1zuc,9.7838
2c68,9.0527
1x76,8.972
1z3c,10.6412
1x7e,7.8724
2c6i,10.2267
1zp5,8.5265
1wqv,8.0213
2f6y,6.9265
1ywr,10.5318
1x78,8.905
1ymx,-8.4756
1yw2,9.2133
1yhm,3.3962
2a3a,5.1749
2b8l,12.4028
1ttv,2.2136
1wbv,10.951
1y57,8.986
1xh8,16.2586
1wss,9.1273
1x7q,11.5807
1wu1,11.1266
1x70,10.4721
1w82,12.3987
1yk7,1.4361
1wbg,5.5635
1z9h,7.3641
2ban,8.4946
1zgv,8.3172
1y2d,6.1599
2aie,4.2907
1w1y,7.9627
2bbb,13.7272
2f71,10.5516
1x0n,5.6369
2bts,7.9043
2brh,8.5419
1y6a,8.3163
2c69,8.0972
2bmc,9.1163
1svg,14.7627
2be2,10.3927
2bpm,8.4237
2bw7,9.1582
1u3q,8.8913
1u9w,-0.0129
1ynd,11.4081
2a3w,7.9834
2aia,5.5457
1z5m,7.3543
1zkn,4.4192
2f70,10.2978
1wok,7.9136
1wcc,3.4938
1w84,7.6617
1svh,14.0864
2f6v,10.4003
1y6b,9.769
1veb,11.0194
1yi3,9.1768
1x7b,10.0359
1yvz,7.1346
1wb0,8.4549
1u9q,4.6185
2f6z,12.3061
1way,8.34
1xog,6.1527
1xoe,6.9142
1wbw,6.8738
1yrs,9.6941
2a3b,5.9356
1w1p,4.7026
1zzl,10.9287
1wum,-1.9942
2brn,7.8896
1u9e,9.2721
1zrz,7.8969
1wv7,8.668
1sve,11.7173
1u3r,10.8415
1w0x,6.9241
1zz2,11.3673
2brg,6.5344
1w1v,5.0866
1sqp,8.6814
1wun,9.8991
1xqc,14.1806
1xur,11.9782
1xuo,11.8754
1u9v,0.1338
1xuc,13.3862
1u9x,0.8678
1yvx,8.0867
1zkl,6.7501
1wxz,9.506
1zgb,11.361
2brc,9.7924
1y2b,5.2188
1wax,6.4535
1xud,13.8728
1zxc,7.092
2b52,9.2801
1zaj,6.9491
1wtg,10.8035
2btr,7.0987
2b55,11.0225
1x8b,14.1248
2b8v,11.2196
1x7r,8.7335
1tft,6.14
1t13,6.5399
2bfq,14.393
1xt8,4.6146
1tr7,7.1716
1uwf,7.2668
2f01,8.8362
1tmm,11.3129
1zub,1.9017
2bmz,6.4844
1ysg,6.4375
2aa6,12.2753
2bys,11.2886
1w9v,9.6667
1z2b,9.787
2ao6,11.6976
1s5z,7.1468
2bt9,6.6772
1y8p,9.9643
1yy6,6.1538
2byp,12.1346
1kjr,9.2036
1ws5,5.9632
1ws4,6.1472
1xk5,6.6554
1y8o,-10.4561
1ydk,6.6923
2a29,-0.8083
1wdq,11.7543
1vyj,3.9168
1ycm,4.6705
1z3j,3.9652
1yid,5.4294
1ykp,1.592
1x9d,10.2914
1z3t,8.6114
2a58,8.1364
1y2f,6.1743
1xfv,5.6367
1xh7,13.3934
1sqq,10.1323
1y3p,12.8116
2a0t,1.4493
1ywh,8.1153
1u1b,7.7446
1y19,5.0711
1xh9,14.1968
1y0l,8.2598
1t7j,8.8736
2bz8,6.2861
2byr,10.2124
1y3n,12.7996
2c2l,2.7507
1xge,5.7798
1xr8,9.1686
1w70,4.1909
2bjm,8.9705
2agv,7.3635
2arm,0.6284
2a25,7.0565
2c3i,9.0425
1wva,7.7588
1yc4,9.15
1wdr,10.7086
1y98,4.7044
1w96,13.6413
1y3a,4.9999
1xz8,6.8204
2a4m,2.0302
2br8,10.0276
1zkk,9.7829
1xh5,14.1785
1xh4,13.8986
2bj4,5.9946
1zhk,9.4372
1ywi,4.2331
2bak,6.4804
1tjp,8.3797
2baj,11.9242
1w6y,7.5116
1yvh,5.785
1we2,1.4126
1y2a,5.2006
1xq0,6.0571
1zm6,2.9085
1xh6,14.3332
2bal,9.0865
2az5,8.707
1x07,6.8006
2f8i,6.4038
1rr6,8.9511
2aeb,8.1372
1x8d,6.7612
1yc1,12.6541
1xr9,12.5106
1z3v,9.7481
2c1n,3.1152
1t4e,8.4484
2f7i,6.2488
1y2g,6.3992
1xpz,4.4473
1vj6,4.5203
1zhl,9.6942
2b9a,4.9373
1w7x,12.2063
1wuq,12.9846
2ajl,-3.949
1yly,7.2526
1t4v,8.6009
2c3k,11.4401
1ysi,6.056
1xn2,8.9438
1s50,7.0181
1x8j,9.3572
1tvo,10.5114
2etk,8.5705
2etr,7.4755
1wur,10.7957
1w31,-15.3595
1ws1,7.4457
2bok,10.1534
2a5s,6.9799
1w2k,8.1741
2b07,8.6728
1w0y,8.6468
2ax9,7.2515
1yys,5.5486
1yvm,5.6534
2ayr,11.3389
1yyr,4.3934
2ael,4.1712
2esm,8.2841
1wcq,8.683
1ym1,-23.6894
2b17,6.3677
2c3j,9.3669
1z71,11.5112
1x6u,0.2345
1x39,9.6559
1z1r,12.0166
1y1z,6.1214
1zxv,2.1834
1xgj,6.1586
2br6,0.7597
1yms,6.599
2brm,7.966
1x38,9.5536
1zp8,7.9182
1zdp,5.3326
1zyr,3.1054
1zoh,7.6977
1w2h,7.8302
2ad5,5.6104
2brb,8.4298
1x7a,8.1237
1z6f,4.7215
1xk9,4.5121
1xgi,6.2728
1ya4,7.7649
1y1m,6.9887
1wkm,2.9504
1v1j,9.1844
1y3w,9.3655
1x8t,10.08
1ybg,9.3696
2afw,4.5292
2aou,9.1147
1wvj,10.0689
2adu,5.7726
1w4p,6.3619
2bvd,8.8554
2a14,11.1479
2erz,7.6811
1t31,11.234
1z9g,5.0764
1ze8,7.1569
1y3v,9.8599
1y3y,6.8894
2azr,6.6638
2bo4,4.5801
1yqy,9.7728
1t5a,2.5774
2f6t,9.6744
1tx7,6.815
1u65,11.5925
2ax6,8.1309
1w2g,8.2055
1y6q,9.8479
2bgn,5.0633
1z4n,9.9625
1z4o,8.9317
1u71,8.8816
1syi,9.6687
1wvc,6.7584
1vzq,12.3826
2a3c,5.9894
2aow,6.3752
2aox,7.6185
1t32,12.878
1syh,10.4775
1z6d,5.2557
1zgi,9.3495
1y20,4.9686
1vyq,9.2318
1xn3,6.204
1zoe,6.6433
1xnx,10.2617
1yfz,6.5192
1z6s,6.278
1z1h,10.9736
1zpa,6.195
2al5,9.9406
1w4q,6.14
2b7f,7.659
1rt9,9.2133
1yxd,5.071
1t5f,-4.0768
1xhy,8.6769
2c6o,8.3886
1w4o,5.7672
2afx,5.0562
2br1,8.807
1yqj,12.6499
1zog,5.5721
1y3x,10.2024
1x8r,9.7534
1z95,10.4732
1y6r,10.7402
2exm,5.2441
2c3l,6.1437
1x1z,11.7424
1yq7,6.0543
2d06,10.4173
1yci,7.3938
2aov,7.9138
2bqv,11.1158
2bed,6.7195
2bu5,8.8498
1ym2,9.4955
1ym4,8.8419
2f4b,10.0548
2nsx,5.8626
2bdf,8.7337
2evo,5.2788
2bcd,8.7373
2ewp,9.1303
2fq6,9.0155
2g1y,10.4206
2h03,6.8932
2gm1,10.8637
2hha,8.1051
2axi,9.3127
2iw6,7.8501
2ath,8.8268
2f3e,10.4682
2f3f,11.7711
2ie4,9.2902
2etm,6.0448
1zeo,8.5893
2c5n,5.0658
2h96,6.224
2gtk,9.697
1zpc,1.7616
2c5x,6.7593
2c5y,8.0773
2gg2,8.2002
2gg5,7.5217
2cv3,13.7951
2evc,8.4225
2ggx,6.0193
2h02,7.1228
2auz,-1.5234
2fyv,6.689
2gz7,6.6728
2bdj,9.8422
2f2c,6.9235
2fm0,9.7473
2a4l,7.3585
2fda,0.6639
2aux,-2.0204
2hai,9.7544
1ykr,8.2847
2fix,7.5699
2gg3,6.3346
2f3r,11.5991
2i5j,3.7509
2evm,8.1778
2g6p,6.9501
2ccu,8.3534
2fde,8.5546
2ewy,11.9401
2gfs,8.0361
1zpb,2.0077
2c6e,10.496
2fum,6.4466
2ggu,7.0213
2fes,9.186
2c0o,14.4544
2g01,6.2936
2ew5,7.7212
2aa9,7.748
2aay,7.4119
2cm8,7.9485
2feq,7.6668
1ztq,9.8596
2j9a,7.7344
1yw7,7.6431
2g19,5.5981
2i40,8.9038
2ckm,11.3564
2giu,7.9193
2nq6,5.7782
2cmc,9.6644
2gg7,8.3543
2cne,9.7841
2j7x,11.1379
2gg0,7.6504
2h44,15.3057
2anm,9.4289
2ew6,7.4852
2f1b,8.163
2brp,4.7875
2c8y,8.2694
2iw8,9.3376
2fme,11.9519
1yw8,8.3162
2ama,11.3736
2cng,10.1433
2igy,8.8951
2hny,10.9698
2gga,5.468
2irz,13.9627
2c93,8.7582
2ggb,4.9093
1zd5,5.3158
2cgu,7.6643
2f3k,10.9244
2j50,7.8723
2fjm,10.8016
2gnh,9.95
2j87,9.2993
2cgx,5.4345
2bdl,1.8303
2euf,10.2072
2i0v,9.94
2ggd,5.515
2chz,7.9879
2cgw,6.9796
2bdy,12.9533
2chw,8.4483
2azc,9.4177
2cma,8.9227
2chx,7.557
2b7a,12.2154
2am1,10.8662
2fl2,10.1333
2ccs,10.2231
2gpp,10.9177
2hwh,6.614
2bb7,6.8709
2gni,8.6955
2i47,8.4778
2f4j,10.0697
2h42,9.0284
1yy4,9.048
2fky,11.7286
2iit,9.1371
1yye,9.5701
2h8h,9.1825
2nq7,6.5572
2a2x,8.7823
2fwy,7.8811
2is0,12.2014
1zaf,9.7381
2c4f,9.1263
2g1r,11.7831
2ica,10.4126
2cm7,9.2349
2bve,5.0415
2cni,11.175
2g0h,10.5935
2c8x,10.1313
2az9,4.8263
2fj0,-0.6752
2nyr,20.677
2exc,10.6555
2bkt,8.4932
2cnf,9.6952
2i0y,9.9212
2i1m,8.9055
1zd4,5.9198
2gg8,5.6329
2cgv,5.6824
2cmf,12.6935
2hwi,8.4652
2gc8,7.5508
2cn8,10.21
2fie,8.0313
2gg9,8.3751
2c8w,10.5045
2am9,11.2398
1zom,0.4521
2c6c,7.0817
2bua,6.1747
2c90,5.7925
2c9t,10.6838
2bks,8.5508
2fl6,10.6827
2fjn,9.9325
2b1p,10.0954
2hfp,11.5988
2gcd,14.0683
2gz8,3.8682
2fjp,10.166
2dq7,12.7162
2fdd,3.2965
2ddf,6.8845
2c6g,5.8615
2np8,7.9027
2fm5,9.215
2g1q,10.0294
2g9x,6.1049
2dxs,9.0307
2hk5,9.1379
2ank,8.9064
2boi,7.4915
2g24,9.9056
2chm,11.3049
2aq7,5.8281
2aqb,5.7039
2hd1,5.2174
2a0c,7.5894
2fwz,9.01
2g0g,10.0031
2igx,12.6031
2gnl,8.9279
2cnh,9.6292
2gv2,5.8172
2c5o,4.9999
2iiv,8.7192
2bv4,7.6033
2fv9,7.1431
2j83,8.0888
2azb,5.4155
2cmb,11.1691
2a8h,5.6786
2az8,5.8877
2gnf,7.1637
2gnj,8.7725
2d1x,9.2226
2alv,2.2093
2f1a,4.4627
2gmx,5.9041
2b1z,11.0422
2ayp,10.1031
2bkz,8.8809
2go4,7.3261
2i7c,10.9661
2iw9,9.0773
2f18,7.9773
2auc,3.3024
2aei,5.3328
2hiw,13.6599
2am2,8.5542
2cct,9.0842
2i1r,8.3217
2bub,5.829
2i0h,10.433
2f34,9.5732
2c94,10.9518
2fb8,9.3987
2ceo,6.506
2gh7,8.9102
2iwx,11.4602
2ews,11.9885
2euk,7.9196
2fgh,7.2584
2h21,8.1221
2eum,5.5264
2evl,6.9336
2cgf,10.4336
2iws,9.7674
2c9d,8.1204
2izx,3.2824
2hdx,5.6235
2f14,8.6518
2fgu,12.1518
1zc9,6.3554
2c97,7.1651
2cvd,8.0156
2ivz,6.9122
2ce9,6.7632
2df6,4.4157
2j79,6.3933
2fkf,8.4892
2fw6,6.5564
2fwp,6.4892
2iwu,8.3195
2g6q,4.7396
2boj,6.9581
2fl5,7.6624
2gfa,4.836
2h2h,5.436
2j7g,8.809
2buv,4.8336
2flh,6.4653
2bmv,2.0448
2ewa,10.4678
2a5b,5.0764
2cbz,10.5283
2j77,5.9516
2foy,6.3462
2haw,8.748
2clv,11.5371
2g2r,8.4998
2g97,6.2995
2hu6,10.2619
2o4n,12.4972
2gl0,7.6217
2gzl,11.6831
2ccc,8.2076
2fx9,4.4069
2b4l,5.007
2o4p,11.5525
2ha4,3.5835
2fr3,8.9185
2c92,10.7393
2cbu,7.8403
2azm,3.9919
2bmk,5.3625
2fuu,-0.6539
2c9b,8.0534
2idk,5.4347
2a8g,3.2133
2flu,3.9431
2fx7,4.1467
2hmv,8.6843
2hmw,6.6494
2hmu,8.8079
2cex,8.6715
2h23,8.3616
2fqw,10.5066
2aoj,8.8384
2j75,7.6037
2ca8,4.5562
2ha2,-0.7607
2j7b,7.3546
2a5c,6.6288
2fsv,13.4255
2fqy,10.4432
2aof,7.3575
2fov,6.4681
2b4m,5.4144
2frd,9.9175
2h3e,9.1015
2g5u,7.9666
2cbv,6.8566
2hf8,13.2161
2f35,9.387
2fx8,4.7954
2o4s,11.6256
2nm1,3.3304
2ccb,8.1866
2iko,11.3419
2o4k,11.3361
2h9m,5.5417
2aoh,9.8732
2amt,8.6534
2cia,6.7793
2ha0,-2.5437
2j78,7.4858
2ez5,2.3857
2h6b,6.0716
2h2j,7.7907
2h2d,3.9283
2fxv,10.4175
2h13,6.0652
2c80,6.5265
2ez7,0.4439
2ha7,3.4466
2j7f,6.6057
2fys,2.6622
2ha5,4.3389
2j7e,6.9305
2ha6,5.1645
2c1p,9.1186
2a4w,3.0584
2g96,8.5212
2ces,7.593
2gph,3.7339
2gz2,7.2249
2f5t,12.5667
2o4l,6.5163
2ci9,6.8389
2fo4,9.1675
1yon,8.5205
2j7h,6.3368
2doo,7.5451
1zea,5.3851
2h6q,6.6983
2fr8,6.1086
2bba,5.8353
2fci,2.4461
2fqx,11.6151
2j7d,7.0133
2fgv,12.9686
2o9k,5.9321
2iku,10.799
2il2,11.4209
2fxu,9.2775
2gtv,0.3128
2h6k,6.8958
2fou,6.8491
2hnx,5.9723
1zsh,0.1016
2ate,9.9541
2h5a,9.1634
2d0k,8.0084
2cet,9.2237
2cc7,8.2239
2fts,6.2379
2ha3,3.4006
2aoi,9.5722
2cf8,12.8563
2cf9,12.8224
2f0z,6.151
2aoe,6.8348
2d1o,7.3284
2hh5,8.9122
2f7o,4.8083
2f81,8.5825
2fzz,13.49
2f9u,2.6868
2a4g,2.5509
2a4q,3.3796
2bq6,9.3175
2bz6,10.7554
1zsf,8.4199
2d3u,9.033
1zsr,4.9632
2b1i,9.2886
2d41,7.5655
2g00,11.9749
1z6e,11.8005
2i0g,9.8263
2b1g,9.8644
2d3z,9.7433
2f7p,7.339
2hwg,2.6275
2jbj,4.9163
2f10,7.2054
2bzz,9.7117
2fqo,6.658
2g94,10.1156
2gvj,11.1153
2hoc,6.3958
2f9b,9.0705
2h4g,7.7289
2aqu,10.9006
2jbk,4.0702
2aog,10.2319
2avv,-5.2385
1w6h,8.0387
1zvx,9.0234
2fqt,6.2632
2g5t,2.3029
2i0d,10.1441
2ewb,4.9156
2i03,2.0377
2ien,-0.1884
2fhy,6.5793
2h5i,4.597
2idw,10.3049
2avo,13.1236
1yz3,8.522
2b1v,8.2283
2flb,5.2027
2d2v,9.4248
2gvd,6.5401
2b1r,8.5216
2g8r,7.2302
2hds,7.8051
1ypg,11.4658
2anl,7.3461
2fpz,6.3953
2e1w,8.404
2h5j,3.5438
2gvv,6.4109
1zfk,7.7776
2gbf,-0.054
2aoc,9.9405
2clx,-47.3757
2gvz,6.955
2c6n,5.6657
2gv7,9.3726
2a4r,2.5533
2j34,8.8657
2hb1,6.6295
2hd6,5.7362
2i19,5.432
2ajd,4.2914
2dua,4.5917
2bmg,9.346
2am4,13.7301
2f94,8.7551
2fzc,4.558
2hdr,3.5926
2j4i,8.6396
2f8g,9.4808
2avm,9.8826
2nw4,8.4874
2aod,9.5297
2an5,6.0551
2c4v,4.2331
2i0j,8.511
2iuz,8.8284
2bvr,7.0291
2fx6,5.0965
2c4w,9.4574
2dw7,3.8686
2cn0,13.3816
2fzk,1.6552
2fs8,2.4017
2fxr,4.0332
2gsu,5.997
2b1q,8.2525
2fdp,10.7026
2avs,13.888
2i3v,6.2627
2f1g,4.9028
2b7d,9.0892
2bvx,8.7423
2i0e,10.2085
2i3z,7.9914
2f2h,10.1187
2ajb,-1.1428
2ieo,8.7651
2ihq,9.7209
2h4k,6.8963
2ioa,4.9573
2hs1,9.0332
2aez,6.5667
2g5p,2.5642
2j47,9.7989
1zfq,6.3009
2f89,6.9219
2c57,7.416
2ivu,10.0311
2isw,5.6376
2isv,4.2912
2cmo,8.5024
2boh,8.3587
2bqw,9.1626
2bxt,9.6867
2fs9,3.8769
2fvd,10.5743
2gbi,7.3361
2hb3,11.0539
2hs2,8.8508
2hdq,4.8563
1y3g,8.4944
2j9h,5.0865
2hzy,6.9522
2avq,9.603
2fzg,1.4265
2aw1,8.9941
2gv6,7.7131
2j2u,8.7628
2i0a,10.6636
2i80,7.7911
2cbj,8.1512
1zge,5.7701
2aq9,5.0849
2ceq,7.4576
1zky,9.3408
2gbg,1.0755
2fai,8.4578
2gmk,6.2179
2hdu,2.4844
2ff1,12.5382
2ff2,11.1441
2h5d,4.7852
2h65,4.2259
2f80,9.5267
2g63,4.1408
2hnc,5.4809
2aj8,8.3767
2g8n,10.8961
1z9y,7.4978
2cji,8.7449
2hxm,9.5239
1zs0,8.8072
2bxu,8.6577
1yp9,8.7947
2d1n,6.7077
2fm2,3.4351
2bvs,5.1838
2f9k,9.472
2bq7,7.7116
1ype,12.1124
1w7g,7.6353
2c02,6.5725
1ypj,11.7396
2in6,13.1416
2j4a,10.7622
2io6,11.5744
2uzn,7.2195
2obj,8.825
2hwp,0.2749
2duv,9.1089
2hwo,1.5314
2p3g,7.8793
2uzb,7.9003
2r9s,8.5255
2jdt,8.2907
2uzd,9.3627
2rjp,8.3361
2va7,9.3889
2of2,7.9764
2jdo,8.702
2pgj,13.6521
2pgl,11.9337
2uw6,7.808
3b8z,11.2064
1vsn,3.4856
2ofv,14.3154
2gdo,9.9618
2o64,10.6581
2ohv,6.5159
2fw3,6.6861
2oj9,9.0492
2hog,10.6415
2pvw,5.7851
2q6b,10.1609
2off,9.1224
2owb,11.622
2qpj,7.0059
2uyi,9.5219
2v10,5.9036
2e98,10.5232
2og8,12.5062
2uzl,8.3228
2gmv,9.4492
2p98,7.8116
2hy0,11.1077
2o65,9.2474
2ozr,13.2123
2va6,7.4469
2e99,9.9208
2v0z,10.0876
3b2w,12.1815
2uue,5.5857
2o63,10.7644
2g9r,8.8799
2g9u,8.7212
2q1j,11.4267
2pzi,8.305
2e9a,8.3081
2o48,3.1964
2i6a,10.1539
2v12,7.88
2r0u,10.5076
2p99,9.5077
2e9c,7.422
2o3p,8.4246
2o7v,-10.4669
2g9v,5.9991
2uzv,9.5731
2e9d,5.0882
2jbl,9.2127
2ooh,1.3646
2ork,4.6989
2ghg,9.1861
2r9m,3.7028
2qe5,6.2674
2q2y,9.3847
2q7m,4.9822
2p3o,6.3163
2pg2,9.0149
2veu,8.3906
2ohr,7.4808
2qcg,11.1774
2p4i,12.1909
2qcn,-15.0134
2gh6,5.0571
2ieh,10.9454
2ojf,8.9254
2hiz,8.142
2e2b,12.5717
2oah,10.7322
2p83,9.8054
2qk8,8.2992
2q1l,9.2623
2hxl,9.2454
2qd9,12.0478
2hxq,9.4085
2gfj,7.8489
2ou7,6.6608
2o5k,7.7256
2o7n,9.349
3bi6,14.5241
2hb9,5.0007
2ilp,6.6816
2q6c,9.3092
2oph,8.8168
2hyy,12.1221
2osc,11.2962
2qe2,7.282
2vex,8.751
2oh0,9.1162
2uw7,9.4446
2pjl,11.5616
2iok,9.0963
2ofu,9.14
2oo8,11.8913
2ow1,9.0637
2r6n,2.0748
2rgu,9.5928
2q72,8.2016
2q2z,7.9708
2v0c,12.003
2qt9,11.0232
2gu8,8.1917
2j2i,13.0988
2ow0,9.471
2qoh,12.0086
2uw0,12.4036
2h9t,7.6878
2jc0,9.2055
2rcu,7.2907
2p8s,9.5843
2vcj,9.1049
2vci,10.7514
2oq6,4.5492
2q6h,7.8195
2qch,5.1387
2qoe,9.1946
2jaj,6.1259
2ohq,6.7079
2ph6,12.4807
2uzo,7.2818
2hvx,5.4649
2hm1,9.1433
2ovx,9.9466
2uym,9.9153
2nww,5.1369
2ds1,12.9477
2oh4,12.7539
2vev,9.1136
2ow9,12.739
2gfk,8.0993
2h1h,6.6034
2ohm,5.1668
2gj4,11.1208
2uw5,8.6263
2qcf,11.6101
2fvc,8.5801
2hz0,12.3376
2nqg,0.4631
2hz4,12.6517
2pzy,8.5789
2p2i,11.0501
2poq,2.4187
2gd8,6.4073
2v11,8.658
2vf6,10.304
2ohu,8.9935
2vd7,5.9051
2gqn,8.0967
2qtb,11.9591
2jbu,6.5758
2q8i,10.3219
2qcd,10.4383
2o9i,8.7137
2ohs,7.9771
2gm9,9.4519
2hzn,8.6269
2q9n,-13.8862
2pvv,5.8567
2vey,9.9511
2qcm,10.6745
2uze,8.9142
2oic,12.3029
2pe2,10.7795
2uw4,6.4143
2os9,5.3963
2gde,8.0903
2pix,4.5856
2p33,9.4001
2r8q,6.6172
3biz,12.0504
2iqg,11.8863
2nv7,10.4485
2pe1,10.3203
2rfn,9.7474
2p9a,3.746
2imb,4.0711
2q9m,-13.1971
2vew,9.3146
2p2h,8.3798
2ow2,4.7199
2i5f,4.2135
2hzi,13.6085
2p8h,13.8941
3bcn,-1.2511
2uw8,6.9897
2nqi,-1.0336
2ywp,6.6074
2o5d,9.7196
2ooz,5.5537
2jbo,10.4991
2jbp,8.1305
2pe0,9.0989
2qju,6.8386
2uw3,6.3885
2of4,7.3774
2ogz,7.1106
2va5,6.9599
2q8g,9.9909
2iog,11.7792
2oht,8.5083
2or4,7.6707
2pcu,5.2269
2ohp,6.2685
2no3,5.7631
2z60,12.5777
2v7a,10.3483
2e7l,12.5726
2gek,7.2907
2nnv,5.479
2uxi,2.3756
2pl0,11.5952
2r5d,5.2855
2v8w,9.8578
2jdu,7.679
2c1q,8.2019
2p0d,5.4782
2v00,7.8514
2gej,10.0341
2oi3,5.5474
2jdp,6.8318
2jbv,12.1137
2jdk,8.3898
2py4,13.4246
2jdh,8.9912
2qki,6.2835
2nn7,5.665
2pfy,7.6939
2qqs,2.793
2hkf,8.2367
2qpq,5.3229
2e27,10.1148
2nno,5.8752
2gfd,8.4179
2nxl,9.7057
2jnw,0.1337
2qx0,8.1826
2e7f,8.9821
2p8n,5.7575
2j3q,6.0891
2pze,12.3953
2fxs,7.6964
2nnd,5.3433
2nns,6.0931
2r7g,6.8785
2hug,1.9997
2z5o,3.7618
2joa,3.8697
2peh,5.3184
2pv2,8.2902
2oqs,4.3921
2ph9,-0.5088
2qm7,11.4983
2e5y,11.3522
2nn1,5.7555
2qta,9.9035
2itt,8.7042
2pgz,9.0152
2v25,6.7178
2j6m,5.0121
2q8y,6.4157
2odd,3.0425
2r58,3.5323
2oiq,12.1103
2itp,8.0922
2g78,8.7917
2g79,7.4576
2ito,6.9767
2oei,6.1088
2vhj,4.9852
2pk6,8.6919
2vhq,9.1251
2j4k,7.0066
2o9a,-3.6335
2jup,2.5049
2jg0,12.7694
2hr6,10.4632
2nsj,7.5751
2clk,5.8845
2jsd,4.5678
2qm9,6.8705
2dwx,4.8359
2uxu,3.0993
2i4z,5.2977
2i4p,4.3867
2q8h,1.8304
2v3u,5.2333
2gh9,13.2398
2uyq,6.5953
2z5s,4.4057
2nxd,9.4833
2z5t,3.8071
2r5a,3.4469
2r5b,5.5689
2itz,7.3612
2jdn,7.8303
2nmx,5.9773
2nsl,9.1035
2pk5,-10.6998
2j9n,6.5903
2v5x,6.1578
2pem,6.2078
2v87,6.5112
2vba,1.7402
2vb8,8.2097
2nn8,7.0554
2hzl,4.087
2rly,2.8216
2hrm,7.6366
2cle,7.7045
2clm,8.384
2clf,8.4178
2o9v,6.3384
3b50,11.536
2uyn,3.6893
2nwl,4.3617
2oi9,10.9989
2o3z,6.25
2r0z,6.8818
2isc,7.6096
2jdm,7.6869
2ntf,7.1815
2opy,7.083
2puy,4.2932
2ra6,6.1733
2ogy,8.185
2jq9,1.786
2v83,7.2842
2v86,6.2623
2v85,4.9929
2j4q,9.1755
2hj4,6.0849
2qhd,3.9478
2nng,5.1634
2uwd,11.43
2gj5,5.5392
2hjb,4.5472
2jqk,1.2626
2jdy,6.8551
2p09,7.9442
2iv9,8.8183
2p0x,0.9344
2igw,-49.4031
2v95,12.7176
2pv3,6.7236
2e2r,9.7846
2h5e,7.8312
2igv,-46.6575
2oi2,5.2748
2p15,14.9009
2cli,8.3543
2cll,8.7925
2jo9,2.8852
2ity,7.4839
2pql,7.642
2imd,7.5796
2pll,7.2741
2q7q,5.3052
2o1v,6.1934
2nxm,8.6347
2i4j,4.8069
2i6b,7.2754
2qbx,6.6065
2hqu,10.6627
2ovq,5.0051
2pv1,6.4178
2jf4,13.593
2r05,3.6386
2r03,4.3652
2ipo,7.5724
2v88,6.2726
2clh,9.1663
2clo,10.6377
2r02,3.5149
2jmj,2.8694
2ohl,3.5275
2rm0,3.1391
2e94,8.7869
2i2c,11.461
2ftd,4.4128
2o4j,13.6391
2p16,10.9113
2e95,7.9971
2uvm,5.9114
3bgp,8.5599
2e93,9.9798
2e92,4.9538
2iu0,3.0054
2oxd,5.3478
2ot1,8.1325
2oxx,6.0658
2j4g,7.9693
2e91,7.6607
2jj3,8.7421
2pog,10.4235
2nt7,8.8381
2oxy,6.2359
2oz5,10.067
2j27,4.9786
2v3e,7.1701
2p95,10.0335
2z4b,10.7449
2op3,-0.9184
2o4r,13.3262
2g9q,4.083
2o2u,8.8917
2qtu,9.2326
2ok1,9.301
3bgz,11.3361
2yxj,10.4302
2oyl,9.6553
2p94,12.3364
2o7e,0.8969
2p2a,11.0026
2z9g,2.968
2flr,7.8136
2ql9,3.4823
2q54,10.7557
2hw2,15.7285
2on3,0.7365
2p4j,10.6687
2onz,10.9052
2eg7,6.705
2qlb,3.1243
2obf,9.2189
2qlf,3.3564
2oc7,0.8577
2pu1,7.361
2z94,0.2307
2hvc,8.5133
2p93,9.2432
3b7i,2.6963
2uz6,5.041
2psx,1.772
2opb,8.8672
2uz9,6.808
2i4x,8.8932
2hob,3.0685
2qrl,3.1446
3b3c,4.917
2hah,7.6899
3b92,6.3914
2oym,8.2536
2qe4,9.8101
2v3d,8.038
2oc9,9.0826
2p3a,9.6537
2q15,9.8812
3bgq,9.7022
2o9j,8.373
2oa0,8.2357
2cem,13.4421
2ovv,9.7317
2jnp,5.4416
2ovz,8.2168
2fle,11.2999
2oz7,11.0254
2p8o,4.6862
2uwp,7.4951
2f9v,2.1768
2oc0,1.0527
2ptz,7.5381
2pu0,7.1475
2jal,-15.9586
2pwg,6.7477
2nta,7.861
2on6,4.7067
2iyf,11.9755
2g70,8.9568
2jh6,8.508
1vso,7.9948
2p3d,9.0316
2e2p,9.5784
2o1c,4.7084
2i4t,8.6589
2rcx,4.3143
2q55,11.0227
2i4d,10.0179
2oax,12.9853
2op9,3.7685
2ojg,8.2495
2cej,12.9864
2i4w,8.7049
2r5q,11.3477
2i4u,9.6123
2np9,8.4912
2onb,2.0635
2itk,6.5222
2jew,6.2555
2psj,8.9521
2fu8,3.5892
2ony,10.8476
2za3,8.7202
2h15,5.8634
2o9r,6.9574
2uy4,6.2842
2hl4,8.0723
2z3h,9.9673
2it4,2.4361
2vfz,11.6505
2p3c,9.1683
2psu,9.3344
2ihj,6.9514
3b3x,2.3718
2gvf,3.8438
2o8h,8.2994
2q80,6.1746
2jiw,9.8139
2r9b,6.5569
3b3s,4.4801
2oi0,5.2917
2v96,6.0615
2jh0,8.8045
2nnq,11.5621
2oaz,6.0974
2ojj,9.81
2uwo,8.3806
2oqi,9.205
2o0u,11.3555
2uy5,6.7422
2p3b,8.2924
2r5p,12.7946
2oag,12.357
2i2b,7.709
2ima,6.5254
2o4h,6.0841
2eg8,5.8293
2g72,9.5866
2cfd,8.1445
2hhn,6.5305
2r2w,7.6543
2g71,7.8224
2p53,9.2741
2jh5,7.7297
2cfg,-22.3676
2oxn,5.7938
2i72,4.9751
2pou,7.9628
2oc2,10.4775
2qu6,10.8002
2nnk,12.1781
2nnp,12.7671
2nmy,11.7602
2nmz,7.9851
2glm,8.5135
2oc1,2.6581
2qlj,2.9338
2gkl,5.712
2j62,11.7729
2pwd,5.5913
2j95,8.2031
2ovy,9.248
2oqv,9.7593
2uwl,7.4129
2pbw,9.2249
2qft,5.1902
2jfz,11.2119
2nwn,6.3404
2uxx,19.3404
2j94,8.6856
2ql7,3.3386
2qzr,7.7816
2qrk,8.6294
2o4z,2.5891
2obo,1.4515
2psv,8.8316
2q38,5.6161
2cen,13.6069
2q5k,11.4729
2oyk,9.469
2jds,11.0434
2jdv,12.255
2i4v,9.9509
2qdt,2.271
2uy3,7.3136
2h6t,8.0447
2q3z,5.617
2pow,7.5499
3b3w,3.7185
2qfu,5.2544
2o22,5.3806
2v2q,6.4754
2pov,8.6316
2q1q,6.2958
2q70,10.2391
2qu5,11.8066
2z1w,7.3696
2v2v,6.9448
2oc4,9.1076
2oji,7.6649
2jfh,4.7392
2ql5,2.6018
2glp,7.6799
2q11,8.4011
2q8m,9.8515
3bea,12.0235
2ow7,6.4503
3bel,9.1237
2vv9,9.1609
2vcx,7.2085
3ctj,11.0735
3cst,4.2249
3d4q,10.1785
2r64,5.5181
2rgp,11.4037
2w3l,11.5749
3bmy,8.4037
3c1x,11.5603
3cp9,13.4057
2rc9,4.5093
2vwx,10.6851
3dog,9.1554
3br9,10.2118
3d7h,11.1096
2r7b,9.8344
3ddp,8.2254
2vwy,9.6545
2z7i,7.5968
3dct,11.0985
3bjc,7.8249
3cth,9.1914
3bi1,10.8515
3cwe,10.2553
3ej1,7.685
2vd1,7.02
3f5p,6.5438
2vgp,6.9378
3e7b,8.424
2q8s,2.6737
3bm9,9.6192
3e7a,9.7447
2qc6,9.9954
3di6,11.4844
3c45,9.1393
3ddq,9.1908
2vx1,10.2806
3eoc,8.2878
2vww,8.849
3drp,11.829
2vwu,10.1793
2jdl,5.4674
2q94,8.4801
2z7r,12.2593
2rc8,4.5819
3c10,7.7258
3bv2,11.5467
3eid,8.4064
3bv3,11.8965
3el7,11.4021
3e2m,9.6546
3drr,8.7787
2q93,6.9443
2qyn,10.8574
2qu3,7.5595
3b8q,11.7607
3bys,12.797
3d7f,10.4154
3drs,4.3383
2w4i,11.4456
2qyl,10.8496
3dwb,6.1992
3b8r,11.1348
2ze1,8.42
2z4y,6.8311
3db6,9.1344
2z78,8.5131
2vwz,10.2318
3bhx,7.4715
2zdz,10.4753
3byu,13.1081
3ds6,13.6566
2vcq,7.548
2z4w,8.1866
2qa8,9.6204
3f66,8.813
2q92,6.2226
2q96,7.1071
3c6u,10.4426
2viq,6.8002
2rib,5.009
2r4f,10.0452
3bz3,11.2288
2vtr,6.1644
3bet,7.5378
3dpd,6.132
2vcg,5.7701
2q95,8.5376
3e63,9.2397
3cs8,4.0731
2z4z,7.115
3ce3,10.7883
2viy,11.2799
2pjc,10.34
2vtj,7.0563
3c4f,9.8654
2r3k,6.4752
2r3l,7.224
3c4e,7.2783
2uup,8.6993
2r3j,7.6456
2r3m,9.5035
3dej,4.2073
3fc1,10.7059
2z50,3.5786
3bh8,7.3555
3bpr,5.0392
2rjr,-3.758
2vd0,7.3918
3bh9,8.0829
2zva,9.1304
2pks,6.718
3ccn,11.5056
3e7o,10.3337
2vth,7.2534
2vte,7.3829
3dy6,11.2134
2pj9,10.49
2pj2,9.6247
3chd,5.4796
2zas,9.2239
3dda,6.5364
2onc,10.075
2pj4,10.7594
2vj6,12.177
2vto,7.3191
2vtq,10.0784
3deh,4.2981
3bi0,7.7012
3cib,12.7467
3d7d,9.9235
3ehw,12.1675
3cqu,9.8452
3eqb,6.9741
2pj5,9.6398
3c4c,9.5587
2vo7,10.3506
2ea2,7.9853
2vwv,7.7883
2jkm,8.6153
2piz,9.107
2uuo,7.1147
2pj7,8.9294
3d7g,8.3258
2qn1,10.3935
2ph8,14.1361
2vj9,12.5893
2vta,5.3578
2pj8,9.158
2vd4,6.3909
2pjb,8.3853
2zjf,9.5751
3c43,9.2648
2vin,5.634
2vtm,2.7962
2r2l,7.6681
2w05,8.2948
2qh6,7.9707
2r3i,9.7878
3f69,14.2447
2k31,7.7181
3c6t,10.0797
2pja,10.1822
2rg6,10.8544
3cjo,10.0908
3dt1,10.0976
2qnx,4.0997
3bqn,10.5582
3cbp,9.5219
2z52,6.4907
2zlg,3.3714
2ria,4.1467
2qo1,3.4105
3daj,8.0319
3f07,4.5136
3bwf,10.6304
2e9o,10.0293
2piy,8.738
2r3h,6.4962
3c7q,9.4374
3c72,7.2379
2zm1,10.2093
3eio,7.5704
2pre,-1.225
3d14,12.4327
2qlq,1.8408
3eyl,6.9022
2zp0,8.1598
3el8,10.9586
2v13,7.2161
3cgf,8.0934
3cm7,6.8129
2qzk,16.1594
3dek,4.3197
2qn2,10.9451
2ow6,6.4946
2vnn,13.5767
2w17,9.5196
3be2,12.0119
3cn0,8.0952
2rg5,7.7651
2qyk,10.0043
3bhb,7.6186
3bx5,8.4213
2rf2,10.4265
2qu2,7.278
2qnz,-7.2684
2vts,8.053
2zmj,15.1766
3e01,12.2454
2vl8,8.0774
3ccb,6.1979
2zlf,5.7877
3d4l,11.4436
2vie,11.1544
3bsc,8.6647
2pt9,9.0779
2vqj,6.8668
3dm6,11.2725
3bgm,8.66
2ow3,13.7504
2qmf,12.1925
2vaq,7.0501
2vnm,12.633
2vtp,6.6729
3cic,12.2407
3dcv,9.2582
3dya,13.1623
3cgo,8.2921
2v22,6.4141
3chf,6.9781
2qaf,3.9085
3bgl,8.988
2qve,-1.1742
3eql,5.2976
3e62,5.987
2vj7,12.5539
3ctq,12.9276
3ddu,10.7446
3dei,6.4191
2vio,6.0251
2ei6,8.8705
3cqw,7.9408
3dbd,9.9352
2vtt,8.889
2vrx,8.8778
2ea4,7.9647
2vu3,9.9321
2pj6,9.0709
2rl5,11.1743
3bl7,10.1276
3efw,10.2779
3ekn,9.9892
3elj,10.974
2rku,11.5994
3che,6.8461
2vip,5.9714
2rjs,-3.3246
2qq7,1.7599
2vvt,8.6337
2r3f,9.277
2vgo,7.9803
3ch9,3.5478
2viv,7.4864
3d27,6.6309
3cj3,6.479
2qmd,12.4225
3bc5,10.9825
3cid,12.1949
2vj1,-19.0484
3b9s,-36.5296
2jkk,9.9801
2e9n,10.4204
2vvo,8.7131
3cjf,6.8869
3dcr,8.8388
2pmn,8.1186
3c5u,6.9313
2pj3,10.4546
3eht,2.3463
2r3o,8.5339
2viz,12.452
3cy2,9.9463
2zdx,7.4489
2rip,7.9663
3ee2,4.3045
2vti,9.7349
2r4b,9.5004
3bl9,10.7144
3ecn,5.6351
2qzx,7.913
2v16,8.2855
3bym,10.2125
3bki,8.1819
2jko,9.6589
2jkq,9.3256
2r3n,10.5074
2viw,6.8545
3dbs,7.876
2zof,9.5239
3byo,11.8561
2pj0,9.8823
3ens,9.1887
2r3g,7.4462
2vle,9.8833
2qiq,5.3603
3chc,6.5331
2w06,9.2414
2vtn,6.1307
2vtd,8.1555
2pjt,7.4372
2vcw,6.1771
2qk5,9.6911
2qp8,11.6985
2qzl,13.4248
3ccc,7.3308
2zdt,11.239
2pj1,9.7311
2r3p,8.2877
3ddb,7.1318
2vqm,5.4915
2vtl,4.5657
2qhn,5.5599
3db8,8.0757
2jjk,5.6827
2zv9,7.8883
3cd8,11.5773
2z8e,12.6435
2q2a,7.4845
2rkn,3.9487
3e64,9.6842
2vt3,7.5427
3c49,11.3661
2zmd,7.0125
3exe,9.552
3cow,13.0934
3bu8,4.9464
2vpn,8.2344
3bxz,8.2215
3diw,6.8684
2uyw,9.0085
3dab,4.6495
2qky,0.31
2jgs,6.9154
2vwc,11.2343
2qpu,5.5714
3bb1,12.2942
2p7z,8.596
2p7g,9.4283
3d0b,12.1062
3exf,7.0866
3bva,9.6267
2jkt,3.0905
3cj4,7.4793
2phb,11.3714
3bum,5.576
2p3i,6.9733
2q2n,11.6721
3cph,11.068
3d2e,13.4642
2jql,2.4379
2w0p,9.6544
2q2c,5.5733
3c2o,5.9134
3cj5,8.5137
2zb1,10.8416
2pvu,6.6588
2vx0,9.5721
2w0s,5.8757
2jg8,0.793
2or9,5.7411
2q89,8.2375
2vrj,5.1192
3ebl,12.8645
2zm3,9.1978
3bun,5.5717
2qbu,10.0963
3dxj,6.9459
3bti,9.3065
2p7a,5.7068
3c2r,4.998
3ce0,7.6827
3dst,7.4485
2jkr,3.9015
3buo,4.8156
2z92,13.4326
3cii,9.0252
2vmd,4.9426
3coy,11.3748
3ckb,7.1308
3btl,4.6988
2rcn,9.087
2z97,14.37
2vmc,6.3605
2pmk,7.8629
3bim,5.9018
2k2r,1.3559
3bu6,8.6115
3eeb,9.9386
3buw,5.6966
3e5u,6.3388
2zju,6.4892
3e1r,7.2044
2q88,7.6718
3btc,5.4347
3d1e,5.6303
3eg6,6.6101
2vyt,3.0368
3eml,6.091
3bzi,6.5352
2pqc,10.9824
3d1f,4.7281
2oz2,5.3486
3bt9,9.2816
3c2f,5.3546
3bxg,9.5166
3bbb,5.6619
2rin,0.8645
3chg,4.0994
2rnw,2.3471
3c39,6.8904
2r6f,8.4297
3c9e,2.8966
2jqi,2.1108
2vpe,6.7298
2vo4,3.8615
2eh8,6.4962
2jb6,15.2061
3cd5,10.3341
2vuk,6.9248
3exh,9.5556
2z6w,8.5971
3ccw,8.3743
3cd7,9.2623
3ds0,5.1985
2vmf,7.9791
2k4i,3.2072
3ck8,11.3051
3e6v,8.1141
3c84,7.0671
3cj2,7.4975
2jk9,4.5465
2pym,0.8229
3bl2,4.325
3cyy,5.0937
2rcb,4.6009
2r1x,6.5351
2zpk,7.7614
3cpj,11.7735
2w68,4.3886
2r23,6.6194
2vfk,8.7866
3d9k,5.3719
3f9w,8.2554
3bze,8.7421
3ds1,5.5039
2k0x,-11.5549
3b5j,7.4877
3f17,8.9669
3bux,6.06
2qry,7.8448
2reg,4.7512
3btj,9.6921
3c6w,5.6922
2jst,4.2877
3bex,7.5082
3coz,10.1966
3bxf,10.0853
3bra,4.2246
2emt,3.4319
3clp,10.8263
3f3e,6.5433
2qfo,6.3259
3ew2,6.7961
2rny,1.5255
2qv7,8.1261
3f8c,10.1703
3fat,8.2868
3ery,8.14
3buh,6.0304
3f8f,9.7302
2z4r,6.6294
2k00,3.5063
3cwk,7.0385
2pyy,6.1379
2r1w,7.0075
3d7k,10.6588
3cda,9.8277
2k46,3.3754
3cd0,8.8313
2v7d,3.3132
3cct,9.6023
2jiu,8.5447
2pyn,3.2808
3b2q,5.6268
3d9p,5.7691
3brn,7.997
2zbk,8.1233
3c4h,7.1972
3eks,11.9
2q64,11.2149
3c1n,4.3395
2qtr,15.2734
3bvb,10.0378
3bxe,5.6337
2qic,4.6971
2zkj,11.2206
3d2r,12.0854
2vc9,6.272
2vpo,8.2524
3bzf,8.2314
2r0h,7.8245
2r1y,6.7136
3f9y,8.6953
3d9m,6.0948
3d32,7.4497
2zit,10.1042
3b82,11.7278
2qtn,6.0099
2zdm,8.4931
3f18,6.4445
3bf1,5.6151
2vw5,12.2096
2vnf,5.458
3b4p,9.0464
3f6e,12.6986
2zdl,8.5097
2rnx,2.518
2qhr,7.7384
3c3r,2.7932
2pr9,4.1803
2zdk,9.5699
3dp4,7.5908
2zif,6.6948
3c3o,2.95
3feg,9.7924
3c3q,2.6646
3bbf,11.7254
3coj,4.7029
2oz6,8.2325
2vcb,6.4227
2k3w,3.0812
3f16,6.8194
2vvn,7.6639
2q7y,6.8507
3ccz,9.5006
3f48,5.3625
3cr4,2.8112
2zdn,8.3306
2qbw,10.4616
3bjm,1.8236
3btr,5.4104
3ds3,4.3319
3b2t,7.4222
2pqj,3.5505
3blr,10.2693
3ctr,5.8739
2jb5,8.6504
3cyu,4.1565
3f80,5.6266
3f1a,7.1093
3b8h,11.8817
2pqb,12.0944
3c79,5.795
3eov,6.4492
2r2b,6.4947
3ds4,6.332
2pmc,2.6232
3cr5,-0.6687
3f19,5.8388
2qhm,8.3719
3bug,5.0256
2q63,1.8076
2vxj,7.141
3d9l,5.6546
3f3d,5.5621
2rfy,7.3864
3bu1,4.4724
2zjv,5.6416
2k2g,4.4197
3f15,7.0363
2pnx,4.996
2r75,14.1687
3cgy,7.2354
3d2t,5.5145
3e6k,7.118
2zg1,4.1576
2zg3,4.2575
3d62,-14.4309
3buf,4.4775
3b78,11.6753
3ck7,8.5699
3d9n,5.5281
3bxh,8.0361
3dsu,7.2257
3eyf,6.2182
3cdb,8.1967
2qbp,9.4162
3e0p,4.5558
3c56,6.8259
2qi5,9.4313
2qi6,10.799
2qi4,10.7829
2qbq,9.7662
2r38,12.6849
3ekr,9.8685
2p59,-0.5283
3c52,5.2329
2qi7,7.9507
2qi3,9.2746
2qnn,12.3555
2r3w,12.0601
2vnp,6.0288
3bc3,9.2283
2rfh,4.3217
2zq0,13.0011
2v2h,4.7348
3e8r,2.248
2qbs,9.8644
2za0,7.9269
2zb0,9.93
2pwr,12.5534
2pvh,8.5693
2z4o,9.6964
2pwc,11.0278
3bm8,-1.7013
2vh6,10.031
3eko,8.2891
2p4s,9.2159
2r6y,11.4014
2qf6,8.8553
3blu,-2.6173
2pvn,9.4014
3c1k,9.414
2pvm,9.1162
2v2c,5.2546
2qnp,11.2136
2vw1,8.6777
3ckp,8.9831
2r6w,11.4799
2qbr,8.5609
2w26,8.6411
2zaz,8.1797
3b65,10.1969
2vw2,7.2259
2osm,2.8896
2qrp,14.4674
3bkl,11.5571
2ri9,3.3659
2qnq,8.9295
2qmg,13.5378
3d91,10.2472
3bh3,-17.5287
2qd7,10.8032
2rkf,8.167
3bkk,11.0466
2qd8,0.0193
3cke,5.8839
3bgb,7.8063
3d04,-0.0724
2vqt,8.5169
2z7g,5.7176
2qhc,9.0732
3c2u,3.0365
2v6n,-14.9961
3b67,11.4568
3e93,14.5084
2r3t,12.2789
2zcq,8.6972
3d1z,9.3091
3b5r,10.3559
3bqc,11.0979
2vkm,11.4715
2rkd,3.7043
3ckz,9.7288
2qg0,10.9043
3cyx,13.0709
3e92,13.004
3d1g,7.0831
2vi5,8.4633
2z7h,6.1434
2vjx,7.3645
3d67,3.7713
2e9v,9.6906
3cf8,7.1848
2uy0,12.9971
3bl0,3.9176
2qw1,4.1838
2q7o,8.3072
3d7z,11.6464
3f0r,5.9021
2zcr,10.1411
2zn7,9.174
2vo5,10.1225
3d4z,7.5291
3cf9,6.841
3ewj,11.2737
2osf,2.6577
1w12,4.8926
3dd8,7.0093
3efk,12.8326
2r9x,8.5206
2ra0,9.8199
3c88,6.851
3d94,15.5711
3czv,3.9196
3fas,7.2172
2pyi,12.757
3cyw,8.5607
3d50,6.457
2zc9,11.4915
2zgx,9.7821
2jt5,6.8837
2qrh,12.0558
3b9g,9.5374
2rka,-1.2658
2p4y,10.9885
2r43,11.524
3ddg,8.1589
3bar,3.9254
2pqz,10.2046
2qd6,4.5355
2q8z,9.7754
2vr4,7.9901
3d1x,13.0243
2qlm,12.913
3bl1,8.0148
3b66,10.3738
2qp6,7.7345
2ves,10.1772
1w0z,7.6458
2p1c,8.6807
3cs7,10.4376
2yz3,4.6446
3ddf,8.2905
3egk,7.9094
2rk8,5.2179
3dln,7.0082
2pvl,9.2952
3be9,13.6631
3cl2,6.9863
2jt6,6.3692
2zmm,9.8463
2v54,9.0373
3djk,10.4445
1w10,3.7765
1w13,8.8587
3bla,9.7852
3eqr,10.5698
3d4y,6.9241
2vh0,9.6128
3bmq,6.7637
2uxz,11.7112
2qo8,6.999
2q6f,5.1562
2za5,12.1463
2qln,14.8772
3bft,6.2271
2qhy,10.5668
3cm2,7.4437
2q9y,5.1292
2pu2,7.1587
3bgs,7.9319
2vr0,6.904
3efj,11.5472
1w14,4.2914
2qg2,10.6059
3d83,12.7005
2qn3,13.4926
3bv9,9.8578
3bc4,4.225
3e9b,7.795
2qci,4.7944
2qnb,13.6835
3ds9,7.1862
2qi0,10.072
2vc7,4.2967
2vl1,5.0918
2pnc,6.5668
2vvs,8.9467
2r2m,9.9214
2z3z,5.4338
2qtt,10.1194
2vsl,5.6264
2zda,11.6054
3b68,11.0917
3d0e,10.2705
3ckr,8.4085
3dyo,7.4073
3bmo,5.5103
3cen,10.9087
3e16,6.1602
3e5a,8.4558
2qi1,11.3417
3d52,6.1413
2qoa,6.7772
3bfu,7.5661
2qhz,10.8829
2ole,5.644
2jkp,8.3624
2jke,7.8452
2pvk,10.2573
2rd6,9.2993
3d20,9.6478
2vk6,9.1635
3bcs,11.515
2qrg,12.4577
2zfp,7.723
3b7j,3.9013
2epn,8.2738
2qmj,9.9242
3f3a,7.5482
3c8a,7.0313
2jk7,7.776
3d3x,5.7508
1w11,7.8408
2zcs,7.6171
3d1y,13.3631
3d9v,8.3763
3b4f,7.8829
2pq9,11.96
2e9u,10.9673
2qrq,12.857
3bbt,9.2033
3d51,6.8558
2vot,9.292
3c8b,7.6211
2rkg,4.3189
2qtg,8.8739
2v77,6.8491
2rke,4.8736
3cl0,7.2561
3c89,7.9248
2eep,5.6051
2rk7,4.6659
2pvj,10.2468
2rcw,8.4422
3caj,6.1485
2r9w,9.4231
3bxs,8.8534
3bgc,9.4363
2vnt,8.9652
2qrm,12.9804
3f3c,7.9406
3dc2,3.5103
2vl4,7.4852
3emg,8.408
3fz1,6.1579
3h59,12.3188
3g9e,9.0108
2w1c,7.4045
2wev,8.9872
3cvk,11.2929
3d5m,12.7394
3gur,6.2713
2wez,11.9752
3ii5,11.4931
3hmm,11.3351
3gxl,12.2731
3igv,10.9827
3ig6,12.3233
3hf6,7.7631
3fei,6.8593
3g8i,9.3418
3fyk,7.3992
3gyn,10.0601
3ff6,11.2011
3hp5,11.5705
3gol,9.2692
2w3k,13.22
3fxv,11.7085
2w6n,9.0023
3jpv,9.3486
3du8,7.4678
3kvx,9.1316
3g42,7.5972
3kb3,9.9646
3fv8,6.9697
3hng,10.4042
2w3i,12.2856
3c7p,8.6145
3hd3,3.6195
2wf0,13.4805
2wtd,9.9721
3iej,10.3824
2wbd,7.4268
2wi6,8.3844
3kah,6.6792
3ej5,5.6397
3il6,11.1488
3g6z,11.892
3i06,1.8585
3k3b,11.753
2wtc,8.2003
2w6p,8.7411
2w71,8.4764
3hr1,11.8979
2waj,9.8507
2wmw,6.1711
3hqz,11.9795
3fr5,9.1038
3gw5,9.5946
3k48,4.5065
3g70,12.6206
3g3n,6.686
2wo8,7.7064
2wqb,9.2504
3fqh,8.4272
3dv1,12.4957
3fr2,8.1358
2zv2,12.2292
3g1m,10.5479
3fr4,9.1468
3hp2,-4.1211
3fnu,8.5256
3gc7,11.721
3fej,8.4869
2wtj,8.0231
3fpd,6.088
3eq7,7.5622
3kaf,4.8844
2wmx,6.4939
3hw1,5.0593
3fc2,8.5204
3eq8,6.7889
3g72,12.8923
3djf,8.1762
2wi5,-1.1695
2w1d,6.1805
2wbb,7.8507
2zoq,7.4001
3ezv,10.0951
3fy0,8.3174
2woa,8.4421
3ft4,7.6597
3jzk,9.4668
2w1i,6.6832
3hyf,7.681
3a4o,10.5517
3e0q,2.7259
3f9n,7.1339
3fci,8.0286
3dp0,7.8353
3d28,9.1574
3duy,8.6253
3dp2,6.8822
3doy,8.189
3dp3,6.9593
2wi4,5.0514
3fzs,12.6561
3eyg,7.7461
3idp,13.2035
3il5,7.6806
2zvj,5.6487
3hj0,-29.2317
3doz,5.3197
3k3i,-23.5479
3fmr,1.3824
3fck,-57.4201
3hy7,7.3948
3h2a,5.3888
3co9,10.8375
3cwj,9.1356
3ezr,8.986
3fmq,1.9712
3hqy,12.4371
3hhm,8.4009
3jzq,4.6071
3e3b,6.8142
3fzr,8.2551
3hxf,8.3124
2w70,6.3402
3dgq,-13.9451
3hha,3.4441
2w1e,7.8929
3fi3,11.7916
3fxz,10.6761
3h03,7.0716
2wf4,13.7677
3a29,8.0908
3e3u,7.3516
3f8s,6.6188
3i81,9.8992
3h3c,8.2126
3e51,10.358
3eta,15.0588
2w6z,5.8902
2v5a,8.6935
3dz6,6.3138
3ft5,6.6415
3h0v,6.5768
3fal,9.7607
3kba,9.6326
3kce,5.5252
3et7,8.5465
3hy9,8.6512
3h23,7.6628
3gwu,8.6541
3h21,6.9772
2wf3,12.0357
3e8n,9.9797
3eka,0.4764
3i0s,9.536
2w0d,6.9856
3ik3,13.7491
3iw4,11.6404
3jsi,9.2644
3ha6,7.8793
3f88,7.0812
3gwv,6.4162
2wgs,10.3151
2zis,8.6689
3g6g,10.8402
3kfc,13.2795
3fkt,10.8467
3hc8,8.4693
3ex2,10.3605
2who,6.4499
2zyb,8.8893
3eyh,12.0103
3dg8,5.5856
2w6m,6.6682
3fup,7.2009
3fhr,11.1622
3h2n,6.4298
3h2m,7.1441
3hrb,9.8616
2w12,6.9077
3cde,10.3043
3d25,9.0085
3dv5,13.7673
3hv6,10.8347
2w0j,9.5926
3f7u,6.4485
2w7x,10.9844
3ewu,-7.4458
3exo,8.4026
2w6q,5.8469
3h2o,6.529
3ejs,8.952
3eju,10.0089
3jzp,4.4597
2wcx,9.1479
3fi2,8.5686
3kfa,15.0571
2wf2,13.2769
3dtc,12.268
2wu6,9.1449
3dga,5.4414
3h06,7.1827
3hvg,5.6742
2wf1,12.8845
3da6,11.2341
3hwn,1.8196
3gfe,13.2667
3h0b,8.0145
2wei,10.7267
3kl6,11.5962
3gs7,3.9977
2w6c,8.2638
3kai,7.6143
3ft8,14.108
2vur,8.3971
3g4f,4.6383
3ksl,8.1296
3hv4,13.0052
3fcl,5.7821
3h26,6.5202
3fqa,3.7912
3fdn,8.8236
3f3w,12.1072
2wi2,5.8899
2wi3,2.3415
3gww,7.0273
3hqw,9.8912
3jzr,5.8849
3ex3,3.4698
3hfj,9.545
2jle,9.6335
2wfg,13.943
3igb,7.723
2zzu,10.8708
3fq7,9.9679
2w1g,5.0365
3h5u,12.1204
3i0r,7.412
3ia6,9.9003
3e37,8.2111
3dpk,9.7771
3fc8,8.6883
3hxb,6.4526
3hab,10.6721
3h0z,10.0733
3hxe,7.3868
3fcb,7.8615
3dz4,8.552
3hdm,10.2546
3kf7,10.9631
3fcf,8.2682
3itu,5.705
3ess,11.0405
3eq9,9.5463
3fqs,8.2183
3hhu,10.648
2wmu,5.2296
3i7g,7.7879
3fw3,5.6697
2wot,11.4967
3ejt,9.2663
3ft2,8.8566
3ft3,7.9192
2wih,11.6304
3hv3,13.5216
3coh,10.0829
3gz9,11.1553
3k9x,12.081
3hxc,4.3683
3dcq,5.7094
2w1f,6.8473
3hdz,10.5457
2w1h,8.7477
2wmr,5.7272
2wu7,7.8565
3fl8,12.3521
3dpe,14.4264
3dpf,14.7509
3f2a,10.1315
2wi7,8.2375
3fyj,9.9539
3g86,13.5105
3h5s,13.4284
3h98,11.2263
3jzf,9.8662
3jzi,9.448
3k23,9.4348
2zir,10.3505
3g6h,11.0128
3kag,4.2274
3hac,10.1692
2w6o,4.8414
3h0w,8.6226
3hvc,8.9905
3i7i,7.8158
2w0x,4.7753
2wo9,9.8999
3kab,2.9968
3fzt,12.3038
3hdn,9.5483
3ig7,6.802
3f7b,6.9036
3f7z,8.9996
3igg,7.8448
3jsw,9.5064
2wuu,11.389
3ewh,13.6337
3h0y,9.6596
3hhk,9.9888
3i28,10.9093
3dng,13.7795
3kad,6.7308
3h9o,8.411
3dz2,5.9792
2wou,9.5854
3kac,5.9119
2wey,6.9405
3fl9,4.6338
3ewz,11.1021
3dz5,2.0975
3frz,10.5368
3h0e,3.0019
3i1y,8.2444
3fpm,7.8195
3f8w,8.3574
2wd1,9.4593
3h2f,5.6642
3jzs,5.1004
3h22,6.1372
2wmv,5.9554
3dp1,6.3612
2wti,9.4759
3gnv,11.237
3hyg,9.3774
3hv5,14.5305
3hxd,3.9388
3dvp,6.7024
3ikc,6.5416
3csl,8.4896
3c8e,7.1238
2wjg,9.8081
3g15,10.5839
3fsj,12.2455
3bwk,4.1886
2vk2,8.1618
3fzy,10.9082
3heg,12.132
2w3o,6.2824
3a1c,11.2408
2w16,6.6509
3drf,10.5918
3drg,11.3712
3g2t,5.2042
3ie3,4.5315
3el1,10.5395
3eky,11.2562
3jvs,8.4582
3bwj,10.0079
3d1v,1.4517
3dla,8.833
3ffu,6.6139
3e8u,7.7406
3ekx,11.7677
3ekv,9.9065
2w73,4.4513
3g2v,3.8894
3hjo,4.9085
3hik,6.6301
3fvh,6.1554
3ed0,6.8482
2zx5,9.7754
3f33,5.7473
3hxi,11.6468
2w77,5.597
3eu7,3.9923
3f35,4.8787
3f34,5.3819
3g2s,5.0467
2zym,19.0537
2kgi,4.6814
3gnw,14.5412
3e73,-0.465
3a3y,6.0881
2k7l,1.2165
2v58,9.9278
3iw5,4.9272
2w7y,12.4357
3ijy,6.0746
3esj,8.7505
3e12,9.005
3dxm,7.7821
2kdh,4.0551
2w8j,9.3394
3img,6.0641
3i9g,7.3867
2weq,9.6803
2zyn,18.7085
3f36,5.967
3ekp,8.599
3ghe,5.3698
3h1x,4.9809
3fxb,5.3209
3h6z,2.4079
3iue,12.0716
3k8d,8.8099
3ivx,8.8446
3hrf,7.6113
2vr3,9.4491
2w47,8.6079
3ekw,11.7056
3ime,4.2797
2wzf,11.0851
2kfx,3.6476
3ijh,7.1596
3hv8,18.9417
2k0g,8.8819
3gkz,7.5239
3gvu,13.8053
3hx3,10.6143
2kbs,2.6176
2vxn,6.1367
3cfn,8.4782
3dow,7.4329
3imc,6.2704
2weh,5.0469
2weo,5.5253
3jvk,3.264
3g5d,9.4995
3juq,7.8444
3cx9,2.3913
3fgc,9.264
3gk4,1.0117
3evd,6.0244
3evc,7.4028
2wor,7.2963
2wos,7.5402
3ehn,4.301
3h9f,11.4224
3hv7,13.6043
3iw8,7.3004
3hwx,9.3581
3gxz,4.1178
3a1t,8.883
3a1s,11.4127
2w4x,6.8639
3f70,3.037
3h52,2.0679
3k41,6.5864
3gcp,11.1095
3fbr,1.2842
2zwz,7.1385
3f39,3.725
3gcu,14.5094
3bpc,7.5503
3iiy,3.5325
2w10,5.7091
3ekq,12.8704
3gm0,7.823
3ern,6.8216
3el5,11.7022
3dgo,5.9989
3h91,8.8879
3fjg,5.9728
2v59,8.7774
3dnt,8.987
3f3u,9.2427
3hg1,8.8525
3fuc,8.2712
3fj7,5.6166
3d4f,-7.4998
2wf5,10.0984
3elc,6.0787
3dkj,4.5755
3iuc,11.3134
3d45,4.5235
3a1e,9.4304
3g2w,3.2996
3fwv,5.0643
3iw7,9.5417
2kfh,2.4893
3f38,4.6875
3f37,4.4633
3e3c,6.0782
2vxa,8.3645
3e6y,7.0994
3jup,8.2653
3gxy,4.4384
2w6t,5.2245
2w78,6.2092
3kjd,9.9578
3ggw,5.0398
3gl6,5.5002
3dp9,9.3601
3gf2,5.3949
3g0e,10.2186
3hy5,8.6823
3ij1,3.7836
3k5i,7.3507
3isj,8.6893
3ioc,9.7569
3g19,3.4642
2w87,6.8877
3g0f,9.3439
3h1z,6.4143
2zq1,9.0007
3d78,5.1051
3k5k,8.1866
3ifp,6.6956
3iqg,6.527
2kff,2.2142
3eyu,6.3041
2rol,3.6522
3iux,4.2306
2kbr,2.075
3iqh,6.4933
3dgl,6.9067
2wp1,3.8775
3ekt,8.3341
3f3t,9.8708
2khh,2.9581
2zq2,9.2294
3gfw,7.6636
2uzj,0.7934
2zfs,9.9279
2zhd,7.7315
2w92,-4.7657
3iub,10.622
3gk2,1.4607
3fhb,6.3175
2wn9,7.996
3da9,10.4172
3iw6,7.9917
3ga5,9.678
3eqs,7.4062
3ivv,6.5831
2wa8,3.3941
3gqo,10.4243
2zft,9.1537
3fdt,4.9832
2wl5,8.5466
2weg,5.6549
3eu5,7.2881
2wnj,8.5156
3gx0,7.1532
3hec,11.0418
3el0,10.2866
3gcq,10.8955
2w2u,4.9086
2vx9,7.6724
3fea,5.3496
3gp0,14.5244
3k27,4.7875
3dri,4.212
2wig,-12.3704
2we3,9.1969
3iqi,6.2573
2w08,5.6326
3iob,9.0713
3jzo,4.7495
3eys,7.5468
3hqr,2.5995
3el9,11.7152
3e85,1.8904
3g8e,8.6319
3efs,8.5138
3ftq,11.7836
2w9r,1.8583
3jzh,4.5836
3fn0,5.4302
3jzg,4.5365
2w9h,8.1892
3dpc,0.6278
2rok,4.7786
3gjd,6.4216
3kv2,7.0549
3dxk,8.1411
2wnc,9.306
2wkt,8.5696
2wc4,7.7129
3g2u,4.0975
3dpo,6.8714
3ivg,7.5253
2wuf,7.1276
2vzr,7.3202
3a6t,9.7004
3jrs,8.7774
3ifo,7.574
3ioe,9.4612
3cz1,4.9888
3gcs,11.9329
3h78,7.8864
2ke1,4.3614
3gpo,12.3996
3g08,8.2116
3cyz,4.3683
3dzt,8.2105
3dgn,6.1199
3hqh,5.3551
2wij,-12.7455
2wl4,7.4246
3cft,7.2871
2wik,-8.8562
3el4,12.4637
3h85,6.2325
2w8w,8.2006
2wfj,9.3507
3fqk,8.8075
3fql,11.3018
3f3v,12.1805
3gcv,14.4422
3fe7,5.39
3hww,1.173
3a1d,12.1348
3ivc,8.294
3ivq,5.3913
2v57,8.1843
2knh,1.2181
3efr,7.4551
3ifl,7.4913
3juo,8.1169
2vwf,4.2541
3eqy,5.4237
3f78,5.3376
3gk1,3.7988
3iod,5.8228
2kmx,4.5142
2wej,5.1189
2wgi,-9.321
2zsc,8.8031
3kr8,12.0354
2w85,3.1982
2wji,12.4469
3gus,5.5601
2wer,10.2267
2w0z,6.0253
3fzn,13.0076
2wgj,10.0447
3k84,4.3232
3iok,9.216
3ggv,9.1971
3io7,8.4602
3h8c,6.9471
3g35,9.2348
3k83,5.9871
3h89,6.7677
3f5k,12.8886
3fkv,2.8611
2zjw,9.8983
3k7f,4.8029
3kcf,10.1007
2zy1,9.6779
3f5j,12.34
3ikg,7.3438
3h5b,2.9415
3jya,7.4918
3fx6,3.7879
3ikd,6.9158
3dk1,6.8384
3f5l,8.3989
3g32,1.6111
3elm,9.5287
2zz6,-8.5536
2zo3,11.8083
2wap,-5.2754
3gs6,6.4572
3blt,-2.3697
3eyd,6.2916
3gsm,5.1448
3fv3,8.5293
3g0w,10.6348
3g5k,8.1583
2wcg,7.5235
3g90,9.5328
3ctt,5.5026
2wk6,3.4919
2zga,4.6411
3ckt,9.1494
3jq9,7.888
3h8b,6.9836
2znt,11.3872
2w8f,5.3004
3dxh,6.8276
3hk1,7.5587
2k1q,3.1966
3e9i,10.751
2wb5,8.5556
3g9l,12.1648
3ibu,4.4456
2w8y,11.3069
2wc3,8.5534
3gba,11.728
3ffg,15.1205
3kck,10.2127
2zu3,0.7781
3jqb,6.8762
3hb4,12.8591
3iss,9.5061
3g34,5.8283
3dcc,7.0984
3g3m,-13.9518
3ebp,10.7361
3egt,7.6176
2kfg,2.3277
3jq7,6.8812
2woq,-11.441
3g31,3.763
3ehy,6.8065
2zxg,9.1448
3fcq,4.6755
2wkz,12.7374
3e4a,7.3751
3cso,10.3798
3jvr,7.3203
3g9n,9.6061
2wj1,3.1767
3gjs,4.023
2wd7,4.9695
2kaw,6.0487
3dux,10.2244
3djq,7.0489
3g2y,6.2005
2vwn,12.3487
3fur,11.3421
3hs4,6.0201
3gbe,6.0557
3dcs,5.8589
3daz,6.2534
3iww,9.3003
2w67,8.4902
3ibc,2.9929
3gbb,8.9091
2jjb,12.5735
3eft,5.4938
3eax,4.2487
3hfv,7.6445
3khv,4.8178
2wks,11.3428
3hig,10.4408
3hfz,1.3929
3ibl,4.5602
2wzs,8.1045
3i7e,8.895
2ww2,6.1708
3dx2,7.6162
3djx,8.3057
3eb1,3.9876
2zgm,6.9869
2wl0,12.7131
3dnd,4.2912
3evf,8.474
3gjt,0.4953
3ggu,3.2666
3hav,4.0645
3d6q,7.045
3gep,7.8978
3d6p,7.2787
3g3d,2.8387
3jqg,5.6924
3gxt,4.8926
3ebo,9.8024
3fnm,-18.5444
3f6g,5.7028
3f6h,3.0776
3grj,0.1028
3dd0,6.7143
3dcw,6.7164
3jxw,6.4764
3jy9,12.6159
2w8g,8.2192
3ggj,7.2192
3d9z,5.8445
2wky,9.1837
2wca,6.7189
3fa3,5.8716
3kgp,4.2595
3gvb,8.2766
3ibi,4.1787
3dkf,12.314
3ejq,9.8166
3ejr,10.17
3ejp,9.6037
3d7b,6.8588
3ewc,7.9342
3eig,10.9638
3ex6,4.9125
3fee,6.9182
2zx8,8.5203
3hl7,11.0518
3ibn,3.5678
3fk1,3.6489
3iph,11.1861
2zx6,8.682
3g0i,4.2243
3ehx,8.0703
3gc4,11.1678
3jwq,8.2549
3dx1,6.7841
3bm6,5.4402
3djv,7.9666
3ff3,4.7213
3e9h,10.5617
3h30,7.7467
2zns,6.7396
3hii,6.9062
2w5i,4.3595
2zz1,9.7688
2zz2,10.6424
3gsg,1.9846
3ge7,10.9395
3fdm,7.024
3hvj,13.1564
3g30,-5.1378
2wqp,9.7987
2wr8,10.3917
3ggc,6.2087
3dx3,7.1506
3hio,14.5651
3c14,3.4045
2vwo,12.193
2whp,5.4304
2zx7,7.0934
3g1d,11.5624
3h0a,10.713
3fed,7.324
3hl5,6.065
2wbg,8.2879
3dx0,6.7991
2zu4,3.0326
3d8y,5.9068
3gr2,4.8482
2vvc,11.0674
3hvh,14.5303
3hvk,14.5458
3dxg,8.0289
3hkt,6.4032
2zxa,7.8297
3g2z,5.7378
3hkn,0.9859
3hkq,4.6708
3gtc,1.9214
3f82,12.1787
2wj2,3.2046
3gjq,4.6036
3dc3,5.8989
3djo,6.8849
3kmc,7.2097
3e90,5.7417
3d8z,5.9123
3f7g,7.7357
3i6o,12.6797
3ebh,8.4983
3dhk,11.2866
3eos,11.0053
2zxb,0.346
3ip8,5.3657
3hek,11.3199
3hll,10.3393
3fl5,13.0216
3i4a,-0.6213
2zx9,7.8278
3gc5,11.2711
3f8e,-2.2126
3fqe,9.7669
3hku,9.1132
3hvi,14.4823
3jy0,7.714
2ww0,4.7819
2zxd,7.3402
3hit,8.0476
3hpt,10.6298
2ko7,2.7778
3gqz,4.9909
3djp,5.7981
3k2f,5.5353
3g1v,10.8641
3gdt,8.8718
3kid,3.9593
2vvv,12.8086
3dne,8.7087
3d8w,6.9769
3faa,9.3159
3gv9,4.9596
3hiv,8.0729
2znu,11.1905
3gpj,1.9267
3a9i,5.2865
3ffp,6.7753
3kme,8.6559
3dx4,7.1561
3d6o,6.6411
3ebi,8.4205
3fmz,10.6772
3jwr,5.4523
3hiw,15.3934
3f68,9.1518
3dbu,7.0138
2w5g,5.3867
2w66,7.7767
2vvu,10.9984
3fjz,4.7894
2w2i,4.2615
2vwm,11.5106
2vwl,12.2906
2wvz,8.3674
3eou,8.7239
2zu5,5.7307
2jkh,9.7223
3m9f,8.2954
3i7c,11.1569
3mbl,8.283
3inh,10.7639
3lhg,11.3227
3le6,11.9532
3in4,8.8902
3inf,10.0718
3i6z,14.0409
2xng,7.3951
3i7b,9.9657
3in3,10.6347
3lp0,4.8753
2xcn,3.9875
3kl8,4.0679
3lp1,7.041
3kvw,11.022
3ah8,8.4296
3ipe,6.0428
3kc3,9.1021
2x2m,9.7152
3ine,8.5408
2x9e,8.4409
2xne,7.7253
2x8i,10.9096
3kyr,6.3734
3kry,9.3383
3l38,9.5262
3lp2,8.5062
3oad,10.2294
3iu9,8.9371
3ipb,0.6882
2x2k,9.1002
3oag,9.0139
3ixj,13.0376
3ara,8.5563
3mj5,9.3183
3anr,8.157
3i6m,11.9398
3ksq,7.7959
3is9,8.3005
3m8q,11.631
3l3a,7.537
3krr,13.1499
3lq8,11.3849
3lw0,7.9387
3g58,10.0003
3iu8,5.599
2wxk,10.2611
3kwj,9.1645
3mvh,10.4881
3lmp,13.6697
2xd6,7.4175
3l3x,2.7514
3gen,12.1034
2wxg,13.7694
3lkz,9.6307
2xkf,7.9891
3krl,7.691
2x8d,8.1675
3lkh,8.8588
3max,10.9618
3g4g,12.2705
3g4i,8.3952
3lj3,7.4646
3irx,8.3286
3m1s,10.9638
2wzx,-6.3043
3nef,8.2878
3neg,7.9213
3krj,8.4586
3km4,9.6787
3itz,12.9015
3nzu,6.8494
3ind,9.0616
2xez,5.0129
2xk7,7.8402
3owk,9.5989
2xk6,8.4292
3pa8,0.958
3njy,5.7468
3mks,7.9864
3kx1,2.1338
3mb6,8.6217
3l6f,8.0542
3gzn,3.2407
3l0e,11.9323
3fxw,10.8417
2xvn,3.9358
3ho2,11.4839
3lnk,11.33
3ndm,7.3077
3nnx,12.5279
3k22,11.0277
3oui,6.8539
3ipx,7.5549
3lpj,12.6401
3lok,1.0337
3kbz,8.2499
3ljt,12.0179
2x6d,7.5795
3ivi,11.0519
3kc0,6.9367
3l3z,2.2998
2x38,10.0488
2xfj,12.667
3mvl,8.9835
3lco,8.782
2x8e,8.5932
2xcs,8.4284
3ika,3.4514
3kqa,-0.2879
3ncg,9.5112
3lce,-4.1983
2x6e,6.9682
2xfi,13.1971
3koo,7.307
3l13,8.4376
3mj2,9.2143
3n51,9.7986
3ncz,7.9831
2xk4,9.0371
3ihz,17.5233
3l0n,10.801
3g8o,7.9972
3hq5,10.6975
3phe,8.5249
3iu7,7.4212
3mlb,13.1356
3iop,9.7194
3k5c,13.1036
3kwb,3.7005
2x4r,8.5659
2x4o,8.8087
2wxf,9.6963
3mv5,7.6062
2wa4,4.6772
3kfn,10.4008
3hnz,10.1278
2wa3,4.1937
2wxj,12.2448
3iad,10.1196
3kc1,8.4674
3kw9,0.2397
3pa3,11.0115
3m8p,11.1641
2xk3,7.0252
2x39,9.9919
3p1d,3.7421
2xkd,8.9174
2xk8,7.8911
3k5g,12.0962
3m6f,10.7729
2xkc,7.8719
2x7d,10.2069
3mb7,11.3614
3oyl,12.3187
2wxn,8.2156
3k3e,9.0298
3ow4,10.0887
2xg5,6.6038
2x6k,6.6095
3kig,4.1787
3l0k,12.0248
2x6f,3.6962
3lfs,8.3643
3kn0,8.3404
3mpt,8.4923
3oyn,11.539
3kdt,8.3207
3msk,5.7046
2xh5,8.8365
3l5e,10.3057
3nnv,14.2308
3pjc,13.5047
3g4k,8.2966
3a4p,9.0146
3khj,7.2075
2wxv,10.0449
3lvp,6.9177
3oot,11.2102
3oyp,4.4055
3pa5,10.0053
2x7c,9.6794
3g0c,8.1258
3n5h,7.4186
2wxd,6.3161
3my1,6.9246
3ked,2.091
3k5f,10.8871
3mvm,10.5932
3arn,7.2881
3k5u,8.127
3mpm,10.7759
2xf0,6.6492
3lfn,10.755
2xru,7.7745
3og7,10.2521
3ovx,0.0781
2xct,6.8531
3mvj,6.8231
3h0j,11.0648
3nc9,6.7478
3l16,7.2861
2wwj,8.2985
3kdu,11.4685
2wxq,6.6734
2x7o,10.4481
3gb2,8.3583
3oy3,13.2393
3kxz,9.9675
2x6j,6.5489
2xch,10.0498
3l5r,7.8723
2wxp,8.5459
2xa4,8.6729
2xfk,13.4381
3ns9,9.4886
3ocg,-16.2283
3pa4,10.1693
3i97,3.3626
2wzz,-6.3659
2xke,8.3368
3g45,10.8832
2wxl,10.4478
3lj7,-13.1675
2wxm,5.6881
3lcd,8.6237
3otq,10.5169
3oqk,10.1587
3krx,10.0715
3krw,9.9963
3lpb,10.8432
3nsh,10.2027
3ivh,11.9558
3nnu,12.251
2x4u,7.927
3kwz,1.433
3nrm,7.0198
3ken,9.361
3l17,8.5157
3nw7,10.0224
2x2l,8.998
3okh,11.3517
3g4l,9.4211
3hmv,11.0494
3ls4,10.1733
2xml,4.5058
3n1v,6.4728
3n46,7.4315
3ipy,9.1376
3oc0,7.0244
3k5d,7.5475
3mww,6.7679
2x52,7.2052
3o8h,8.848
3kec,12.7365
3o96,14.7442
3n4l,10.3564
2x81,9.8861
3g0g,8.8757
3g0d,11.4094
3lxl,12.1834
3ly2,9.5509
3ocb,9.0868
3oct,10.3701
3ot3,10.7061
2xey,7.6407
3ixk,11.2403
3kwf,10.0446
3l5f,8.7407
3ma3,9.0007
2x9f,10.0943
3kga,12.6785
3h0s,11.0274
2x4s,7.1287
3nok,3.4749
3my5,6.8299
3owl,9.504
3pup,10.1308
2xow,-23.8358
2xwy,7.2919
3n5j,6.357
3o6t,-0.6894
3lxg,7.7603
2x4t,7.8184
3o8g,9.2706
3hnb,0.1747
3l5c,7.6078
3oki,11.7572
2xck,10.2227
3odk,5.2327
3ow3,2.7079
3nzs,7.7258
3msj,4.8663
3l5d,7.2885
3ho9,12.5539
3ouh,5.5477
2xuc,3.9856
2wxi,11.6548
3g0b,9.4904
3kb7,12.1084
3l54,7.9491
3nw6,9.9594
3nww,9.5852
3msl,6.4282
3n49,6.0624
3oxz,12.4601
3ovz,1.7113
2x6i,7.1054
3nw5,8.7244
3h0q,10.1069
2x5o,10.6678
2wd3,-12.1384
3k3h,8.584
2wpa,8.5088
3ion,10.4605
3l58,11.3936
3l8v,11.3128
3l9h,11.0998
3lxs,4.6455
3nif,6.5811
3iit,10.276
2wxo,8.9477
3oqf,9.8712
3nzc,8.6532
2wxh,13.4665
3mwu,11.156
3nnw,13.3063
3ot8,9.8674
3lzs,8.9607
3lzv,10.5338
3myg,6.9418
3i02,6.2561
3m5e,5.8663
3mhl,5.4588
3hu2,9.5065
3lzu,8.3665
3hu3,11.6946
3hu1,9.6758
3psl,7.2732
3kdb,11.4905
3iet,5.8482
3m3x,4.4071
3lxk,9.6549
3m40,6.1654
3m67,7.8624
3fsm,9.1672
3hzy,7.3484
3kdm,12.7365
3mhm,3.6149
2kpl,5.2236
2xhx,9.4256
3ip6,5.5365
3kmm,8.32
2kup,5.6906
3hzk,5.8148
3mhi,7.6594
3lhj,13.1184
2xjj,13.0863
3mho,6.6627
3nw3,7.8677
3ogx,8.026
2xdx,7.6106
3hzv,8.7248
2xup,11.5492
3m3r,10.2071
3lnz,6.8458
3fw4,5.218
3k1j,12.1201
3kdc,13.0122
2xgs,7.1554
2xab,11.539
3oap,3.7712
3hcm,1.9099
3k5v,9.5757
3me9,5.2874
3m55,8.3475
3ad8,3.4396
3m89,9.1788
3acl,10.1373
3ip5,4.1364
3ipa,4.3623
3p2e,10.5721
3pb3,10.8161
2xjx,10.8915
3ig1,2.8782
3ktr,4.8406
3otf,11.0329
3mo8,5.5839
2xui,12.8444
3k54,9.1378
3nex,-1.9407
2xht,7.1155
3kgu,4.0062
3n5u,3.6997
3neo,-8.1761
2y3p,10.438
3m54,7.3739
3lka,4.8441
3k00,11.3755
3gy2,6.368
3kr1,5.4654
3o0e,-178.7402
3lf0,10.0134
3k02,13.9677
3lle,1.5188
2kp8,7.0979
3huc,10.6426
2kvm,3.8481
3l8x,9.9259
3nga,10.8176
3new,10.9207
3omc,4.3952
3iqj,4.9901
2wib,7.9815
2w97,2.2709
2l1b,5.2834
3kze,6.141
3luo,4.8687
3a5y,11.6697
3m5a,8.124
3mmr,8.6654
3nin,5.2804
3juk,13.6558
3m8u,10.9166
3nij,5.0201
3ies,14.0966
3l5b,4.4566
3lp4,4.327
3obx,6.0733
3mo5,6.7725
3lbz,4.784
3kqo,5.9314
3lzz,4.5903
3kpw,5.7112
3mo0,1.3889
2xjg,10.2511
3mj1,8.5649
2l0i,5.7465
2l11,3.7348
3kmx,7.0737
3kqy,6.5326
3lxo,6.0786
2rr4,4.3503
3nq3,4.8083
3g5v,4.2243
3iqu,5.8568
3hdk,8.0921
3nim,4.2391
3kqm,3.6549
2xg3,6.4164
3n6k,6.872
2wq5,6.484
3kpv,6.4596
3lcv,9.8761
3llm,6.6554
3ny3,4.4979
3lk8,7.1553
2x2c,12.0285
2wzy,19.5391
3okp,8.4151
3oka,8.608
3omg,4.3178
3jrx,13.6933
2l6e,4.6346
3met,4.8547
3nyn,8.2051
3al3,6.513
3p4f,4.2639
3l1n,6.4554
3gy3,8.2989
3hkw,14.0524
3ip9,2.9686
3nes,6.2966
2x4z,9.601
3iqq,3.3321
3jyr,15.0696
2krd,1.4562
3kd7,1.864
3l59,6.1086
3n7s,11.8757
3n7r,12.6621
2wva,9.8132
3kr0,6.0843
3lm1,8.8442
3nkk,7.1277
3p2k,7.2178
3lnj,4.5884
3miy,8.7739
3oy8,5.3891
3mss,5.6151
2rqu,3.1406
3ljo,7.859
2xs8,3.3901
3lgs,-23.2289
3mo2,6.5762
3jzj,15.9507
3o4k,6.3379
3ob2,5.9984
3m3o,5.0595
2xdk,6.942
3afk,7.1399
2wq4,6.3648
2l1r,6.6576
3adt,5.9759
3p8p,5.0158
3l81,5.1513
3obq,6.6899
2x7x,7.9912
3ad7,1.8524
3kgt,6.1958
3i73,-2.4267
3hmp,6.1861
3m58,7.4439
2xde,8.5725
3kdd,12.2992
3pd2,11.1032
3nam,8.6793
3pty,4.5898
3lp7,5.9364
2xbv,12.3409
3nhi,9.0643
3ng4,6.709
3ob1,5.9913
2wsx,1.3197
3hmo,11.4226
3ljj,8.378
3lcu,10.1425
3gy7,5.5439
3o6l,5.9672
3l2y,2.938
3kmy,6.1526
3pd4,8.5848
3o6m,6.2976
3nil,5.6299
3o8p,9.7098
3nik,5.8542
3g5y,3.916
3pd3,12.0772
3okc,8.7087
3kqr,4.8017
3m3e,7.435
2wyf,6.9361
3kqp,7.8084
3muk,4.7505
3hzm,7.591
3m57,7.5334
2xuf,13.612
2wic,9.7898
3mf5,9.5777
3lqj,6.1962
3ncq,10.163
3npc,14.6123
3kqt,7.4576
3nee,7.0912
3nrz,6.0198
2x00,15.7344
3ml4,6.3683
2xhr,7.3377
3m53,6.8947
2xtn,12.8925
3m17,5.4549
3i5r,4.8722
3l6x,6.5134
3guz,5.5165
3nm6,3.9967
3ogm,9.7053
3nth,2.3001
3hs9,3.679
3mxf,10.3173
2xyn,8.9466
3l6h,4.4582
2xzw,4.4579
3k8q,6.5992
3n9s,7.4758
2xl3,2.3388
2xl2,3.5644
3m59,7.9287
3mle,6.3214
3lq2,8.8338
3lq4,8.8298
3obu,6.7951
3l3q,5.9885
3iwy,4.5931
3ijg,3.3551
2xib,6.5516
3p5o,10.048
3lk1,2.6162
2l12,3.965
2ksp,2.4456
3nii,4.5567
3o84,9.8262
3hs8,3.5855
3p8h,6.4906
3ilq,7.614
3nsq,6.5821
3kqs,6.7656
2wtw,9.3491
3iqv,5.8614
3lqi,4.3306
2kzu,2.4246
3kyq,3.8805
3if7,2.8089
2won,9.2014
2xii,10.337
2xto,9.6852
3kpu,6.256
3lk0,2.2056
3nan,10.0641
2koh,2.6735
3ms9,5.8883
3n1c,7.5489
3nti,3.6673
2xi7,3.0159
3kr2,6.781
2kwn,2.0141
3hb8,5.8273
3nkx,4.9282
3nx7,6.9336
3adu,4.5791
2wvt,6.1096
3ncr,11.5544
3oyw,6.0075
2xdl,7.3062
3p8e,-0.7638
3hub,11.3348
3hbo,8.7838
3k8o,6.6439
2y34,7.6902
3hky,13.3219
3m3c,6.9194
3le8,12.2103
3nal,8.6379
3gy4,7.0468
2xbp,13.7849
3ads,7.7141
3ouj,5.2764
3isw,6.8359
3n8k,8.2379
3nq9,2.8204
3adv,4.5975
3kqw,5.2022
3nht,8.6372
3l8s,6.6342
2xcg,8.6522
2xeg,8.8268
2xei,9.1907
3liw,8.8224
3i51,5.9199
3hfb,-2.2923
3l4u,6.4078
3mxe,11.246
3i4y,3.9213
3l4y,7.1534
3gt9,9.1635
2xmy,7.0093
3a2c,7.1812
3iae,11.662
3l4x,6.5939
2xef,8.4528
3m36,12.9949
3nu3,4.0997
2wk2,9.0692
3nuo,10.5567
2xhm,9.6083
2xb9,6.2491
3anq,6.8346
3l4v,8.0529
3l4z,6.1059
3m2u,8.2244
3aav,-11.2048
2wly,7.9523
3lc5,8.8327
3nmq,9.888
3hf8,11.927
2xd9,11.5063
3p4q,3.968
3kqd,14.0026
3nuj,9.5481
3iut,2.8096
3ioi,10.101
3aaq,9.0422
3l7g,3.7827
3fv1,11.132
3kqb,14.2527
3nu6,10.2842
3lpp,7.2397
2xb7,8.9605
3mn8,2.8378
3of8,-0.1489
2xda,11.5518
3agm,6.519
3p8z,10.7746
3a2o,-17.0789
3fvl,4.4475
3owj,10.1853
3lea,8.0954
3lpk,14.0721
3mdz,5.3799
3m37,13.1838
3nu9,9.4832
3l4w,6.1157
3lmk,5.2559
2xaq,14.6413
3iaf,9.0877
3k8c,6.676
3k37,8.6156
3kjq,3.4507
2xej,7.5427
2wpb,4.4172
2wtx,11.6296
2xas,15.2866
3mxd,10.3411
3fvk,10.5836
3nu4,10.7782
3fyz,1.9933
3k16,3.0493
2wtv,11.6109
3jyj,6.908
3lik,8.0425
3p4r,2.6747
3i3d,7.2404
3ldw,7.3597
2xbw,13.7503
3k97,10.0256
2x95,8.1201
3mxr,5.7464
3lir,7.3851
2x8z,4.8466
3mhc,8.309
3lbj,8.8215
3fvg,9.9247
3i6c,4.6096
3k15,4.1355
3kjf,6.6193
3g2i,10.51
3g2l,10.5767
3kr5,6.7636
3n2u,6.2775
3mz3,4.9108
3moh,3.3697
2xnb,9.5339
3h9k,6.0257
3ik1,6.1338
3k05,4.7226
3g2h,10.8663
2xbx,13.1629
3g2k,13.7478
2x7s,7.3274
2xaj,15.2528
3fvn,5.164
3agl,8.9698
3gi4,10.7969
3acw,10.2075
3g2j,9.0136
2x09,5.6697
3mi2,10.0036
3abt,17.0195
3mkf,7.134
3ljg,9.3346
2x91,8.3067
2wyi,6.8532
3g6m,5.81
2xc0,10.3864
2wyj,8.811
3lvw,6.2526
3kqc,14.0412
3nox,7.0356
3mke,6.7721
3fv7,-7.5985
3abu,16.5328
3oe0,5.7755
2wyn,11.8045
3lpf,8.7795
2x97,9.4538
2xj7,9.0339
2xba,11.0759
2x7t,7.2732
3l0v,6.8808
2xaf,16.1874
3lxe,7.9709
3itc,5.3483
3kr4,7.9743
3o87,4.2995
2wlz,10.21
2x0y,7.402
3k0h,4.3448
2xb8,10.8334
3hp9,7.9319
3ipq,13.7754
3ixg,3.9543
2xah,14.4635
2xag,15.3188
3fuz,6.8202
3mwe,6.1043
2wyg,9.1919
3i60,11.8378
3i5z,12.9007
3l1s,4.0126
3lgp,11.7852
3acx,10.0714
3kku,6.4517
3i25,12.4694
3l79,10.5543
3mi3,4.9557
3l7c,10.3955
3mjl,2.2141
3k0k,4.6343
3l4t,6.4774
3oxc,11.0005
3mfv,6.0287
3mfw,5.8854
2wm0,12.1078
3n2v,8.6436
3aas,1.2524
2xdm,4.643
3nyx,9.654
3hl8,7.4746
3ieo,-4.5149
3l3l,9.1878
3pd8,8.4607
3own,13.6493
3lbl,8.1035
3nba,11.1133
3k5x,6.9659
3lpi,11.981
3iog,4.4084
3l7b,10.0531
3fzc,3.0291
3m1k,3.8689
2xdw,-2.0992
3kek,14.4269
3nu5,10.1471
3k4q,6.3477
3o88,4.3626
3l7a,10.9971
3ipu,8.8398
3mnu,5.805
3mhw,1.6255
3o5x,5.0397
3i3b,6.9868
3ok9,-2.414
3lc3,6.6374
3moe,5.7316
2x7u,5.2162
3n3g,5.7361
3kgq,5.488
3gjw,6.7018
3gn7,8.8081
2wzm,10.7768
3kjn,6.5374
3l7d,11.3084
3l3n,9.0066
3oe9,5.9732
3krd,2.4994
3pd9,7.5045
3k99,10.6911
3m35,9.6362
3l08,9.2674
3nf3,5.5498
3mz6,-9.6014
3ips,8.7754
3nsn,9.486
3lpg,8.002
2xe4,2.0339
3l3m,11.097
3le9,7.9478
3gi6,10.433
3gi5,10.8503
3iof,3.9582
3ijz,5.8999
3odu,7.2407
3oe8,5.5197
3n2c,4.9032
3fv2,11.7095
3n9r,3.7593
3o86,3.8917
2xg9,8.9374
3n7o,10.664
3kej,14.2642
2ksb,1.9167
3mkn,8.628
3k4d,6.2409
3i4b,12.5518
3nxq,8.7858
3oaw,8.6755
3kqe,13.8604
3oe6,5.5258
3lil,8.4087
3g2n,10.009
3kwa,2.8543
3mof,4.0273
2ksa,1.2635
3aho,7.735
3ith,0.2886
2ks9,1.8288
3aau,4.158
3mxs,6.1498
3ahn,10.8407
3lbk,8.0088
3mtw,6.0137
3igp,4.993
2x96,10.9757
2xz5,4.0412
2xc4,13.3563
3ag9,6.0043
2xvd,9.3722
2yac,11.5428
2xbj,9.0237
2yj8,3.6846
2xm9,9.9503
2yj2,3.6917
3p7b,13.8049
3twd,10.9345
3s7m,8.7218
2xu1,3.6911
2yjc,3.5704
3p7c,9.3684
2y1x,10.063
2yc5,9.8212
3apc,7.4248
2ycf,11.1445
3pj8,8.6002
2xx2,10.2066
3p5k,13.0217
2xk9,9.2702
3tge,8.9392
2xx4,10.0723
3s7l,9.7115
3uo9,-21.6174
2yj9,4.2538
2yjb,3.7645
3r7q,8.6629
3qaq,8.1823
3qj9,13.3997
3zya,11.8379
3lq5,6.7753
3p78,12.0653
3qtf,13.1596
3r04,10.7311
3r0i,5.7807
2xu5,3.3852
3zrk,7.5548
3zrm,8.5879
2ycq,11.1574
2yc3,9.9728
3qcq,8.3031
2y1d,6.4701
2xm8,7.0278
2xnm,7.9804
2xu3,3.5382
3zrl,7.6903
2yir,12.5988
3r21,7.5029
3pix,7.0315
2xx5,5.607
3o9l,9.0277
2y5k,5.8377
3ow6,9.5283
3opm,8.8729
2yit,10.2279
3piy,8.6655
3sl8,6.5672
3zs0,-0.3632
3qcs,9.0372
3u6a,9.8328
3p3u,7.0822
3qar,8.5564
2x24,9.3306
2y5l,8.0597
2xu4,3.2537
2xnp,11.1109
3qkk,9.6317
3qup,11.5227
3q4b,9.0605
3sfi,10.4408
3zs1,-0.0675
3p7a,10.7307
3ti6,8.2043
3q5h,9.3711
3ro4,8.9469
3o23,10.4254
3qcj,10.401
2ykj,16.1079
2yb9,8.4908
2ye9,8.1285
3s1y,-12.0406
3qg6,9.1346
2xyr,9.1102
3r2a,5.7476
2ykc,15.0805
3rsv,10.9534
3sn7,9.5349
3snl,9.3071
2y1g,7.499
3osw,7.693
3rm8,11.2544
3mw1,9.1957
3rhx,11.2928
2yiw,14.7712
3qri,14.8227
3rcj,8.7956
3ti8,10.8311
3r0t,11.9622
2yg2,8.7627
3skh,8.6369
3tjd,8.2037
3ti5,9.6335
2xno,6.8513
3s7a,10.9953
2ykb,13.5871
2yke,16.6732
3mg8,9.3772
3qo9,13.0985
2ycs,8.9265
3tic,10.1508
4a23,7.0036
3rxa,5.3031
3ppk,10.8427
3prf,9.4223
3r2f,9.5889
3nzw,8.1062
3sjo,3.6768
3qfv,4.5822
3skc,10.3541
3s3q,6.3985
3rz3,7.3304
2yis,14.5595
3ti3,9.4064
3q32,9.2383
3r7r,9.0618
2xk1,4.8983
3tku,8.9867
3t9t,5.8445
3b1u,-4.8587
3rv3,11.185
3qd3,13.0429
2y6c,7.4952
3r5j,5.8522
3tv4,7.8806
3svv,4.727
3qi4,5.4253
3nwb,14.669
3pp0,11.529
3rvi,9.9084
3sni,9.7082
2xsb,6.8376
2yiq,11.7639
2xel,3.6011
3tib,8.332
2y0j,7.4483
3o0u,2.747
3qpp,12.3008
3szb,0.4291
2ylo,-1.0202
3sie,7.3123
2yiu,10.3137
3py0,8.8576
3py1,9.4696
2xiz,6.0838
3src,6.572
3npa,11.7821
3mg7,7.8363
3atk,5.2014
3pz3,9.5729
3ooz,10.4006
3qti,11.9024
3tl5,8.2449
2yem,9.3716
3rxh,5.481
2xj0,5.0777
2yc0,4.3286
3qbh,11.3129
3tpp,12.9267
2xp8,6.0355
3as3,3.0186
3qi3,7.6597
2xtk,5.4188
3l9l,11.3185
3s0j,12.062
3nuu,6.9114
3oy1,13.6437
3t07,10.8262
2y2j,4.7506
3q3b,7.8882
3atl,6.5294
3rxe,6.2474
3qpn,9.8685
3r22,8.2076
3rcd,8.4286
3rq7,8.3191
3ske,12.7679
3pdq,5.8761
3s0n,7.1751
2xp4,6.137
3mrv,8.7283
3ati,5.0692
3rxd,5.4474
2yde,4.2534
3o9v,7.1101
3ohh,12.6375
3qk5,12.9042
2xzg,9.602
3tpr,8.2842
3ms2,8.5995
3zst,6.0143
3owb,11.3679
3r02,10.5069
3sji,4.5164
3s3r,5.836
2xpb,7.5635
3rxk,5.3753
3p76,11.7034
3rxb,6.0472
3b1t,-8.2926
3oxi,5.5309
3p79,12.8119
3qzq,4.3951
3rxl,4.914
3qqu,7.8751
3rxf,4.9763
3nzi,3.7052
3so9,5.4297
3sdg,10.3403
3q96,13.7971
3sff,10.3197
3mrt,8.7381
3asx,10.4941
3olf,13.7994
3q0z,10.2443
3qcy,13.6305
2xp6,6.7299
2y2p,4.6417
2ybt,9.1997
3sl5,7.1204
3rme,6.8395
3mtb,8.1106
3px8,8.4191
3rxm,5.6626
3os3,8.6298
3poz,11.3201
3rjm,-2.4833
3qpo,8.6779
2ybp,6.471
2ybk,1.0507
3p50,5.4677
3mt9,8.4077
2y68,9.9034
2y6o,9.9087
3nwe,13.5224
3ptg,-5.5448
3r6g,5.1007
3lkj,13.2016
3nc4,9.2323
2y2i,0.7547
2ybs,6.1082
2ycm,6.105
3s3o,12.5824
3sl4,7.6673
2y2n,4.1766
2y2h,3.4194
3p4w,4.1355
3soq,5.4008
3mt8,9.4376
3otx,17.5295
3pvu,8.6664
3nf9,5.4278
2y67,6.9653
3nf6,9.3654
2yak,10.3294
3qc4,14.8981
3thb,10.1464
3b0w,12.1942
3spk,7.2894
3zxh,7.6993
3tia,9.8161
3qd0,12.972
3pp1,9.5869
4a22,5.0438
3qch,9.0366
3q2g,6.1564
3piz,9.6013
3s22,-7.1607
3qci,8.8536
3ogq,9.2877
3owd,11.7957
3q7j,4.1336
3peq,10.3371
3srv,8.9544
3ro0,-5.1368
3nus,5.125
3oeu,8.1947
3p9j,7.7372
3tjc,8.5193
3pdc,7.7512
3ska,11.9642
2xln,4.0824
3mtd,10.1654
3nf7,5.7938
3nuy,6.0565
3zw3,8.6896
3shz,7.5121
3nlb,8.894
2ydm,4.4369
2xiy,4.5196
2xp5,4.4637
3as2,6.2693
3ogp,4.2832
3qkv,-13.0345
3q4c,6.4375
3ms7,7.998
3omm,13.6673
3q3t,9.6185
3zqt,4.1207
3rl4,6.9125
3px9,7.9606
3qkm,11.7625
3p23,7.3783
4a7b,10.5984
3np9,11.4427
3u4r,12.3821
3psb,8.7286
3psd,12.3706
3sfc,13.8214
3qcl,9.3194
2xpa,5.2123
2xyu,9.5186
3tv6,9.9169
3mrx,8.4873
3s3m,13.0301
3sc1,7.5706
2xni,6.2246
3m11,12.703
2xo8,-4.0287
3msc,10.5846
3pj1,8.8204
3vhu,13.8294
3ook,14.3437
3qrj,13.7347
3r2b,11.0472
3ttz,9.1107
3o95,7.4715
3tdc,12.7004
3sz9,2.6902
3pj3,13.1752
3aw0,1.9156
3mqf,8.0628
3qck,9.8845
3r01,6.602
3pxy,8.7219
3pxz,7.9725
3mta,7.0596
3l9m,10.978
3oof,13.3706
2ylp,2.6366
2ylq,3.0985
3vhv,11.8141
3ms4,8.3438
3u4o,10.9268
3pka,10.6326
3rhk,14.0129
3pvw,8.0096
3ans,7.0894
3qrk,11.7443
3skf,9.0033
3vhe,13.5117
3qd4,11.7895
3nzx,7.3541
2y2k,4.6364
3sov,4.4735
3pkb,8.384
3qsd,4.532
3lzb,9.914
3qcx,10.4681
3avz,-0.2106
3srb,7.0327
3rl3,7.8428
3s2p,5.4491
2ycr,7.7352
3q2h,6.3622
3pz4,6.7614
3q77,8.9936
3osi,8.8865
3rxg,5.7118
3pj2,7.8652
3oev,7.1513
3q3k,10.8694
3tu9,7.0742
2yjw,8.8748
2yjx,11.864
3r7b,5.7844
3r7n,4.3819
3pz1,7.133
3pz2,6.7674
3rtn,9.2927
3pkd,10.9869
2yig,11.129
2y6d,5.2762
3at4,9.5584
3s2a,10.1194
2yk9,13.7314
2y1o,9.8962
3rxp,3.5961
3qsb,6.2681
3ant,8.9507
3r2y,8.9977
3r00,6.7687
3l9n,10.7686
3s2o,7.4478
3ty0,10.8489
3rxo,6.5072
3rkz,15.8391
3atm,5.6967
3rxi,6.1951
3rxj,5.4876
3s3n,12.2636
3skg,8.1115
3at3,9.5931
3rdh,-2.7786
3n4c,1.7683
3shy,7.0096
3sfh,9.1469
3thd,7.0248
3zvv,5.9228
3r91,15.3138
3mt7,9.5381
3ti4,8.5353
3ohf,11.2843
3pi5,10.5023
3as1,5.7875
3np7,5.6298
3pkc,8.9866
3r92,14.7156
3atw,6.2462
3qkl,11.0068
3txo,8.9095
3b28,12.036
2yln,6.34
3uvm,7.6358
3b24,5.9315
2xuz,11.7019
2x6w,16.9319
3arp,11.5283
3qx9,7.0996
3u0d,3.2989
3t2v,3.2152
3uvo,5.9207
3ap4,7.1623
3r1v,6.817
3uex,5.2383
2y57,9.8808
3rdo,6.9991
3s8o,8.2095
3qo2,4.5428
3tdz,2.8471
3uvk,6.3278
3ao2,7.2236
3q6s,7.0747
3aqt,5.5799
3poa,5.5601
3rse,3.8797
3zyu,10.0132
3shv,4.0653
3uat,3.648
3b26,11.3109
3zy5,13.0228
3orn,10.6098
3ka2,7.692
3m93,5.3355
2xzq,1.8949
3tl0,6.0159
3uvn,6.9951
2lbm,2.7995
3ove,9.5549
3s0e,5.9429
3pgu,4.9533
2y56,8.3215
3r93,4.9885
2ygu,3.1193
3muf,7.4731
3s0b,9.4048
2y4m,10.8478
2yki,16.1312
3zy2,11.8191
2y36,4.2583
2xxn,4.9719
3o9p,9.6767
3hau,8.82
3qlm,3.8428
2y1w,9.1778
4a4e,2.4091
3rdq,6.9639
3uew,4.7715
3arq,12.1281
3ll8,4.865
3rsb,3.3884
3szm,4.0888
3rux,15.0711
3rbq,9.3245
3t1l,5.3207
2l6j,4.5889
2y4l,8.5401
3ql9,5.1992
3s7b,9.4501
3hlo,9.2138
3s8n,7.7871
3p9t,4.2006
3u5l,10.5287
2y07,2.5117
3qmk,9.1154
2y4s,12.4317
3arw,10.6089
3qxd,6.2474
2y06,3.2921
3b25,10.0552
3sjt,8.9723
3qc9,6.8278
3pwm,9.6073
2yay,12.0331
3mp1,3.8546
3t1n,4.0469
3t1m,-0.2358
3shb,4.4387
3ap7,8.0705
2xhs,2.7214
2l75,1.4308
3haw,9.028
4a4g,2.4918
2xv1,10.3907
3rl8,4.2066
3arz,6.3883
3ary,6.7262
4a0j,3.0438
3pm1,9.3018
3alt,4.5129
3rz7,7.6955
3mp6,5.195
3rw9,9.805
3uev,5.2613
3r0h,4.2093
3tkz,5.6061
4a4f,2.2073
3tcg,7.0714
3qx8,4.2152
2y8i,5.6756
3ax5,2.6295
3iaw,7.4795
3ppr,6.4776
2y8l,6.7572
2y8q,7.4478
3qqa,7.7844
3plu,2.6247
3rm4,9.0649
2xn6,7.6794
3rt4,7.5309
4a4h,2.8875
2xp7,7.4035
3qxc,10.8079
3rz1,7.7064
2las,3.175
3o1d,4.5238
3o1e,4.5108
3pwh,5.8544
2y7w,5.8804
2l7u,1.6939
3rey,3.7623
3p9m,10.194
2y7k,7.0128
2xn3,7.7011
3n2e,9.6361
3rdv,5.0119
3te5,12.2242
3n75,6.0201
3qs6,7.1839
2xxy,6.395
3rz9,6.4235
3rlb,7.9398
3qip,5.726
2x85,16.1549
3od0,8.1437
3pju,19.005
3pjt,17.8244
3qin,5.7758
3pyy,9.2296
3rtx,4.9172
2ylc,7.3052
3rz5,6.4651
3njq,8.1057
3zyf,6.3724
3ru1,6.3006
2yb0,9.3032
3qio,7.1486
3qnd,4.9997
2xqq,7.684
3s75,5.5507
3n5e,3.1473
3q72,9.5238
3q7p,7.9644
3odi,8.3343
3nfk,5.5009
3ryj,7.4602
3o2m,7.6242
3stj,5.5679
3twv,5.0379
2y9g,7.2376
3ard,8.632
3rm9,7.4477
3rqe,2.4846
3rl7,5.1167
3pdh,3.9695
3puk,4.2045
3qs5,8.3042
3p7i,4.1775
3q6z,9.1631
2l84,4.8011
3uvl,6.9192
2lko,2.0882
3tdu,2.8303
3sou,4.3859
3t6r,5.3807
3td4,5.4139
3s71,7.4149
2xzc,-10.5181
3arv,11.3905
3s8l,7.5592
3ldp,8.1612
3u5j,10.2131
3ryz,8.0443
3twu,6.9089
3qps,8.8642
3t8s,5.6709
3ovn,4.3221
2y7i,7.7453
3ujd,5.6924
2xn5,9.044
3o75,7.2735
2y54,6.6102
3pab,8.901
3tg5,8.802
3qs4,7.5648
3tiw,3.2205
3oob,3.7212
2x6x,10.2305
3iny,1.8765
3q7q,8.6042
2ydf,6.6678
2l3r,5.0003
3pkn,4.9018
3uj9,5.7721
3arb,8.8062
3rqg,2.4696
2yga,10.1758
2l98,4.1768
3sk2,9.4698
3ubx,9.2739
3t2c,-14.0674
3sl1,7.2146
3p3s,7.6642
2x6y,16.3382
3ujc,5.7674
3ocp,9.0649
3q6w,12.4602
3rjw,7.6074
3mxc,6.2934
2xj1,10.1558
3rz0,5.4644
3aqa,3.4531
3as0,5.9146
3ppq,2.5488
3s73,6.7249
3pxe,4.8347
3tws,5.2258
2y58,8.3049
2yix,10.9069
2y7p,6.5908
2y4k,8.1041
3p2h,6.5538
3u10,11.5023
3qlb,6.0607
3tjh,15.127
3r6u,4.0594
3myq,8.2758
3n7h,7.4701
3puj,2.7447
3qel,10.9948
3m6r,7.3627
3ta0,10.0681
3s78,4.3945
3skk,9.4552
3atp,3.2882
3pqz,9.0231
3tsz,6.5243
3tvw,10.1715
3axz,9.488
3art,4.7501
3pxf,10.6917
3pxq,9.2449
3rtm,5.2539
3rsx,7.5229
3mxy,5.6326
3ryy,6.6812
3rqf,2.1913
3n23,3.1012
2l8j,3.1656
3arr,7.518
3qkd,11.3446
3tww,6.7469
3zyb,4.4588
3q6k,5.2312
3oj8,6.005
3ay9,12.201
3m6p,7.5435
3arx,5.0804
3tv5,13.2079
3s72,6.9083
3n35,6.5015
3zxe,5.3514
3lrh,3.7683
2ydw,9.3246
3ry8,4.7362
3atv,12.88
3aya,5.8097
3q5u,5.3726
3m6q,5.1516
3tpu,10.0412
3qt7,8.0541
3qxv,7.906
3s74,4.7155
3pma,3.9945
3atu,12.9246
3pcu,7.5086
3r24,10.1849
3ao1,4.8144
3twx,5.1249
3tdj,6.5916
3ueu,4.6937
3qxh,9.7113
3ao5,6.5545
3zyh,6.2289
2yel,10.8887
3arg,8.4215
3q4l,6.7265
3tdh,8.2973
3p3r,8.1091
3ta1,12.4815
3p3t,6.5579
3ayc,7.6343
3zqe,5.522
3p9l,9.1622
3ppo,4.5977
3ri1,10.8136
3q71,12.1565
3rth,7.4346
3ov1,7.5913
3t7g,3.2921
3twr,5.7409
3rz8,6.9192
3tc5,11.593
3b27,8.9316
3aru,6.2274
3i8t,6.6982
3m96,7.9142
3qem,10.7339
2yek,10.5028
3q4j,6.1533
3are,8.7948
3odl,8.263
3s77,5.3515
3arf,9.0713
3zqi,9.0797
2lh8,1.9938
3ayd,8.133
2xj2,10.4466
3qfd,8.7931
3qzv,5.4947
3ppp,4.2016
3qxt,10.8986
2xrw,4.4332
2xs0,4.3734
2lct,0.6497
3tao,5.617
3ryx,7.3202
2yaz,10.18
3sow,4.6964
2yk1,7.0394
3ozj,6.4661
3ujb,11.3264
3zvy,5.0956
3q8h,8.5237
3t4n,9.4297
3mam,2.4359
2ygf,11.3484
3o4l,10.0899
3qyy,18.2122
3m94,5.7663
3ao4,6.7838
2xm1,9.4785
2yge,11.4195
3sxu,5.031
2lk1,1.944
3rlp,9.5142
3p0g,10.1146
3r42,5.9604
3ryv,6.792
3q4k,5.5562
2xxt,8.4789
3aje,5.5008
3smq,8.3397
3tfk,8.4253
3s76,4.8104
3s0d,4.8922
3ay0,6.7386
3po1,7.4405
3s3k,3.4681
3qzt,4.76
3zxz,12.0405
2xpk,10.134
3rti,6.8619
3u8n,6.8884
3pbb,5.3085
2xwd,8.5208
3r4n,8.2929
3mv0,6.7395
3n76,11.4605
3pe2,11.2823
3pe1,12.2021
3pwd,8.3968
3ozp,8.8817
3tu1,9.0624
3pb9,5.4608
3opr,-7.0491
3qox,11.1252
3ama,10.6116
3ppm,8.5656
3pr0,3.0379
3sr4,10.1484
3sm2,9.5744
3o9f,10.2104
3muz,7.5476
2y59,3.11
2xog,10.7356
2ybu,9.087
2xoi,8.9113
3o64,10.6957
3mg4,7.6872
3p8n,10.6057
3opp,-7.0961
3nzk,9.3672
3mg0,5.9041
3rf4,7.5069
3o9g,10.4621
3o9b,10.5092
2xy9,12.4629
3ozg,8.9577
3amb,8.8104
3rwp,11.2622
3o0g,9.2061
2ya7,8.5535
3qfy,6.2603
3aox,11.7342
3o9h,10.2874
2xwe,7.5647
3zq9,9.6037
3o9c,10.5627
3r4m,8.7648
2y7x,12.4159
3u8m,7.4212
3zze,11.886
3qgw,7.4653
3o9i,10.8277
3oaf,7.9123
3mbz,-6.0298
2ya8,8.0703
3pb7,5.5084
3m3z,7.4755
3p8o,8.75
3oy0,5.146
3oyq,5.0877
3t82,6.3909
3slz,11.092
3t83,6.8578
3t84,6.6567
3sio,10.2661
3qs1,10.2051
3t85,7.0293
3pn1,8.8339
3svj,7.9609
2l8r,6.0256
3r4p,11.3348
3n87,12.3342
3old,11.8992
2xpc,10.0934
3p3j,6.9863
2ydv,9.859
3oe5,11.2646
2y55,-27.4382
3mg6,8.2123
3olg,11.8312
3ole,13.8604
3pn4,7.9822
3sm1,6.9281
2y5g,9.6084
3ohi,4.9001
2xyd,10.2548
3ai8,1.1959
3s2v,8.3207
3q2m,6.2365
3prs,9.772
3n2p,7.4879
3o99,10.4448
2y5h,8.9538
3qgy,7.1838
3o5n,4.8731
3oim,8.3746
3p3g,10.1432
3nb5,6.856
3ps6,7.6959
3o9d,10.6702
3nw9,13.2258
3ui7,8.4794
3ucj,4.0591
3qk0,10.1
3sn8,2.4093
3t19,13.2787
3u8k,7.0462
3rf5,6.7735
3n86,11.7753
3qce,8.5836
3qcf,8.3835
3qaa,1.6727
3n7a,7.8462
3th9,6.2027
3o9a,10.0981
3oil,-9.4252
3tsd,7.5456
3mzc,6.9822
2yhd,2.2709
3sjf,10.3303
2xm2,8.2659
3p58,3.6417
2y77,10.7701
3t8v,8.4432
3prz,8.1854
3rup,10.8719
3n8n,8.2576
2xxr,7.1237
3pjg,11.8961
3qvu,5.0207
3ni5,3.5953
3t8w,7.6833
3sl0,6.5796
2x2i,11.3227
2y5f,10.4072
2y81,12.1957
2y7z,11.7281
2ya6,8.1177
3ml5,6.6195
2ydt,9.8219
3tza,8.7106
3u8j,6.3304
3b1m,10.1429
3n3j,8.4313
2xyf,9.5955
3tam,13.2829
3str,10.7291
2ydo,8.2149
3rlr,10.4232
3sw8,6.1541
3p17,10.5723
3nyd,0.4523
3qxm,10.7268
3t01,3.0718
3oe4,11.3313
3shj,8.0267
3ocz,10.3937
3rwq,9.0166
3zuk,7.4706
3pfp,6.6515
3p3h,6.8614
3mmf,6.7815
2xys,12.1774
3qvv,4.0095
2xxw,6.5764
2xxx,6.9161
3r17,6.9766
3sx4,8.101
3ldq,9.5493
3t1a,12.6583
3qt6,8.2809
3ns7,1.3047
2xye,9.4573
3qiy,8.4772
3sw2,10.1745
3qak,10.8282
3q1x,4.0434
3p5l,5.4498
3snc,-0.9478
3o3j,2.7383
3pn3,5.0603
3rlq,9.7454
3snb,1.5548
3oli,12.9102
3u9q,5.2378
3mna,6.4306
3sh1,7.8971
2y71,-0.9078
2y4a,2.9291
3q43,8.3529
2y76,11.3844
3oku,-99.4041
3rt8,8.9264
3rtf,9.8222
3ozs,11.4495
3pww,12.7824
3q44,10.2415
2y82,11.3607
3sww,7.7927
2yjq,8.7463
3u1i,-2.3915
3pb8,4.2514
2xyt,7.8574
3n0n,7.8978
3r16,6.3569
4a1w,4.6778
3tfu,7.8764
3o7u,6.6127
3rx5,9.5882
3qfz,5.8089
3okv,-37.7096
3s3v,8.2386
3o9e,10.6189
3st5,3.8241
3pgl,3.4709
3qiz,7.982
3tjm,-3.2551
3qj0,8.6344
3roc,9.7803
3rx8,5.0245
3n0h,6.8657
3o0j,5.1662
3q2j,6.9382
3ps1,8.9782
3oik,8.5458
3ljz,11.8083
3s9e,7.4329
3ozr,7.9711
3rt6,7.7949
3sna,1.0562
3ozt,12.3953
2x2r,9.6574
3r4o,9.3502
3tu7,9.8457
2yfx,8.9304
3p9h,6.7452
3u8l,6.3557
3p55,5.9273
3loo,4.3874
3po6,3.7527
3lox,2.146
3p4v,6.4398
3p44,5.7321
3rx7,9.494
3n4b,8.3763
2y80,11.075
3ml2,8.2058
3oys,6.8612
4d89,10.4163
4at3,11.5309
4az3,9.211
4emv,11.0706
4a7c,8.504
3tyv,13.5977
4a4o,11.4342
3uh4,10.3764
3vw9,9.8012
4at4,12.9394
4a4l,10.3433
4fny,10.6724
4fnz,9.9899
3vqs,14.7629
4hcu,10.0767
4gh6,8.1446
3vrv,12.2502
2yer,10.7173
3qu0,9.4119
3qxp,9.9971
4gcj,10.0209
3zxr,9.0413
4dfn,9.4093
4dk7,8.9933
4b1d,10.2413
3rde,7.9871
3uvp,11.2818
4at5,11.0397
4az0,9.0119
3u2k,8.6572
4dij,8.8513
4d88,13.4196
3zxv,9.1642
3v5q,13.6119
4hgt,9.9265
3vg1,12.2637
4d83,11.8149
4a4x,9.8846
3tki,9.5949
3qtz,9.904
4avg,7.0603
4afe,8.6892
4hct,11.5514
4b1c,9.3357
3rpv,10.7327
3qtx,8.1583
3qtu,10.9397
3tv8,5.2815
4eny,9.5499
4aof,7.982
4heu,12.28
3vru,11.8807
2ym7,7.4067
3rak,9.5645
4awk,7.6863
4d85,13.2438
3voz,7.1128
4hki,10.8156
3uix,9.5901
2ydi,7.4717
3ufl,11.8851
4g2f,9.5295
4dce,10.1656
4b4g,7.8634
4hlm,12.3133
4dvi,14.3934
2yex,10.3567
3ral,10.0681
4b4m,11.112
3ttj,10.9573
4h39,5.0232
4e96,8.0492
4e8z,7.7579
3umx,8.8068
4efu,10.9859
4ea3,8.6796
4ge5,7.2295
4eox,7.9103
4fcd,9.0547
4frj,13.3377
3rk7,8.1863
4hlg,12.2704
3u8h,7.9513
3tnh,6.0355
4dgn,11.3968
3vjk,8.2949
3vjm,7.9047
4b5b,10.6583
3rkb,8.1594
3v8t,8.9882
4hcv,9.1768
3vrw,11.7692
4a16,12.9326
2ym5,9.4088
4e5h,4.6503
3zzh,4.7681
3uwo,11.2273
4hl5,10.7657
3u8d,9.1146
3ur9,0.8889
4g31,15.2343
4e26,4.7953
4alg,10.7281
4h3a,4.7871
3rk9,7.8359
4abu,4.212
4enx,9.1847
3v9b,10.5447
4hld,10.5203
3t4v,9.6704
4a9m,7.8936
4aaw,6.406
4f63,4.5605
4b14,11.886
4hmh,11.515
3vjs,6.9889
3qtw,8.1567
3v8s,9.5294
4dfl,7.2172
4an3,7.7681
4f4p,8.1945
3s9z,7.774
4e5d,8.3827
3tn8,6.1088
3v6s,2.7585
4akn,9.8869
3u18,7.9558
4e8w,7.134
4f49,2.0578
4abv,3.13
4hlf,12.6144
2ym6,8.1845
4gw8,7.5328
3uok,8.4199
3saz,7.5729
4ge2,5.8449
4h38,2.8568
4gg5,9.8472
3qtr,8.9984
3ugc,14.4725
3tt0,8.7378
4an2,10.9559
4aqc,11.6932
3u8w,12.0881
2ym3,6.7231
3udq,11.005
3uh2,9.7522
3ue4,7.8205
3sad,8.3227
4awg,6.6442
4hlh,12.0866
4hlk,11.8037
4hkn,12.5279
4fod,12.9977
4hdc,10.226
3vqh,8.8501
4dgm,10.9443
3r6t,14.278
3vf3,11.0148
3rin,13.1985
3v66,11.7547
4b71,7.4096
3vsx,8.7537
3r9n,9.3599
4ehm,-11.7427
2ym4,7.6854
4a9n,8.4932
3vyf,9.8104
4f6v,8.1896
4acf,6.8084
4dcd,4.0511
3qw7,7.1214
4d8n,9.0951
4dk8,9.5967
4gz3,11.3444
3vf9,8.4565
4h3c,4.1339
4a6w,9.2111
4a6v,11.0248
4awm,7.4577
4hbx,7.9979
4b12,10.7994
4gto,7.3755
3v5j,8.2721
4fhi,10.176
3vbv,6.4677
3vp3,4.2057
4gtp,4.3182
4g34,13.0077
4ac3,8.056
4hv3,11.2169
3rwi,11.543
3t0m,3.486
4e93,10.653
3udr,10.9092
3unj,10.53
4a9i,6.6285
4gts,5.8538
4h1j,14.1455
4gsy,11.8621
4hn2,6.975
3u4i,13.1299
3q92,6.8829
3rah,10.0551
4ael,11.1848
4g55,7.5268
3azb,-1.5665
3ntp,5.5234
3s00,5.6954
3vsw,8.7674
3ti1,7.6652
4fgz,5.7693
4ajw,8.2728
2ym8,7.1216
3uzp,10.2288
3v04,8.6207
4ehr,10.1478
3twj,-0.4544
4d9p,5.7941
3ril,6.6506
4edy,7.6998
3ua8,11.5824
3vw6,8.8173
4avu,10.5521
4dfw,8.8772
4fs3,11.0399
4e5f,4.3266
3vf8,7.2039
3sgt,11.6801
4egi,5.7566
4eh4,6.8412
3vv6,6.7324
3uph,12.8632
3qqk,7.0573
3unk,8.9469
4hup,8.904
4dh6,10.4407
3sdk,7.7972
3rwj,10.5921
3s3i,11.5247
4a9r,6.4498
4aa5,11.2832
3vv8,7.7697
3vi2,3.4868
4hlc,10.0653
3s1h,9.7681
3tiy,7.3509
3vbx,6.9351
3ztx,8.9179
3vp4,4.2397
4anx,9.0009
4anw,7.5695
4azy,14.2261
4fzg,2.2502
3tkm,9.7358
4dei,11.15
3s9i,7.9294
3udy,9.5977
4b13,10.3816
3vi5,8.4585
3s68,6.4878
3vnt,13.4275
4bbf,9.8989
3sh0,8.3629
4ee0,8.6096
3upy,2.622
4g9c,11.7066
4b11,12.9456
4b00,14.3829
4f65,9.1154
3vrt,10.6552
4awf,2.9705
4fri,10.0696
3rwg,10.2833
4fcb,11.1074
3r8v,7.6042
4hkk,11.9404
3upf,10.3057
4d8i,2.1133
3uxm,8.6616
4huo,10.2328
4e5g,3.2465
3sz1,8.9174
3qa2,7.2237
3v1r,3.6576
4anu,7.5837
3qi1,11.6441
4hbv,6.4851
4a9c,8.2646
4hej,10.4321
3udj,7.5463
3vc4,8.1081
4avw,9.5452
4awo,13.512
4ec4,11.7232
4dea,9.7849
3v01,8.8032
4g19,5.6245
3sd5,8.7506
4hkp,8.7719
4anm,11.3379
4dem,11.9546
4dhf,8.7515
4h5d,11.8812
4h5c,12.0685
3vby,8.0027
4eh3,7.3806
3avf,5.3259
4d8c,11.754
4aa7,10.238
4h4m,11.854
4h2o,4.9954
3uol,9.0709
3qtq,7.1247
3qts,7.3526
3sgx,10.3505
3vp1,6.129
3rik,7.8603
3t3y,6.2841
4fli,8.594
3uhm,8.5109
4bbe,9.2281
4drp,8.6563
4dro,10.031
3r0w,5.6139
3qw6,8.1752
4hv7,7.0419
3rwf,10.9682
3tv7,7.1265
3t0l,8.0406
4af3,8.7085
4hni,7.9787
3udk,7.6662
3vbg,7.8238
3s0o,6.3802
3udm,9.5552
4eh6,7.0061
4h71,1.0399
4aa0,14.5985
4fhh,10.3447
3sgv,10.7054
4deb,8.1244
4d8a,6.9174
3vqu,7.2677
4aq3,9.5949
3vbt,6.8626
4ded,7.0921
4fpf,6.5366
4gtv,7.8197
3ava,6.0522
4afj,6.9724
3vb6,0.6697
4e3f,5.7187
3umw,11.5058
4foc,10.8311
3rk5,8.1472
3vjt,6.8929
4ere,8.0552
4ebv,11.1958
4el9,10.6689
4hby,7.3018
3v3v,10.0145
3vb5,2.4795
3vv7,9.5071
3sdi,8.6885
4b3u,7.6309
3rpy,8.4394
3sqq,10.4037
4h2j,9.2618
4hbw,7.4631
4ddl,9.5169
3vi7,7.1141
4acu,11.8826
4dpf,13.1778
3vyd,9.7453
3rwh,10.5319
3v4v,6.21
3av9,6.0748
3rwe,11.026
4anv,10.2742
4an9,8.9734
4ewo,10.6039
4ez3,6.7845
4eeh,8.8246
4hco,3.4435
3vbq,8.5646
4awq,13.5514
3tkh,7.7434
3uqp,8.7633
3r8z,6.5774
3vb4,2.7253
3vb7,1.1522
3s4q,11.8221
4fzc,1.5204
4dus,10.2384
4fll,9.4907
3t4h,5.9133
4eb9,10.7411
4flk,10.2321
4di2,12.1106
3sb0,7.9718
3vjl,7.2255
3rjc,8.3548
4drm,9.6944
4drn,9.4669
3qbn,5.4091
4ehv,9.9425
4eh7,6.1116
4b95,7.6567
4h36,3.2792
4gb9,8.0648
4eh9,9.2478
4egh,7.927
3veu,10.9971
3th8,5.0065
3ua9,13.5331
3u4h,16.9872
3uqr,11.3141
4fpk,6.931
3uwk,9.51
4f8h,5.176
4dt6,7.8731
4e3d,5.7435
2ydj,9.9448
3rvg,7.6947
3tyq,-2.5756
4ejn,16.4397
4fob,10.7176
4hgs,9.3002
3r8u,7.3244
3udp,11.4903
3up7,7.8692
4h2m,8.8854
3u6j,13.4046
4anb,10.0088
4h3b,5.4488
4aac,11.132
3rni,8.2649
4ask,11.1239
4a9u,9.0299
4deh,12.3487
4a9s,8.0258
3vid,8.0094
4eyj,11.1485
4eh8,4.5913
4f64,5.9063
3avl,5.86
4azt,8.9201
4eh2,7.3698
3tti,11.0259
3upi,12.1549
4deg,11.3132
4e20,11.4165
4gtt,6.8218
3vbw,6.8037
3v5l,9.9794
4dbn,11.9514
3udn,9.7684
4flj,9.7864
3aza,2.2398
3rwc,12.0224
3vye,9.677
4em7,5.8516
4hai,9.8957
3v6r,4.0758
4a9t,8.5214
4esi,8.4991
4hnf,7.1058
3r9d,9.8337
4aw5,9.5789
4acx,11.2811
4dpi,14.0184
4h1m,13.4161
2ydk,9.828
4erw,13.0839
4e4x,9.4123
3vp2,3.8623
3qai,7.8363
3qw8,6.2527
4edz,8.4495
4f6x,6.0391
4drk,8.5141
4exg,10.6176
3v8w,9.6651
4ebw,11.0948
4dgg,10.1294
4eh5,5.549
4awp,15.1547
3rmf,11.9442
4daw,6.2149
4ec0,6.6856
4gdy,12.9712
3avb,5.4306
4eft,8.6701
4aml,6.741
3uyt,10.0678
4eg5,9.7995
4frk,12.7305
4hgl,5.6554
4ejf,2.9832
4aa4,11.9786
3v4j,-4.0571
4dgr,7.2577
4gtm,5.5282
3v49,11.4266
3rwd,10.9225
3t0t,8.6869
4dum,8.1825
4eym,9.4187
4d8e,2.358
4e4a,-0.2951
4b74,9.3796
4asj,10.4443
3uug,8.9499
4dy6,9.8127
3s8x,6.5375
4b73,7.7457
4ajn,11.1763
4arw,9.7492
4daf,7.1836
3u15,9.1335
4ajo,11.3516
4fcq,4.133
4eki,10.8272
4dew,-6.3315
4i47,5.4323
4al4,11.4918
3rul,3.8146
3s9t,7.1776
4gy5,3.8736
3uib,8.7215
4b2d,4.6929
4gui,8.3144
3uzc,7.8908
3v3q,-1.8381
4dkq,10.153
4h75,5.1833
4db7,8.2984
3sax,6.916
4a4v,7.1945
4aqh,9.096
2lcs,4.043
2lkk,3.9302
4ewn,6.7856
4dkr,9.2281
4fut,13.8154
4b5s,4.275
4gby,5.5744
4glr,5.3033
3ask,3.8469
3v3l,10.5643
3u0t,5.823
4dve,8.3739
4dko,8.1786
3v7d,4.4219
3tay,7.1398
4f3h,9.913
3ui2,5.2762
3t6b,8.676
3t6j,7.6651
3tpx,4.9721
4b0b,7.2117
4b5t,2.6242
4b5w,4.0501
4der,1.4035
4erf,6.887
4fcr,9.8542
4eu0,11.9445
4f20,7.9853
4d8z,6.8816
3vhd,15.6035
4ay5,9.7236
4dj7,5.4115
4euv,11.4376
4etz,10.2108
4dma,2.8543
4aq4,5.8233
4gbz,5.6551
2y9q,5.5501
4e8y,7.727
3sfg,2.5882
4h5e,7.6403
4euc,8.5878
4gah,6.9868
4glw,8.2336
4e34,4.5808
4g0p,6.1002
4guj,9.0333
4ara,8.6802
4g69,5.9111
4fm8,11.2769
3uil,2.6695
3uza,5.4653
4dst,3.9876
4ai5,4.6521
3vhc,14.9224
4arb,9.336
2lnw,3.277
4des,-6.8736
3udh,8.0593
2liq,7.0401
3ual,5.9987
4dsu,5.06
3que,9.8133
2llo,2.9053
2llq,3.1851
3r5n,8.5225
2ll7,3.9404
3v31,5.2006
3asl,4.1992
4b4q,6.4197
4ekg,10.8841
3rum,13.1007
4fxq,11.9272
3ut5,8.6282
4gao,3.7613
4abk,13.0782
4dkp,7.6269
4dn0,8.5131
3qbc,6.6595
3zsq,8.1698
4aza,4.069
2y6s,4.8557
4es0,6.45
4av0,6.8719
4agm,5.5692
4agn,6.7299
3uxg,6.1613
3t0x,14.4815
4g8l,6.3632
4f1q,5.4163
4dmw,7.4478
4e9c,6.5892
4dai,7.6071
2lo6,3.9799
4hbm,10.2906
4g8m,8.3043
4f14,5.0939
3u6w,3.2773
2yim,12.2844
3uyr,5.2085
3au6,1.6437
3sbi,6.5487
4g68,14.0801
4aj4,5.284
4dgb,5.4119
4ab8,5.8933
3zt3,9.6364
3uoh,8.6783
4djs,4.0154
2lsk,3.3697
3ttn,5.798
3r0y,-1.2229
3zt2,9.9701
4ago,7.006
4gkc,-7.9934
4fl3,11.0724
4aba,1.6751
4eqf,3.829
3zt4,9.3686
3qn7,9.8979
4ahv,5.6556
3uo6,7.6187
4e6c,3.2431
4fys,8.8056
2lzg,6.2299
4ajl,8.1258
3unz,8.7097
4glx,10.9304
4de7,6.4407
4ds1,8.4563
4fn5,12.7236
3uvq,11.3808
2y1n,6.1869
3ud7,2.9341
4auy,7.9794
3vjc,12.6816
3v30,6.7353
4flp,8.4412
4a4w,0.6274
4egk,12.6653
4fvq,10.6013
4fvr,9.9285
4det,4.664
3u0p,4.9869
4deu,-27.1042
4dru,8.9806
4f9g,10.5407
4htp,5.3324
4eqj,8.5696
3udv,11.3029
2yhw,10.4877
2yhy,10.2772
3r5t,10.8812
2lgf,2.101
3ubd,10.8706
3v78,12.7104
4agp,7.0992
4gwi,5.677
4e9d,7.403
3ud9,3.1245
4aje,3.3346
4aia,6.3998
4fl2,11.0696
4agl,4.8086
2yme,7.3616
4gq4,10.1521
4avi,5.6574
3umq,1.8058
4a4c,6.1259
4dbm,6.4176
3tcy,7.5927
3tk2,7.7172
3u90,4.3988
4abf,6.3278
4ad3,8.5531
4g0a,7.2077
4dcv,8.9449
3sap,5.4238
4fnn,3.1698
3ztc,9.4268
4abg,6.134
4esg,6.292
4aji,5.49
3ued,3.5166
3uo4,9.4501
4exz,-10.4938
4b76,7.8513
4bd3,4.575
3rqw,4.6622
4eo6,8.6004
4g0q,5.9413
3ttm,5.1979
3u51,8.9814
3tz4,5.2266
4ah9,6.344
3run,7.4366
4f5y,15.8615
2lyw,4.7622
4gzw,1.9304
4dcy,5.9177
2lp8,5.158
4dcx,7.7021
4abb,5.9606
4emr,9.7613
4e67,8.7762
4epy,7.8148
4aft,9.0011
3t2w,7.0353
4f3i,10.6615
4avj,4.5819
4fmu,11.26
4b4n,4.2377
4ffs,9.4359
4hcz,4.1108
4axd,9.6904
2yi5,8.3514
3uo5,8.4388
3tct,8.6739
3ud8,3.2521
4f7v,15.3551
2ltx,3.388
3so6,7.392
3tgs,6.4911
2lty,3.7139
3tif,10.3853
4g0k,5.6734
4ef4,16.1914
4ep2,8.9032
3r7o,11.291
3u3z,5.0427
2ltz,3.7501
3r8i,3.5947
3v2x,5.7322
3zyr,11.1258
3rzi,7.1469
2yi7,9.8725
4g0y,6.6059
3v2o,4.9188
4abe,0.3685
3re4,7.8484
3up2,10.1037
3vha,12.9549
3unn,3.8812
3va4,3.5731
4abd,-1.1448
4aj2,5.4939
3uvu,7.0755
4ede,-9.3405
3rsr,9.1891
4fi9,7.1064
3r5m,9.1403
4azf,9.0414
2yq6,5.4057
4a2a,3.3691
3uvx,5.1345
4gwk,2.2254
4ab9,4.3892
3uod,9.3914
4ahu,5.1948
3tkw,8.7774
3zrc,7.7743
3ug2,6.7273
2lsr,1.9505
3tz2,6.1952
4e81,5.7106
4fk7,8.9327
4b1j,13.5616
3t0w,14.6417
3upk,12.5131
4i3z,9.9192
3zsx,7.4548
3uoj,7.6584
4fl1,9.2349
3sbh,5.799
3tzd,6.6358
4fak,10.2505
4aoc,6.3554
4gq6,7.5425
4ewr,7.0817
4ery,6.0672
3v3b,5.7344
4efg,-10.3389
4fm7,11.5881
4avh,6.9197
2ltw,2.2098
3zsy,7.6276
3upv,6.3185
4g0z,6.7313
4a6s,5.36
3t4p,8.3435
4ahs,6.5429
2lha,2.9311
4ahr,5.126
4g0l,5.7993
4duh,9.2002
2ynn,3.5841
3uvw,5.6231
2ltv,3.842
4fqo,3.9417
4av5,9.0913
3uec,4.0925
4ad2,8.9473
4g8n,7.5675
3rg2,0.9854
4gzx,6.9012
3tsk,7.9414
4b9w,7.8258
2ymd,7.5924
4aci,7.1406
3u2q,9.4065
4b0j,5.755
2yi0,10.7518
2y8o,5.1461
4ay6,11.8124
3zso,5.5902
4f1l,8.8148
4aze,9.5637
4eej,-9.2879
4abh,-4.6457
3th0,13.9863
3ttp,8.7743
4erq,6.3284
4ajk,8.1076
4aj1,4.4788
3v4t,10.5433
3udd,11.1115
4eo8,8.4255
4dcs,8.5707
3tb6,6.6851
4b0c,3.3075
2yfa,5.9112
4f8j,8.6786
4fxp,9.9141
4emf,9.7402
4aom,6.692
2loz,4.0104
4fem,5.0567
4dxg,6.5912
4erz,7.158
3u3f,2.995
3tz0,4.358
3usx,2.552
4dow,4.1753
3uda,3.4337
3vje,10.642
4agq,7.4017
4av4,6.8056
4fxz,5.9753
3ztd,5.6347
4fe9,4.5488
4b8y,8.0885
4fmq,3.7744
3uzd,5.1737
4euo,5.2423
4a7i,8.4666
4djr,8.7337
4aoi,12.7048
4ap7,11.8911
3vdc,6.7373
3utu,11.3142
3uw5,8.3801
3vd4,7.8085
4amy,2.0181
4gid,12.0191
3uw4,8.3717
4ase,12.8639
4agc,12.911
3t5u,6.2847
4djp,9.3015
4an0,2.1995
4e7r,10.9655
3vd7,5.9442
4dq2,12.9034
4az2,9.0595
4djq,9.2515
4an1,2.95
3t0b,7.4934
4e3n,6.4919
4app,9.7223
3uz5,5.7821
3tfv,7.1006
4bbh,9.5926
3v7s,7.338
3vd9,7.5458
3sud,10.3388
4amz,1.7326
3t09,6.695
4b7q,7.6532
4djv,10.2572
4ayw,6.1527
3t2q,6.1712
4acg,9.8014
2yfe,3.2018
3s54,7.8045
3s53,8.423
4b7r,7.6795
3s56,11.6187
3t2p,7.6106
4ax9,9.668
3tfn,7.9792
4afh,11.4068
4ayt,7.5491
4ayx,7.136
4e3m,6.2173
4fk6,10.0728
3t64,9.5816
3t60,8.8882
4fns,6.2591
4djh,11.3018
4gfd,10.7399
3tfp,6.0909
4fea,2.5723
3s9y,11.3016
4ea1,5.3928
4ea2,7.777
4ewh,8.3206
3pwk,4.7727
3vf5,9.7777
4a4q,12.1263
2y8c,7.8794
4asd,13.1002
4djw,9.4221
4dv8,9.8433
3vh9,5.7967
4fkk,5.7458
3t70,10.6577
3vfa,0.7707
4ayv,9.0371
3su3,14.2688
3vf7,10.8903
3sue,10.2202
4e3k,6.9847
3t08,7.3427
3vfb,10.754
4e4n,10.0408
4e3b,6.336
3t3e,11.1356
3u6h,12.6092
3v5p,9.2127
4ag8,12.8681
4de1,9.1567
4e3j,5.2007
4e6d,9.0625
3zvt,-23.72
3zv7,7.4726
4gqq,4.1672
3sx9,10.0967
4e3i,6.7064
3u9c,8.01
4de0,9.6844
4e28,3.5873
4do5,6.649
3qqs,7.9982
4dld,9.1111
4e9u,2.4292
4b7n,8.6251
2yiv,3.5657
4ge9,14.2014
4g8v,2.5078
4a95,7.0311
3qdd,10.4726
4e4l,11.4035
4frs,10.2924
3v7c,12.5321
4ei4,9.5277
4dfg,-0.0491
3t3h,10.9342
3ts4,8.8801
3shc,9.449
3tne,7.2137
4e3g,5.3971
4b6o,10.6957
4fai,5.2798
4fbe,5.1524
4aa2,9.6364
4a6l,11.0571
4ehz,8.9211
4b7j,7.9065
3u7n,5.5027
3uxk,6.1276
4hge,9.9139
4gqr,7.9884
3twp,5.0944
3uuo,7.9114
3veh,8.3742
3sv8,1.7754
4a50,9.0379
3t3d,10.9575
4gk7,2.7521
4b5d,6.8598
3zvw,2.0277
3umo,13.8433
4a6c,12.5458
4g0c,6.4069
3rv8,7.4616
3rv9,6.7995
3si4,6.5962
3spf,5.3371
4gzp,5.1838
4b6r,9.6057
3sut,9.344
3rv7,6.0629
4eu3,6.0823
3r88,5.8555
3t03,4.9856
3su0,14.1088
4dkt,-6.569
3t3i,10.733
4gzt,5.2629
3tzm,10.6258
4e5j,3.8298
4a51,8.8598
3tvc,9.882
3qs8,6.5886
4f39,8.7165
3r6c,9.664
3u6i,12.9448
3uri,7.8232
4flh,9.4128
4h3f,11.4747
4h4b,5.5472
4f1s,8.2389
4fcf,6.8161
4hf4,11.9945
4ddy,9.2653
3s43,10.1082
3sxf,10.9414
3t3u,10.8704
4efs,10.2114
3u78,2.9556
3sha,10.2847
3v7x,6.6903
3uxl,6.4302
3uzj,6.1017
3v51,12.8788
4f09,9.3055
3su1,13.4266
3uwl,9.7921
4acc,8.3837
4fsl,9.494
3suw,10.2962
4gkh,10.3707
4acm,8.8033
3rv6,9.9082
3qtv,10.3935
4ach,7.0986
4e5w,11.8822
3st6,8.8273
4e35,5.7167
4dfu,5.6192
3rj7,6.3749
4g8y,5.9403
4f08,8.1309
4dfb,7.0291
3vhk,9.0499
4bc5,4.6541
4b05,12.601
3su5,13.3259
3sym,11.5762
3suf,10.9143
3rbm,5.7873
4fs4,10.3717
2lsp,3.0329
3rr4,8.9287
4b6q,11.2305
3suv,8.195
3vdb,5.304
4e3l,5.63
3t6y,6.9412
4de3,9.2335
3s45,9.511
3t3g,10.0364
4dju,8.6142
3u7s,9.5201
4g3g,9.1544
4fev,9.3556
4agd,8.5912
4g90,3.8843
4eky,10.91
4e3o,2.3849
4el0,10.8465
3u92,8.4514
4ej2,8.0262
4eke,10.4019
4e0w,7.9548
4dhl,2.2154
3sv6,3.6621
4gki,7.167
4abj,9.032
4ge6,6.4421
3u7m,6.1188
3qw5,7.0965
4dff,6.3176
4i8n,6.5927
3u81,11.0831
3rbu,4.7876
4dsy,2.3963
4ek9,6.9214
4exs,2.471
3s5y,6.9056
3uxd,5.7146
3suu,8.9419
3t3v,10.3767
4h1e,11.3304
4h3i,10.0659
4djo,8.9619
4en4,4.7777
4aph,8.3126
4a6b,11.6667
4g3e,10.5644
3t0d,6.6301
3tcp,7.1348
4du8,7.9125
4dpy,9.3587
4el5,10.8507
4e6q,8.91
4g3f,10.8037
4acd,9.0955
3tll,9.3305
3zzf,6.6949
4fse,8.4126
4dt2,0.3544
3su2,13.5073
4eo4,10.7855
3s6t,8.996
3u93,7.1347
4dk5,8.3774
4e5i,3.8238
3tt4,8.1456
4djy,9.4059
4fjz,10.5383
4dpt,6.8619
4dpu,7.5407
4eoh,3.1155
4do4,7.7015
3u7l,8.1419
4alx,9.1317
3qwc,9.8153
3su4,14.9293
3ryw,6.096
4ha5,9.2557
4djx,9.7296
3t3c,10.7608
4afg,9.3155
4few,8.8596
4abi,8.7052
4gg7,10.7181
3uu1,6.7344
3s1g,8.4145
4ayy,9.458
3sug,9.8173
3v7t,9.3466
3qx5,11.4009
3sv2,9.9257
3si3,6.8559
3v5t,8.3595
4h3g,11.6173
4ge7,12.7726
3upx,8.9718
3uf9,4.5443
4ge4,11.9647
4e49,5.6389
3syr,11.1047
3v4x,-6.6419
3axk,9.3252
3sur,7.2387
4exh,8.2954
3sus,8.4271
3tvx,5.8495
3qto,10.898
3sm0,10.7521
3v5g,7.4844
4b6p,12.5335
4de2,8.9647
4e0x,8.064
4aa1,10.1574
3v2w,8.0816
3axm,7.6156
3vbd,3.4997
4b9z,9.0487
3sv7,3.6039
3u7k,8.6242
3vw7,14.4981
4dds,8.4965
4e3h,4.9246
4h3j,12.0191
4f9u,4.9398
4f9v,5.2916
3su6,14.4581
4b6s,12.811
4gjd,12.3592
4jsr,11.43
4c4g,8.6184
4i7c,3.9688
4jt9,9.2631
4jr5,10.6225
4i1c,8.6114
4i9i,12.676
4bky,10.3783
4mq1,9.8826
4bzo,11.308
4mz4,-7.6013
4hvs,12.5159
4ijp,9.3058
4gmc,6.9829
4jik,9.7423
4hhz,10.7721
4bty,9.481
4c4i,8.9528
4jje,5.2694
4c4e,7.243
4hyf,11.2955
4c4f,7.5405
4bkz,7.4438
4g17,8.9617
4bnu,10.5526
4bnx,10.1815
4cby,8.025
4l02,12.1205
4bqw,9.0156
4jt8,9.6257
4i6q,8.2054
4bnv,10.5185
4ivs,7.5579
4idv,9.6997
4k69,9.3294
4hys,6.8254
4bo2,10.0307
4bo1,9.9509
4cbt,8.5722
4nb6,8.7558
4hw7,9.2896
3zov,8.8135
4lyn,7.7901
4btw,7.1296
4ju3,8.1447
4jve,9.1418
4j3e,10.2014
4lxm,11.3956
3w55,6.1312
4bo5,8.854
4mq2,9.2046
4gjc,13.061
4li6,12.371
4bo7,9.8713
4bfy,8.8147
4bo8,10.1536
4jg7,0.0937
4bo4,10.684
4g16,8.233
4h4d,6.4248
4n3r,16.5346
4j0a,7.9756
4l7f,13.5006
4jzf,11.0898
4gj7,9.5924
4i10,10.8147
4j0t,9.6507
3zm5,11.4095
4bo6,11.0065
4h58,8.2103
4msg,15.7122
4mt9,11.2941
4gs8,3.2794
4i7d,4.5246
4idt,11.0117
4bo0,10.232
4k4f,12.0572
4h4e,5.7494
4j08,7.6179
4j51,6.4198
4bie,8.0559
4bib,7.9312
4bnz,10.2549
4byj,7.715
4krs,9.8978
3w54,8.8738
4bti,9.8233
4jjs,8.4933
3zm6,13.4687
4bo3,8.7777
4bo9,9.5811
4brx,8.8828
4d8s,5.9897
4ju4,7.1649
4jg6,-0.7892
4i5p,9.874
4j0s,9.916
4j0r,10.1427
4m5o,6.1539
4bqx,8.1763
4ez5,8.1211
4i12,9.3142
4mwv,9.1049
4ff8,4.1383
4mwr,10.1077
4j0y,10.0822
3vs3,12.078
4i0f,9.6545
4mk5,7.6293
4lkm,7.4025
4i0z,10.5455
3vva,8.4415
4i31,10.8751
4jj7,4.0825
4kio,7.1685
4bw3,9.3251
4jda,7.2024
4cfw,8.4823
4jju,10.3581
3wix,10.6109
4l6q,7.4845
4inu,5.9762
4bfz,9.2496
4li5,4.6117
4c35,10.1195
4mcc,10.3442
3wd2,6.2427
4iqu,5.9474
4ikr,7.29
3vtb,14.9827
4btu,10.4079
4hzx,6.7033
4i4e,9.5601
4kil,8.1465
3wiy,8.8159
4i0d,8.5799
4ir5,7.6223
4jwr,6.9331
4b72,11.9529
4bw4,10.1555
4i4f,12.7469
4ikt,7.6492
4ju6,7.6964
4ju7,7.6964
4b6c,8.6176
3zc6,10.5823
4dwk,3.0079
4jj8,2.4799
4mk2,6.8476
3zeb,-15.5853
4hzt,10.8757
4li7,11.5261
4j1h,8.7852
4iqt,5.4519
4mwq,8.3126
4hxm,7.7795
4bsq,2.4339
4kp6,6.3013
4lkl,6.7762
4ir6,8.2315
4inb,10.8902
3zlq,9.2242
4ii9,10.6412
3vuc,12.0047
4ivt,10.6401
4jv7,8.2463
3zmi,-8.3865
3zot,-7.5357
4i6b,8.015
4k3l,6.2157
4bdt,12.4618
3zm4,9.1336
4bqy,9.0854
4feq,6.9524
4azp,5.3798
4bw1,9.8113
4mti,9.2945
4mxa,7.0725
3zki,9.5502
4gja,11.9862
4l3p,9.468
4hzw,10.0045
3zlk,11.6655
4hy5,8.8054
4mcv,9.1903
4btt,8.9403
4bzn,9.7325
3vo3,12.9929
4hvd,8.2878
4j6i,9.1078
4mu7,9.9151
4gsc,3.42
3zlo,13.0107
4mcb,11.4248
4ght,4.2194
4g2w,8.1911
4gk2,10.7738
4int,3.8028
4mzj,6.5487
4iku,7.3721
4ibm,11.534
4jv9,8.1896
4hhy,14.7141
4jht,7.8578
4m5r,7.3738
4i7f,10.5064
4iz0,6.397
4dr9,6.5666
4kfp,12.8892
4mb9,9.3239
4b78,11.2268
3zmj,-7.7622
4bdc,6.4074
4lc7,9.0194
4l34,13.1251
4dho,7.7962
3w5e,13.3898
4g2j,10.0005
4jbs,9.0124
4m4q,7.3712
4m5u,9.5417
4j04,6.7086
4kb8,8.8516
3wfg,12.5028
4kc1,12.3434
4jx7,8.5975
4j4o,5.7588
4men,7.7444
4kqq,11.9571
4kqr,13.5364
4fz6,8.7973
4dvf,13.0035
4dhn,7.4995
4lqy,5.1508
3vtd,14.7085
4j1f,8.4985
4kmu,7.9816
3ukr,8.5674
4b81,5.7519
4j4n,5.0235
4bnt,6.6437
3vtc,15.6492
3wax,11.264
4j1k,9.58
4dzw,6.5398
4kbc,8.6357
4gye,7.7992
4l0s,11.693
4l32,13.6137
3zo4,12.2712
4bjc,11.8862
4gk4,6.9286
4i0r,7.6281
4jzr,4.2928
4bde,6.8684
3zlx,8.5921
4b0g,8.8959
4bfp,12.1426
4bgg,10.1107
4dht,7.7213
4ie5,5.8822
4l31,10.407
4dhm,8.6817
4kqo,-5.1544
2ly0,5.6184
4dhs,7.601
4mk1,3.5814
4hvg,7.4082
4c38,9.4557
4alu,6.5611
4g1f,9.5832
4ke0,13.4665
4m3q,6.3221
3wav,8.091
4mx0,8.8396
4dwb,5.8241
4dv9,8.3676
4ipf,9.822
4jhq,6.6436
4kjv,7.6513
4hvh,7.5189
4c37,8.5103
4c36,9.6033
4bb4,9.2901
4jrg,7.185
3zlw,7.5948
3w2r,12.8039
4j1e,9.9506
4im0,7.6481
4hyh,9.5231
4iwd,12.0707
4ktc,10.7226
4l8m,13.5396
4mk8,10.8598
4mka,11.7622
3zo1,10.6393
4awi,11.0212
4jql,10.1705
3wc5,5.1309
4jlg,11.2874
4lgu,8.2431
4hxl,7.9739
4lnf,2.7076
4mzl,7.0307
4ke1,14.2551
4btl,8.0573
4ezl,8.8887
4mx9,7.7762
4inr,3.7987
4hy4,11.4979
4bda,6.0959
4ie6,4.3175
4mbl,10.855
4dtt,3.2851
4hy0,7.5517
4nie,9.7475
4fic,5.8792
4l2g,11.8197
4mww,7.7297
4jr3,10.1976
4bjb,10.2084
4j3m,12.5019
4hww,8.4127
4bdi,6.5585
3way,11.1289
3wd1,11.1845
3zep,8.7803
4bjx,12.564
4b84,6.2224
4l0v,12.1712
4eyr,1.8242
3zmg,10.6741
4ixu,8.4457
4kiq,12.184
3wbl,7.7886
4ixv,9.3024
4fxj,6.1543
4nrc,4.9463
4jbo,11.1766
4jp9,10.9202
4k4e,10.0521
4kn7,7.7597
4meq,8.0154
4meo,8.1144
4la7,10.5018
4i0t,9.6262
4i11,7.4913
4l0i,10.8761
4alw,10.2195
4dhr,7.293
4j0v,10.0213
4l53,10.0741
3w2t,3.2636
4joa,9.3539
4jrv,9.6735
4lww,12.4284
4j53,11.3791
4lgh,8.941
4lxa,11.6483
4n4v,13.3613
4i7b,5.7295
4bcb,4.5901
4mwu,9.6442
4ehe,9.083
4ie4,5.3125
4jmu,8.7862
4lge,11.2832
3w1f,9.6138
4bdk,7.2781
4ezj,9.3073
4hbp,0.492
3zly,5.7621
3zlv,5.0417
3zbf,8.1344
4gvu,8.9685
3w5t,10.9085
4ith,9.0795
4g2l,7.3303
4kbi,10.5971
4kb7,12.0494
4dhq,9.1799
4bcd,9.8513
3wab,4.81
4lh7,8.4609
4joo,9.5337
4bdd,6.8617
4l2k,12.234
3w33,12.6379
4i0s,8.9444
4k8s,12.6931
4dhp,7.5914
4kw6,-43.4773
4itj,9.4967
4dxj,5.9653
4nrb,6.129
3zls,6.0978
4jq7,10.2401
4bae,8.7429
4c4j,11.0235
4gv1,11.5757
4hyi,10.8076
4izy,10.6065
4j52,11.5871
4jnc,9.9343
4jnm,12.3165
4l6s,12.6938
4lgg,8.1276
4hxs,5.7279
4hxr,6.96
4hlw,3.1757
4kz0,7.5263
4k3k,6.3572
3wiz,9.0488
4gzf,6.2096
4lts,11.5909
4mvh,10.6474
4ie2,8.5168
4j06,6.8301
4eev,14.0899
4htx,10.8593
4i33,10.8128
3wi6,7.0733
4mcd,8.0637
4mep,8.6663
4kin,12.3918
3v3m,8.5538
4mzk,5.6994
4mbc,8.097
4j1i,9.319
4b80,6.4436
4bek,6.4541
4jbp,11.5447
4ln7,8.8496
4b82,6.5211
4mk7,7.4098
4iti,8.9746
4idz,3.4385
4bj9,13.4646
4jib,9.6222
4k2y,5.8221
4fyo,10.657
4jpe,11.8223
4e1e,6.9573
4kc2,11.3959
4j1c,9.2286
4ksq,11.2364
4m84,8.474
4n4t,13.0281
4b7z,7.5955
4bgh,8.1001
4jai,10.1875
4l52,10.2068
4lxk,10.9706
3zmh,-7.0702
4j3d,7.6578
4jaj,7.3381
3wc7,7.9997
4j70,-4.9843
4bic,7.8589
4fgy,2.3986
4hze,9.3261
4kai,11.5374
4mot,8.76
4j0p,9.2456
4bhz,6.7716
4j17,9.695
4l0l,-2.2697
4m6p,13.3795
4au8,9.6333
4gk3,9.5334
4k60,6.9923
4kn4,7.5258
4dwg,6.9168
4bi0,5.4515
3waw,7.6928
4kc4,11.1205
3w69,9.7226
4i32,10.6427
4l2f,9.2308
2yoj,14.0468
4i6f,8.8875
4i6h,8.708
4jzd,10.6522
4dhu,8.3421
4jvi,6.9947
4kba,9.7611
4ixh,8.496
4m6q,14.2777
4ifh,6.0609
4hyu,8.1191
4mds,9.659
4bhn,9.3672
4bw2,9.4489
4ezk,8.3344
4b70,8.9845
4fxf,8.9694
4kbk,9.2437
3zim,1.256
3w2s,11.4842
4anq,8.9882
4hxq,8.1146
4mbj,6.2689
4is6,6.7924
4ark,7.8665
4msk,14.4341
4ehg,8.725
3wff,11.3949
3w2q,4.8942
4l0t,11.3075
4l0b,11.877
4i06,8.5181
4klb,2.7134
4hvi,9.1265
4bi1,6.044
4bs4,12.0812
4bs5,4.2824
4c4h,9.3922
4kju,7.1159
4iks,6.5827
4aua,5.8419
4bdj,7.0936
4li8,12.7892
4bio,8.6381
4gj6,7.6129
3vry,11.9031
4bid,10.4014
4b77,11.1984
4kzl,11.7695
3uli,8.1879
4l10,11.7262
4fgx,9.8117
4jsc,5.833
4mwx,9.7999
3w32,12.5054
4mgv,7.7044
4bdg,5.2255
4bdh,5.1298
4k9h,11.1491
4j0z,9.2456
4lh6,6.5531
4c66,9.2328
4do3,8.8549
3rtp,6.9076
4alv,9.532
4l33,10.8735
4jze,11.2771
4kip,11.4059
4mbi,6.4251
4b83,6.1918
4kzc,9.6811
4hzz,8.2011
3wd9,11.7029
4ie0,3.8766
4i5m,10.0283
4jkt,7.8193
3zo2,10.803
4bdf,5.7511
3w2p,4.7238
3w2o,8.1829
4bdb,6.9337
4l09,11.0473
4b85,6.6859
4mwy,9.3548
4e90,10.5868
4eqc,10.8564
4jq8,9.8073
4ie7,7.1836
3vzv,8.254
4muw,11.188
4hg7,10.0335
3wi2,10.8753
4bi2,6.1514
4jpc,10.7682
4bfd,9.6953
4ie3,8.434
4l7g,9.533
4bcc,5.0021
4byi,7.9701
4mk9,11.7495
4lop,10.1859
4loq,9.4812
4avt,6.0244
4f7l,9.3574
2yns,5.5928
4kln,8.8488
4fil,7.1212
4f6w,15.1079
4gpk,5.9051
3zi0,7.1325
4ly1,10.2495
4ggz,8.3986
4i9h,9.659
4bg6,4.5077
4cfe,10.0503
4fr3,4.9827
4ko8,12.3629
4hy9,8.0954
4f7n,9.7566
3zhz,7.3569
4kom,4.2748
4k9y,15.9505
4i54,9.0568
4jyb,10.4237
4loh,19.7723
4hpy,7.604
3wdz,4.0583
4g4p,7.4304
4bcq,7.8507
4b8p,5.1349
3zke,7.0053
4lkg,6.7032
4loi,20.0579
4lxz,6.4602
4lg6,5.5578
4lrh,10.016
2rt5,4.5047
4lwc,7.1253
4lhv,10.7546
4jyc,9.0005
4lkj,4.283
3zhx,7.4286
4iuo,8.5814
4btk,8.1839
4gqp,7.1163
4li0,7.219
2m3z,7.7697
4jgv,4.5449
4iue,11.8834
4io2,7.1473
4nj3,11.9274
4gv8,11.0684
4kon,4.702
3zh8,9.5669
4b7p,12.234
4hyb,7.139
4n07,7.1776
4jfk,-0.4477
3zll,6.1575
4ezo,7.202
4loj,17.798
4cff,8.4453
3w07,9.5536
4b33,5.5935
3v2p,5.6806
4i67,5.9273
4b32,5.9544
3zk6,6.8706
3w9k,5.9222
3v2q,4.9981
4n6h,13.4728
4jbl,5.477
4f0c,8.6078
3zlr,13.8916
3ux0,5.2313
4b2l,4.954
4hwb,4.2606
4kii,6.5881
4ddh,6.9558
4e1k,11.6934
4bqg,9.029
4mjo,8.7136
4k6i,12.8373
3zcw,13.2903
4nmx,3.7619
4fht,7.3341
4jff,10.919
4f6u,11.8735
4b34,2.7774
4k4j,11.2461
4m7c,5.5469
4hp0,10.3831
4irx,9.7374
4kao,11.5797
4hmk,6.0636
4hod,6.1166
4mz5,4.7872
4de5,6.0939
4fzj,2.2797
4fmn,3.185
4jnj,7.4445
4io3,6.2927
4l50,8.7956
3v2n,4.4025
4c4n,2.1804
4hbn,10.2252
4km0,8.6361
3zkf,4.4613
4g5f,6.2627
4kqp,7.2656
4az5,7.9572
4ch2,6.0034
4nkt,7.4032
4b2i,4.8885
4ezw,6.8374
4bgy,4.6129
4dlj,11.0411
4lkk,6.0585
4kne,8.6922
4ef6,6.27
4azc,7.3143
4jn4,15.1854
4jne,14.7103
4b35,5.646
3zos,14.1709
4hva,6.957
4jv8,10.582
4km2,8.1335
4l4v,11.0031
4ksp,10.8145
4ezx,7.0672
4k3p,6.0256
2ynr,5.6341
4g5y,-12.3041
4f70,8.8264
4i60,6.9135
4lps,10.5263
4bkj,12.8387
4br3,9.4669
4i9o,2.9528
4iut,4.5192
4iuv,3.7581
4knm,6.5985
4jfl,-9.1145
4bxu,2.5897
4bcs,8.5708
4i7l,5.6381
4att,8.0371
2m0v,4.1758
4ceb,8.8542
4ht0,5.1452
4knj,7.3209
4bup,10.5573
4lbp,5.8056
4i9r,-11.1242
4bi6,4.4948
4mr3,8.8587
4mr4,7.3579
4k3q,5.6786
4fcm,7.0684
4j2t,5.9968
4c73,8.362
4c0r,10.1009
4apo,6.4749
4i2w,2.4613
3zhf,5.4151
3wde,7.2439
4bh3,6.7473
3wdc,6.7238
4hs8,4.8861
4i2z,3.0763
4ipj,4.7476
3w5n,8.1289
4ijl,3.492
4i9u,5.644
4hpi,8.2049
4aif,5.6379
3vvy,10.8343
4luv,4.7314
4k3h,12.3661
4bt9,7.8596
4kn1,11.6644
4cgj,8.1383
4ieh,11.3693
4ikn,4.5594
4j7e,5.6687
4io6,5.5564
4c1m,8.9576
4aq6,6.9705
4ear,8.9552
3vx3,11.3492
3zp9,6.002
4j8b,5.3055
4as9,9.5748
4kni,7.4816
4knn,4.1036
4ad6,5.4116
4kox,6.4502
4i9s,-10.928
4bqt,8.1626
4klv,9.6924
4j8t,10.5172
4j3l,11.7457
4au7,9.6752
3vw2,9.4951
4j86,5.0166
4jg0,6.6392
4kov,10.6652
4bgx,6.862
4kax,14.4453
4auj,8.0011
4ayu,5.5754
4fz3,5.0275
4f9y,10.6043
4kby,10.2973
4j22,11.4618
4mm5,8.7614
4ih6,8.2719
4gvc,5.416
4ljh,7.2079
4hfz,4.3326
3vzg,4.6353
4k0o,5.9843
4bb9,9.8637
4b3c,4.2473
4b3d,4.7709
4jn2,10.4807
4l4z,7.646
4iuu,4.2806
4ezy,6.2499
4jin,3.4258
3zi8,5.1692
4gs9,8.3388
4i8x,5.7589
4dli,10.0157
4lno,3.5926
4jx9,4.8252
4dzy,7.3362
4jiz,4.9832
4bqh,11.8736
4iur,3.3518
4kmz,10.1762
4fmo,3.2848
4hj2,5.8771
4ba3,6.6316
4nxu,7.5666
4j84,5.4961
4lar,6.8727
4j8r,5.3745
4j7d,9.4947
4j93,8.7392
4luz,8.6836
4del,6.8556
3vw1,8.0918
3vw0,7.886
4nku,8.507
4io7,7.0853
4jv6,9.9925
2ypo,7.5281
4l58,5.2128
4j78,5.8
4i1r,7.4714
4izm,4.4334
3vws,6.1886
4io8,8.9089
4aw8,0.9325
4g8o,5.9606
4g8r,5.8572
4hso,6.7809
4jg1,6.8083
4m1d,10.0723
4io4,5.7256
4c6u,5.5845
4c6v,5.7038
4b3b,6.5803
4mr5,9.1515
4mr6,8.8821
4k3r,5.6215
4jal,7.8619
3vvz,8.5611
4bi7,4.9465
3wb5,7.3577
4gvd,5.0802
4j74,7.5857
4j73,4.9689
4jjm,7.8344
4igk,5.0431
4k3m,5.0283
4ht2,7.6945
4gng,4.9819
4mmf,10.1386
4hu1,7.0964
4hnn,4.8201
4k55,2.3196
4nk9,9.3547
4i9c,6.1001
4f6s,8.7622
4efk,2.4839
4ifi,4.3365
3zdv,8.2593
4jfm,6.8251
4gne,5.7835
3zln,13.5609
4j77,5.1517
4n7j,7.3807
4n7m,7.8766
4ddm,4.723
4gw5,7.2265
4kot,10.6407
4ksy,16.1564
4b60,7.2644
4kmd,10.1512
4nxv,8.0046
4fgt,1.9926
4igq,-4.2353
4g93,6.5138
4hs6,5.4938
4j81,5.484
4nka,7.48
4i7p,3.6886
4mme,9.2949
4jfe,10.0097
4avs,4.2011
4eoy,5.3959
4bh4,6.9466
4l6t,10.2393
4kp8,5.4323
4azi,10.4419
2lyb,1.767
3wb4,6.4361
4k3o,5.8112
4jfx,7.6657
2m0u,4.6894
4jfd,10.94
4ge1,5.9468
4k67,5.6823
4jpy,7.1891
4kcx,7.2879
4mnq,12.213
3zm9,9.1458
4j21,12.8215
4jvb,12.9287
2ypp,7.1017
4b8o,7.2122
4btm,8.2594
4ej8,3.7228
2m0o,2.3309
4kod,7.9792
4jck,6.7268
4lkf,4.3056
4lke,5.965
4k19,8.4894
4b9h,13.403
4lkd,4.6745
4jwk,4.4943
4ipi,5.133
4ipn,6.8967
4kn0,12.1581
4hfp,8.5867
4gw1,8.9811
4mm4,9.2632
4gu9,6.39
4j82,5.1837
4gu6,9.2415
4nbn,10.6937
4gnf,4.7123
4cc2,7.7164
4cc7,6.3962
4ayq,9.0916
4ijh,7.3128
4i7j,5.3835
4kow,11.0769
4bea,4.3867
4dx9,3.6069
4bj8,7.6306
4ddk,5.997
4e70,7.1703
4gxl,5.4714
4lp6,6.9066
2lsv,3.4148
4l1u,4.6621
4j2c,4.438
4idn,14.3177
4f7j,9.1934
4kfq,7.4119
4hmq,7.0841
4gue,13.7317
4ih7,8.1976
4jc1,6.763
4kn2,10.3706
4k66,5.0474
4ib5,6.532
4k0u,4.162
4azb,9.3091
4luo,4.0915
4hiq,6.5495
4jr0,6.4975
4ezr,6.6348
4ezq,7.8
4lk6,5.0165
3vfq,9.8799
4ezz,6.8379
4k5y,8.2838
4n5d,5.111
4gny,5.4222
4k63,3.1083
4jmx,-0.8559
4ht6,7.1969
4igr,6.6838
4j8g,2.2265
2lya,1.9339
4nra,6.7687
4nks,7.7447
4jkw,4.1105
4jpx,8.0831
4h85,4.9221
4ejl,4.517
4ezt,6.7469
4h81,6.5968
4b6u,4.2905
4cdr,6.9982
4c1t,12.7134
4lw1,5.738
4jfz,5.9254
2mc1,-1.1957
4cc3,7.0088
4i7m,5.3769
4cgi,7.6013
4ayp,11.4382
2lto,1.5871
3wdd,6.2222
4kzq,11.5239
4ih5,7.0883
4azg,8.1113
4loo,10.7367
4ly9,12.8412
4his,8.5947
4h7q,4.6682
4c94,6.52
4c1u,13.6291
4ghi,9.9546
4kp5,7.3509
2m41,7.3615
4h3q,2.6502
4iho,8.5751
4jym,6.2795
4lk7,7.6943
4io5,5.17
4np9,3.1913
4mz6,5.1254
2m3m,4.413
4btb,7.9461
4i7k,5.7916
3vfj,4.1559
4kab,3.5412
3ueo,5.2114
3w0l,5.2691
4k8a,5.2078
4l51,7.5982
4ayr,7.2273
3zjc,9.5459
4k1b,10.4385
4gbd,8.5273
4gih,8.7095
4kb9,0.4878
4fp1,3.2704
4gmy,8.007
4jk5,9.2887
4fxy,12.7241
4ijq,7.1001
4gd6,-5.5576
4hw2,9.2931
4lmn,11.2846
4jk6,8.8896
4gfm,9.3616
4gs6,5.5278
4hra,9.8298
4bny,9.4687
4hvb,7.8136
4bcm,6.4143
4imz,3.0173
4bco,9.1707
2yol,6.7712
3zcz,-0.3755
4ew3,7.9683
4hgc,8.2166
4ivc,10.2225
4m1j,5.4797
4isu,6.6496
4ew2,7.9566
4gfo,8.3633
4gql,10.5523
4gr0,10.7751
4btx,9.7747
4hw3,9.6284
4da5,7.2648
4ivd,9.9046
4ca5,12.8614
4bt4,3.2713
4ks2,8.1514
4hev,7.877
4jfw,5.4397
4mss,7.8516
4jfv,5.646
3v0p,10.629
4inh,2.3424
4hnc,5.7749
4jia,10.3081
4m0e,13.704
4mdn,11.5335
3zmm,8.0737
4bt3,4.3271
4mf1,7.5136
4eos,8.1637
4eol,8.6853
4eon,9.2897
4eoi,8.5334
4eop,6.8383
4az6,10.4894
4hws,13.044
4jh0,6.2222
4baq,10.4424
4i72,11.1745
4hxz,6.6774
4bps,7.581
4bam,11.2805
4k18,9.885
4heg,3.8318
4bak,10.4509
4hz5,7.6359
4kyh,6.6951
4mdq,6.8782
4gpl,7.5131
4iu0,8.8388
4gj3,9.1181
4i5c,10.1511
4ks1,8.4409
4f3c,9.6073
4imq,-0.6989
4bt5,3.3196
4m0f,14.1054
4j45,5.5876
4j44,5.6819
4gii,8.6372
4ish,13.6179
4ivb,10.9416
3zcl,11.0557
4mo8,4.9014
3zn0,5.5498
4in9,7.7509
4k5o,5.562
4jjf,9.8597
4jyu,11.3237
4bxk,8.964
4f9w,12.1646
4bcj,6.7723
4k3n,5.8479
2yoh,10.6175
4jsa,5.1024
4k5l,4.7257
4j47,5.592
4i8w,7.4418
4k5n,6.5058
4bcn,7.0193
4j5p,-12.5152
4ele,7.0183
4ks5,6.0755
4mjp,7.217
3wjw,11.313
4axm,1.2805
4gr8,9.555
4ivk,0.5062
4iic,6.1396
4gr3,8.8257
4eb8,9.4456
4m48,9.2777
4k0y,11.2098
4n6z,8.6564
4hla,8.6957
4hwp,12.5322
4c6x,6.9844
4jyv,7.8659
4jfi,8.4977
4ca6,12.3369
4hwr,9.6796
4i71,12.1263
3zmz,6.1033
4kyk,7.632
4i73,9.5961
4i74,-4.6585
4k5m,4.3092
4mjq,6.1547
4n70,11.9805
4bah,10.5855
4j28,7.2156
4jfj,-3.9016
4kp0,6.5749
4j48,4.6453
4ban,10.8416
4iid,6.6287
4gj2,9.3458
3vtr,7.5324
4kww,6.7094
4hwo,12.4527
4mm6,7.7177
4mm9,7.3989
4ca8,10.9298
4n99,5.5469
3zpr,7.1181
4bch,6.6898
4hzm,7.2317
4i80,6.898
4mm7,8.2324
4k77,8.5052
4lch,11.8903
4bds,8.8858
2yof,4.8517
4j03,7.7178
4amw,3.2697
3zmt,6.4
4n98,5.4542
4mjr,4.9067
3zn1,6.7552
4hy1,10.6158
4hxw,10.1388
4jjg,7.8987
4k6z,8.8799
4bs0,6.6092
3v0l,11.4149
3zpt,12.066
4hdf,3.1722
4m2r,5.5807
4he9,-4.9935
4jft,6.6774
4j26,3.6313
4hdp,11.2232
4c70,7.4954
4lh3,5.1765
4lpf,0.8751
4kzu,11.8626
2yog,9.3499
4ccd,-17.9313
4bvb,10.8892
4h42,4.7879
4k5p,4.9334
4c6z,7.4308
3znr,10.0571
4m2v,5.7625
4c71,5.7968
3zns,10.1105
4bao,10.4308
3zpu,12.183
4iie,3.0489
4giu,10.4583
4bbg,8.9165
4ks3,5.8989
4ca7,12.9708
4lvt,11.5411
3zdh,5.9415
3zmu,6.428
4bck,6.4928
4ij1,8.5142
3zps,8.9057
4elb,9.6228
4f2w,9.7715
4j46,6.7441
4mfe,4.1585
4jfs,6.7876
4jsz,3.9609
4eor,9.385
4jss,2.5372
4iwz,7.2916
4m2w,6.1145
3zmv,6.4642
4bcp,7.518
4lh2,5.018
4iq6,8.1411
4lxd,11.4282
4gfn,9.6118
4lko,6.7313
4amx,-16.7287
3w37,10.2965
4iif,7.145
4gkm,7.8298
4elg,12.2574
4bqs,8.1072
4n9a,5.1974
3zpq,7.6919
4iva,10.0017
4f3k,9.8663
3zbx,12.165
4bci,7.1149
4hym,7.2281
4lrr,4.1848
4isi,10.351
4gly,10.2239
4ks4,6.6052
3zc5,12.8626
4kx8,5.8523
4kxb,8.6204
2lwi,-0.516
4mm8,7.5379
3zdg,5.1846
4bcf,6.689
4bcg,7.6803
4n5t,6.6025
4elh,11.1776
4c72,8.1166
4mf0,9.6625
4hdb,-4.0866
4i8z,8.398
4kvm,7.4283
4eok,7.9041
4m2u,6.7772
4elf,12.0908
4mma,8.8477
4n6y,9.2149
4jhz,6.6089
4kql,13.0889
4o12,8.8884
4c61,7.7285
4mqu,12.8215
4mha,6.5616
4jps,10.8878
4l4l,14.7472
4lwu,12.3891
4d0x,10.0022
4ncg,12.3802
4mzs,3.3926
4n9e,13.4812
3wcb,4.7428
4n9d,13.3247
4l4m,11.7472
4u45,8.1795
4n8e,9.6372
4d1s,10.9566
4lwi,11.281
4lwh,11.7211
4d0w,10.2801
4k2g,10.3059
4nld,9.7209
4nw5,10.0933
4tw9,9.3318
4tyt,2.9391
4oon,-3.8896
4j3j,7.5844
4kwp,7.4078
4d2v,8.4893
4wwo,9.6704
4twc,11.5727
4nxs,3.0917
4knb,10.2187
4k2f,9.9259
4oty,8.4429
4whh,7.3462
3wcf,5.5364
4o0z,12.1783
4cl9,10.2237
4kpx,13.0753
4pis,3.6529
4c1e,6.2059
4o10,13.7433
4lwe,10.731
4mro,12.0173
3wch,4.8063
4piq,3.8296
4j1p,9.6017
4oas,8.9359
4pzw,11.6485
4op1,11.7978
4tn2,9.698
4wwp,10.1728
4uvc,15.6303
4o76,7.8367
4tkg,15.416
3wcg,5.23
4nzm,6.6655
4ool,-2.4579
4cku,8.0002
4ow0,10.2251
4w9s,7.5782
4wlb,9.5297
4ode,10.7006
4odf,9.5106
4ogn,11.3784
4ogt,9.9275
4phw,11.2435
4o1l,10.2142
4q6r,10.7058
4cc6,9.0521
4pnk,9.0915
3wcl,3.7882
4mzo,2.8864
3wci,4.6672
4tkf,12.6793
4clb,9.8337
4o9s,12.3167
3wt5,10.7063
4ps5,8.3315
4pl3,-14.5202
4mib,12.2513
4q1n,9.2652
4m7b,10.0856
4mex,8.8616
4u5t,2.425
3wym,10.6351
4uv8,16.9745
4tjy,9.6969
3zmq,-0.3856
4oya,10.2269
4cik,6.4512
4m8t,-4.9467
4o1b,12.1126
4pvt,2.4701
4m3b,10.3618
4whl,7.0228
4u79,10.3984
4tki,8.4982
4cqg,10.0281
4nzn,6.8844
4psq,8.7227
4pnr,9.6426
4lq3,6.4293
4okg,11.7988
4bg1,6.0179
4ovz,10.2506
4pvo,4.37
4oba,7.9438
4c7t,8.5655
4uyh,9.2179
4qt0,6.3281
4wj5,10.007
3wnt,-4.4901
3wnr,-4.605
4m3g,10.049
4m3e,9.2252
4pjt,13.3639
4oq5,10.7618
4bgm,5.2599
4lp9,9.9701
4jvq,9.8368
4olc,-2.8888
4umu,10.4428
4c68,8.2216
4uzd,8.678
4j5b,8.966
4umt,11.4316
4l7d,11.4937
4cxw,7.5892
4pni,10.4506
4qn7,7.6729
4pv0,9.236
4wwn,9.5831
4nau,9.3336
4o4r,4.1428
4n1t,7.8548
4tjw,11.431
4uv9,16.0269
4m3m,3.4826
4w7t,10.4467
4urk,10.1211
4d2t,7.175
4o72,12.7678
4pzx,9.9092
4op2,12.7729
3wns,-7.6248
4j5d,11.0553
4n1b,10.9599
4p0w,0.0061
4hrc,-3.0645
4p0v,-5.7207
4p0x,0.0142
4qye,9.3864
4ux6,6.1588
3wke,11.9546
4cli,12.4886
4lqg,8.9826
4qyh,9.8081
3wgw,5.1083
4msu,10.3926
3wyl,8.0955
4bis,7.503
4j59,10.7882
4nak,7.9727
4pnm,8.9464
4hrd,-4.0544
4k9g,7.3476
4pnt,8.7589
4u03,9.6164
4u0m,9.7118
4u0n,2.7042
4oyb,8.3142
4uva,16.4604
3wt7,11.6432
4d09,9.7893
4j3i,1.431
4knr,11.5808
4nhx,4.317
4obz,6.738
4c1c,-4.0971
4bpj,4.6859
4nrt,7.8857
4rfy,14.2498
4ckr,12.2529
4qtd,12.8525
4d08,10.6407
4o2e,9.6101
4qg7,10.2796
4lv4,5.2176
4o7c,9.7328
4p74,9.0632
4pnq,8.6176
4waf,9.3806
4j5e,8.4318
4cxy,4.8994
4n8d,9.0397
4og7,8.7167
4nru,8.7897
4pp7,9.9731
4oym,7.6729
4pl5,-13.8191
4ot6,8.0036
4na4,11.3258
3wk7,5.6869
4p6e,9.1403
3wv2,10.3223
4qga,11.3557
4l7o,10.9097
4u93,14.8225
4o7f,9.0457
4l7n,9.8426
4pkt,9.6747
4w9q,-9.9673
4o91,12.3449
4u6r,12.9877
4lq9,7.6557
4ok6,6.7352
4pkr,9.1754
4pks,8.8055
4m7x,9.0286
4lm5,8.5789
4c8r,3.6927
4q9s,7.5759
3we4,10.0158
4no9,-4.4426
4o13,13.9787
3wk5,5.0522
4jln,8.1672
4umr,7.8196
4hnp,1.6605
4p7e,10.9042
4l23,8.2378
3wkd,7.9917
4md6,8.5074
4obp,9.4903
4oho,11.3276
4i9z,7.927
4cfm,7.3333
4ph4,8.7756
4o71,11.1215
4kpz,7.4373
3wkc,6.5179
4og6,9.2034
4nan,7.0262
4o70,7.942
4o7a,8.3798
4oyi,8.3186
4wh9,6.8775
4o6e,10.8308
4qgg,10.5158
4qgh,11.1655
4rio,7.985
4uwk,9.7196
4l7l,8.7019
4occ,8.2311
4cxx,7.2567
4d2p,9.9252
4p0n,10.1575
4l70,10.0094
4l7u,7.9195
4nal,2.963
4l7b,11.8449
4nhy,6.2774
4tpm,9.4467
4txe,9.183
4qlt,-2.6204
4o77,8.3373
4tpp,11.1826
4tx6,7.2707
4tk0,7.3226
4u5j,7.1723
4x7i,10.6485
4pyv,8.216
4o4k,5.7663
3wf7,9.3193
4mx1,6.8354
4o7b,9.5804
4uy1,7.073
3ws8,9.1577
4rrs,11.7884
4o75,4.8213
4pkw,6.9067
4jlm,7.4836
4jvj,8.1718
4p73,10.6711
4c1f,3.2741
4k6v,10.0379
4cfv,8.5973
3wf8,11.606
4nw7,10.4243
3wyk,8.9442
4bfr,10.1478
4lng,8.7652
4nnw,-9.9472
3w8o,16.9576
3wv3,10.4494
4o1d,10.2155
4pid,-2.5218
4nrp,4.1509
4muk,8.282
4bzr,10.0813
4o74,8.5558
4otg,14.153
4rro,12.193
4nnn,2.9145
4lnb,6.3525
4no1,5.0623
4ohm,12.4014
4mx5,7.5939
4oz3,7.5115
4o28,11.6851
3wka,7.7119
4nwk,10.2053
4o15,14.0912
4rce,12.0106
4j5c,1.8263
4pnl,8.387
4ctj,3.0551
4uvb,17.0633
4knx,11.6478
4jpa,10.2951
4nvq,8.4889
4c5w,5.6106
4oq6,5.9405
4osf,-3.1987
4tju,11.2773
4cqe,12.8456
4p2t,8.7454
4pnc,1.8124
4lwt,8.1277
4m3d,11.5812
4pku,9.6436
4og5,8.7184
4ngh,4.2023
4d2w,9.3486
4ok5,7.524
4myq,11.4401
4tk5,15.3055
4w7p,9.2824
4mra,6.4529
4n7e,8.4571
4nat,8.6509
3wf6,8.8392
4d2d,3.6046
4bhf,6.1456
4nrq,4.9656
4r6v,7.2004
4npv,6.5976
4ohp,12.0856
4urn,7.2297
4ov5,7.497
4qls,-1.9842
4wsk,-14.6316
4o2f,8.8668
4oar,10.9961
4pl0,10.983
4qtc,12.905
4l2x,11.0905
4qsm,6.5383
4r02,3.9763
4tlr,10.605
4uwh,10.4125
4wcu,8.676
4p1r,10.87
4qyg,11.1601
4umq,7.3273
4oow,3.6401
4rcp,7.7688
4c1d,5.1964
4pyq,2.8769
4k6w,10.4623
4wgi,11.0435
4o78,9.6991
4m7y,9.0183
4qag,5.1549
4csj,12.0743
4m3f,9.2904
4rfz,14.9869
4oti,8.5036
4clz,9.0168
4qqc,3.8586
4pm0,7.7301
4wsj,0.8387
4nk3,-7.6107
4nhc,3.4937
4mao,2.5364
4rrn,12.995
4nah,7.8851
3wk8,6.9969
4nw6,11.7899
4px6,11.4678
4ra5,11.3308
4rcf,15.1556
4uyn,9.6422
4n1u,9.6992
4wn1,8.8107
4u0g,6.9424
4l1a,4.2063
4pl4,-15.5779
4pkv,9.5084
4o7e,8.4382
4mh7,5.269
4url,3.2281
4ojq,5.4115
4rg0,13.3544
4cqf,3.8875
4o5g,5.3543
4o43,6.2839
4o24,7.41
4pf3,11.8454
4bgk,5.3069
4w9n,9.0359
4lmu,10.3681
4q9z,9.5168
4to8,5.2938
3wf9,12.2819
4og8,8.8192
4od9,9.5741
4kcg,7.3264
4nus,10.0452
4ohk,9.684
4olh,13.3669
4qo4,9.9038
4wki,8.0517
4nuf,4.3015
2mlm,1.1403
3wk6,6.5832
4mk0,9.8008
4qlq,-1.8346
4mxc,11.6052
4lte,7.4551
3wkb,7.2018
4nrm,3.7877
4wz8,13.3197
4wbo,7.8853
4p90,8.8252
4py1,7.6862
4obq,9.1376
4q1s,-0.0333
4bpi,4.2834
4fc0,11.1672
4qgf,10.4195
3whw,5.0579
4lwv,8.0542
4u0i,11.5945
4pce,8.2728
4c1g,1.716
3wk4,7.3133
4l7c,11.4694
4pci,8.9928
4p6g,8.8078
4puz,8.506
4no8,3.0821
3wk9,5.9543
4ok3,6.7307
4jlj,7.326
4wk7,7.9323
4r5n,11.8666
4rj6,7.7508
4ia0,7.5534
4obo,8.5351
4no6,2.7429
4uyd,6.5882
4lxb,10.4003
4ona,9.5944
4op3,11.3399
4uwf,9.8087
4uwg,7.7456
4qlu,-3.7368
4twd,7.3554
4cfx,7.2491
4c1h,-1.6322
4p75,8.0268
3wf5,9.5342
4p72,8.4364
4u6y,7.0013
4v25,9.2559
4oc6,11.428
4nwm,14.2618
4oq3,9.1057
4p10,8.0332
4u44,8.4118
4ogv,7.237
4n00,12.3764
4rlk,12.5404
4rll,10.1193
4l7r,8.4687
4bhi,4.9621
3ws9,8.5574
4tpt,10.365
4rj3,9.5947
4mw9,8.1788
4uzh,8.5522
4pmt,8.9015
4oth,11.5952
4urm,10.6452
4nb3,3.8633
4qyy,11.9874
4mo4,6.7664
4w97,12.2551
4ncm,7.719
4cg8,9.9326
4po0,7.3551
4u0e,11.1312
4wm9,-9.8722
4u0s,10.027
4nzo,4.7455
4oyk,3.7584
4o0a,10.2145
4usj,4.5254
4txc,9.8535
4q3s,9.3619
4qnb,9.7813
4uu8,5.7131
4qab,9.9906
4v05,9.7542
4m13,11.7757
4m14,7.3731
4tzm,6.9942
4mg8,12.1354
4pvv,8.0975
4q0a,11.3382
4q3t,3.7963
4psx,3.8976
4m0y,7.8548
4q3u,5.9377
4qaa,6.2395
4d3h,16.7011
4c1w,5.8015
4tzn,5.931
4tzq,7.3264
4qnu,8.6449
4mg7,9.8625
4nbl,9.7569
3wha,11.9224
4mgc,8.0318
4qac,10.9425
4cga,9.7668
4o3u,6.9488
4p00,12.6415
4p02,12.7427
4lj5,9.1027
4n84,6.6466
4n7u,2.6158
2mkr,1.6612
4r4i,7.4041
4n7y,6.3607
4r4t,8.9876
4np3,7.0644
4oag,8.9332
4pow,8.3598
4cg9,9.641
4q6e,6.9535
3w9r,9.7293
4pfu,11.5673
4ktu,12.9492
4kxl,11.0444
4msl,6.3575
4utr,4.6797
4utn,4.5526
4m7j,10.2574
2mg5,4.1114
4uu7,4.7386
4oo9,11.5287
4pxf,2.606
4kxn,9.3703
4ocp,11.1914
4pd8,8.3222
4qxr,9.3959
2mwp,2.8889
4m12,11.1488
4qfs,7.3439
2mow,3.7204
4l3o,6.5326
4p3h,8.8052
4qh7,7.6022
4mrg,6.6079
4cki,8.9448
4csd,6.9557
4onf,7.3571
4rdn,7.6934
4u0f,9.1929
4cfl,9.6448
4mga,6.3477
4ouj,6.9723
4psh,6.8263
2mpm,2.1936
4q3q,8.0798
4tkn,4.1502
4wk1,14.6905
4qdk,10.4889
4rww,17.9079
4oys,9.9433
4u0u,8.0673
4jmg,8.838
4lj8,9.7312
4r4o,6.6167
4rqk,7.0523
4oee,6.1564
4mn3,8.7091
4lbo,5.8281
4q9o,11.5775
4ndu,7.2251
4d1d,8.0156
4o2a,9.6695
4qq4,5.7604
4qxq,9.5266
4tv3,8.534
3wp0,3.757
4qc1,4.8938
4c3k,5.5382
4ozl,10.4177
4ibc,7.1017
4ibg,8.2444
4nj9,8.3103
4qsu,4.3857
4qsv,5.1564
4o2c,9.8929
4poh,11.1187
4oi6,4.1553
4c16,8.4045
4nmv,5.0261
4mrf,4.3317
4nms,4.6275
4p4s,11.9681
4qht,10.6393
4rpn,6.0846
4ce3,9.3883
4q4s,10.3537
4wk2,5.7836
4kva,11.9184
4k10,5.0933
4r7m,7.3758
4lbl,7.4391
4phu,8.574
4mrh,5.1714
4qh8,6.754
4u4s,6.3144
4pd7,6.8103
4pz5,3.4737
4n9c,5.9134
4q0k,12.0559
4nl1,4.3463
4prb,9.3028
4wvl,8.4412
4k43,5.6415
4rvr,7.7395
4nbk,8.8215
4pd5,7.5035
4m8e,11.6325
4l9i,7.6001
4pnu,6.6645
4pgh,6.9893
4wj7,6.2238
3wp1,3.2937
4nmt,5.2834
4ckj,7.8763
4m5j,8.104
4kif,3.226
4uof,7.6366
4nmo,5.3885
4w50,7.6006
4qtn,9.1791
4ce2,8.0026
4pul,9.477
4kv9,11.3852
4pg3,10.4923
4qlv,-2.8977
4ovh,5.4364
4o4y,8.1588
4k7i,4.0087
4mmm,6.6705
4pb1,6.5836
4ci3,8.5916
4pp3,11.9689
4uxq,13.3248
4q4q,9.2714
4ogj,7.5349
4qem,6.1469
4lzs,7.8688
4pb2,7.8287
4lov,7.2882
4oef,5.8809
4k8o,6.1166
4muv,14.072
4tu4,7.6067
4ci2,8.6221
4j09,7.5373
4uoh,9.1594
4m5l,9.5349
4pre,10.0923
4cy1,6.3928
4mp7,8.8979
4pum,9.4645
4qsx,5.3884
4pp5,11.5818
4m5m,6.2889
4mmp,11.0624
4tk1,4.6715
4tk2,4.2819
4d1a,6.6616
4usw,5.151
4pzv,12.1677
4mg9,4.629
4ncn,13.3828
4u7t,4.0534
4jmh,8.2743
4c52,8.8672
4n7g,5.7496
4prn,9.4377
4pr5,10.1905
4pra,9.8072
4prp,13.0403
3wig,11.17
3zev,8.015
4pft,12.336
4mg6,6.7132
4nrl,5.5826
4my6,11.7226
4q6f,5.4343
4up5,3.6361
4qf7,5.4781
4kxm,7.5664
4o3f,7.674
4uwl,8.8285
4ll3,3.9341
4qij,12.8093
4r4c,9.7912
4mgd,8.3252
4tpw,5.5288
4mue,10.2898
4tte,6.5126
2mwo,3.4264
4lzr,8.3616
4oru,5.1082
4ibd,8.1624
4cig,8.254
4lnp,6.7791
4v27,8.2
4qsw,6.4664
4rpo,6.8946
4oeu,1.6575
4ofl,2.9383
4qev,8.2212
4tt2,4.5188
4lyw,7.5893
4mpn,9.1318
4myh,0.4417
4psb,12.0318
4ocq,8.3456
4oz1,6.745
4ln2,5.209
4nrk,5.1654
4prd,9.3529
4prh,13.6458
4qk4,5.922
4c1y,4.7693
4cjq,7.7592
4m8h,11.443
4uyf,11.5346
4uyg,10.6641
4qbm,5.8009
4ck3,6.4445
4cu7,6.6897
4ibb,6.9
4lbu,11.7868
4nym,6.8917
4nvp,11.1971
4pmm,12.6196
4k42,4.3739
4og3,7.8191
4leq,11.8069
4uac,14.0766
4myd,8.3072
4orx,4.7243
4ory,4.6359
4nmr,3.971
4qer,7.9717
4ruu,-9.4868
4m5h,8.0895
4d1c,7.0213
4pio,5.7738
4qqi,4.517
4qxo,10.3653
4nni,1.8218
4tq3,7.5681
4n7h,4.5245
4pf5,6.8932
4qfg,7.237
4n6g,6.5099
4mgb,8.4179
4tmp,5.5397
4tun,-0.1904
4w4z,6.9372
4trc,4.8325
4qf8,2.6477
4nmq,4.7587
4nyj,5.5455
4w9w,7.5875
4k7n,5.0926
4oks,8.283
4q4o,10.5586
4mq6,8.7105
4jzb,12.0771
4puj,10.8239
4g2r,9.9923
4tz2,6.6271
4mp2,5.1647
4or0,8.0551
4ibf,5.8922
4q4r,9.6718
4d1b,6.5203
4pd6,7.5988
4ogi,8.8984
4qgd,4.6177
4usi,4.9175
4wt2,11.663
4cc5,6.2503
4p5z,11.8039
4w9x,9.5677
3wgg,12.2317
4pp0,8.1577
4je7,6.588
4qpl,10.066
4o6w,7.6116
4c5d,9.7846
4nyt,1.2497
4mg5,6.2009
4us3,9.6592
4us4,9.2367
4mdr,4.6087
4q4p,9.5964
2mov,1.0306
4rrv,6.7722
4p4t,11.7295
4ce1,9.7439
4mpe,8.6547
4mrd,5.8519
4q6d,7.4645
4r91,11.2661
4cj4,8.0127
4o36,4.9998
4o3t,6.267
4mnp,11.5484
4mzf,6.182
4muf,10.1479
4lys,6.2826
4ibj,9.2247
4pd9,7.6638
4cjp,6.7991
4d1j,7.6389
4c9x,8.5108
4u43,6.6021
4ny3,5.1294
4nyf,8.2841
4u0c,8.4342
4u0d,7.2967
4m3p,4.0224
4ozj,11.3576
4ozn,9.9559
4pin,6.0209
4pov,8.9513
4n9b,7.3505
4r6w,11.1477
4r6x,9.6417
4np2,5.5305
4non,6.9876
4utx,4.5936
4uua,5.0595
3wqw,10.1829
4m5k,8.8492
4ibk,8.6633
4tz8,5.4931
4k7o,4.1398
4o61,4.4037
4u0b,6.469
4u0a,6.5717
4puk,10.7921
4r1e,6.3245
4clp,3.762
4lpg,4.1412
4ua8,13.637
4wiv,9.6536
4nnr,9.5209
2mji,2.2752
3wqm,10.2916
4w5j,18.9004
4u0x,3.717
4led,4.7888
4r5g,6.0374
3wqv,10.1287
4mre,5.0214
2mnz,1.16
4m0z,11.2356
4qok,10.5021
4ono,7.5739
4m5i,8.7203
4kp4,11.063
4nja,8.4976
4tyl,5.7258
4je8,5.99
4mul,10.6852
4pda,7.9895
4umn,14.0998
4ca4,4.5557
4mzh,4.7857
4q9m,11.3918
4o9w,5.7009
4o37,5.3936
4buq,5.7043
4pop,8.6392
4qfr,9.9193
4m5n,5.5967
4v04,-12.0304
4v01,12.8003
4pms,13.5617
4wht,7.256
4why,7.6761
4ibe,7.1332
4mpc,8.637
4k6u,7.8927
4ibi,9.2875
4d1y,6.242
4whs,4.2122
4whq,4.1286
4whr,4.393
4k6t,7.9613
4c9w,2.0403
4cjr,7.5492
4wf2,10.7244
4utv,6.1611
4r4q,8.5024
4ock,11.8952
4ocv,8.9448
4od7,6.7965
4um9,3.8063
4j7i,6.829
4qkd,4.2095
4qjr,6.3231
4mji,9.6331
4nyi,8.1408
4qew,8.956
4csy,6.1555
4qzs,10.2137
4cs9,4.3899
4poj,11.8844
4wke,8.2057
4rn6,7.2569
4qsk,3.5188
4qsh,8.7422
4tk3,6.0471
4tk4,5.0985
4oeg,5.4106
4jaz,7.198
4lph,5.9702
4uye,8.4256
4m5g,8.1704
4u4x,6.8293
4o62,5.0716
4nmp,5.5118
4pri,13.1494
4ql1,11.9742
4og4,9.114
4wym,6.1646
4tsz,6.53
4wmc,-9.8379
4oct,1.3176
4pnw,5.2687
4rqv,7.353
4cwr,13.2889
4cws,12.0141
4lv2,5.1541
4qbb,2.8748
4r6t,7.0437
4ngm,11.2495
4jyt,8.3374
4jzi,8.6776
4len,6.4101
4lv1,6.2354
4m8x,2.7607
4kz4,5.9521
4cwq,13.6173
4tyo,7.6924
4m8y,3.7875
4mhz,4.1136
4nue,8.5156
4qy3,7.101
4wkv,5.5016
4cwp,12.5447
4cwt,12.8332
4ppb,9.0243
4na7,9.7044
4os2,9.1106
3zj6,10.1413
4jit,6.3309
4lsj,11.7467
4cd6,6.6079
4mc6,7.712
4kza,6.2239
4cd0,9.9322
4jz1,10.3821
3wmc,5.4928
4mhy,5.6439
4mc9,9.8346
4os6,9.0455
4ty7,12.4251
4lhm,7.9293
4j3u,14.6925
4wkt,-13.3367
4qge,10.043
4ob2,-0.8048
4ob1,2.8762
4r8y,10.1775
4mlx,3.1112
4ocz,9.5525
4mse,8.3615
4o04,13.0498
4clj,12.7906
4n1z,4.5278
4p6w,11.9028
4pqn,8.9795
4r5v,9.6541
4o3b,6.3616
4cmo,9.0432
4kz6,6.1651
4ppa,9.8002
4l19,8.7
4r5t,9.3647
4od0,9.14
4nuc,7.8281
4ppc,8.5114
4r3w,7.0921
4kwg,3.7771
4msc,8.7132
4lkt,4.7846
4cd8,7.3969
4kzb,6.2102
4mlt,2.3414
4na8,12.7238
4oyt,7.9723
4p5d,12.9181
4kz8,4.3772
4mnw,7.8754
4nwc,6.879
4kz3,7.2675
4mbf,-6.3353
4m6u,3.04
4o2b,11.0298
4mny,10.6764
4mqp,11.0452
4oc4,11.7519
4owm,5.1625
4o9v,10.3406
4civ,6.235
4mnv,-0.8836
4joj,5.1284
4qir,7.9887
4r59,7.033
4cd1,5.4204
4lm3,5.8431
4qgi,12.9205
3zj8,6.862
4quo,8.0165
4os4,9.1863
4llx,5.6722
4n4s,12.2327
4k6y,5.5141
3wq5,10.703
4kiu,8.9566
4ozo,5.1468
4mc1,8.6581
4o44,9.5643
4pcs,7.3692
4r76,8.5915
4r95,11.0066
4rak,13.0824
4ciw,8.6581
4ih3,1.0833
4keq,5.9368
4kwf,8.0607
4k78,4.7997
4omc,8.9157
4r93,11.6332
4rj4,7.902
4w9p,10.5813
4llp,3.012
4uub,4.8939
4mnx,9.1158
4obv,6.1477
4cpx,11.8954
4nga,11.0828
4rj8,7.9309
4w9o,10.0918
4r5b,6.9596
4cae,13.2841
4cpq,8.6025
4jxs,7.3098
4jog,4.3175
4cd5,10.8098
4jxw,6.2202
4c2v,7.7743
4ps8,8.2195
4q1c,8.1227
4wku,4.3089
4jls,7.691
4bf1,8.5117
4o3a,6.7549
4os1,9.0667
4tw8,7.7402
4cwn,11.5037
4tpk,10.0013
2yne,12.5362
4p5e,-5.6484
4pqa,4.626
4o0t,9.0495
4cpz,8.1696
4ovg,5.7199
4cpt,11.9008
4o09,12.96
4q93,7.9502
4rj7,8.4387
4os5,8.8856
4g95,9.6122
4os7,9.2448
4oc1,8.6454
4p58,6.786
4cd4,10.9061
4tw7,9.4201
3wq6,11.0319
4ciy,9.0522
4joe,5.1237
4ngr,10.2618
4cpu,10.9161
4wks,-14.4856
4ps3,7.5997
4r5a,8.4144
4kz7,7.9212
4lv3,5.8826
4o0v,9.3655
4mvn,-8.234
4nwd,7.1993
4uma,4.9385
4mrz,5.7941
4qme,7.7303
4ty6,11.1782
4cpw,11.3145
4oc0,9.5603
4jxv,4.5476
4cwf,9.037
2ynd,10.0682
4cu8,6.326
4q2k,5.1559
4cix,10.3667
4owo,5.8572
4kwo,11.8341
4cpr,6.2336
4umc,5.0856
4o0r,7.1961
4nh9,10.5692
4mi9,11.2409
4o05,13.6714
4ou3,8.6462
4llj,6.5084
4n8q,5.0571
4p7s,-1.0971
4p7m,5.1823
4ps7,8.7816
4r92,10.8073
4nh8,12.3365
4o97,8.7469
4cnh,7.8121
3wmb,6.1569
4v24,12.08
4bf6,6.4184
4k76,5.4819
4pee,7.8716
4mic,10.047
4ms0,5.3939
4na9,11.8749
4o07,14.6661
4ntj,10.3439
4pp9,8.9416
4joh,5.5141
4lkq,4.4634
4owv,4.6762
4mi6,12.4295
4cpy,7.7426
4nh7,13.1999
4ual,10.1961
4ob0,0.8646
4mhs,12.1316
4oc3,11.4749
4oc2,11.17
4cps,9.7995
4r5x,9.0754
4u8w,-2.4033
4msa,6.328
4mrw,4.1869
4kij,10.1587
4nq6,2.393
4itp,6.3798
4k75,5.5167
4lm0,4.6773
4oak,3.7518
4lm1,6.1807
4o0b,14.4815
4cwo,10.7325
4m0r,9.9915
4mc2,9.5401
4q1e,7.0289
4o0y,9.3038
4own,5.761
4tw6,9.0855
4rj5,6.9528
4o0x,11.993
4jof,4.5199
4oma,8.8998
4kup,10.5841
4kiw,9.0464
4cp7,6.5741
4pct,4.7273
4prj,9.4684
4q18,8.0636
4ovf,6.293
4mi3,10.8969
4bzs,9.2412
4caf,12.4155
4ng9,9.9023
4loy,11.6808
4mho,12.6124
4q19,7.1614
4cq0,5.6252
4jok,4.9633
4oc5,12.0971
4qkx,5.1781
4qhp,8.9001
4q1f,9.2258
4lm4,5.7164
4p6x,11.2452
4lm2,6.2934
4msn,5.7785
4omd,8.3686
4llk,6.3939
4umb,5.1859
4o4g,11.113
4wx4,5.5946
5ew3,11.5763
5bvw,10.3369
5bvn,13.0991
4uib,10.2566
4ys7,10.3986
5bpa,12.9231
4unr,12.7804
4zg7,13.9205
4u01,11.1118
3wv1,14.0374
5ak2,11.8122
4qmn,8.2283
4yne,12.136
5am1,11.7339
5bue,10.9694
4xv1,9.9675
4qmy,10.9712
5a3t,7.721
5cs2,6.1971
5d9k,8.4577
4xv2,13.129
5am3,11.5881
5buj,10.5253
5bvo,13.2043
4otf,14.6416
4yl0,8.3476
4ylj,9.3798
5alz,8.7833
4yl3,8.0414
4ryg,9.83
4zyi,10.042
4yqh,9.7976
5bve,12.7948
4qmt,10.6159
5ajx,10.0257
4wt6,9.4458
4xv3,9.6887
5d7r,8.6912
4qmp,9.2252
4x9v,9.2874
4x9r,9.2989
4z1q,10.5452
5ake,11.846
5cte,11.3449
4wsy,8.4395
4qmo,9.3366
5als,9.2245
4pry,5.0532
5ak0,12.7274
5alu,12.3919
5e1e,8.789
4qmv,9.229
4yk5,10.8212
5d9l,7.4593
4zg9,11.2709
5d11,2.7029
4zjr,10.032
4d2s,8.3206
4zga,11.0207
5aae,8.867
4z2i,10.0554
5aaf,9.472
4qpa,7.348
5alg,11.0935
5d12,5.0105
5aag,9.8296
4q4i,6.9868
4rz1,9.331
4wx7,2.0456
5apj,11.6413
4yv2,0.8586
4zpg,12.9925
4ybs,6.7892
4zur,-7.1127
5aep,10.1642
4y6p,8.6118
4nxo,7.2652
4qr5,7.7818
5aph,10.5889
5ct7,12.6515
4qp9,8.8189
5d10,6.7516
4yps,10.7269
5djv,10.6748
4y6m,8.4435
5axq,11.1905
4wag,5.7746
4qmw,10.0074
5ak5,6.9027
5bui,9.9401
5ai5,7.6721
5ajw,10.6084
4wq3,7.8315
4qw4,-0.8073
5am4,11.8746
4y67,8.8502
4qoc,9.322
4yll,11.2878
4zuq,5.0401
4x9w,5.7547
4ybm,13.7899
5d7c,9.5468
5a83,10.3011
5bvd,13.1428
4qo9,10.4782
4xt9,12.1947
5c83,9.1865
4zup,4.3156
5c26,8.8192
5aly,10.2934
4ylk,10.9705
4zpf,12.6637
5bvf,12.2883
4q4e,7.6056
4uia,7.813
4xv9,14.037
4uco,10.5387
4ybt,8.0485
4ymj,8.2055
5alf,7.9107
5aad,7.7124
4yl1,7.2619
4z2g,7.3607
5awj,10.6597
4qmz,8.5058
4zjw,10.4686
4qw3,4.7467
5ai9,8.5345
4unq,7.9792
5alk,7.0096
5akh,9.7778
4qr4,7.2001
4wpf,9.7774
5aln,10.2698
4qmq,11.4252
4py2,8.3839
4zum,7.5095
4qp8,5.5031
5alm,6.5433
4qvl,5.1404
4uit,8.4362
4uns,11.1996
4qps,3.7615
4qws,-1.7944
4yoi,9.0416
4x2i,10.5163
3wyj,10.3784
4wz4,7.5072
4z2j,8.4979
4wnk,13.3961
4zyc,8.9108
4zuo,-6.4638
4wtu,15.7171
4y73,10.7081
4yoj,9.2142
4unn,9.1969
4wzv,8.5604
5fdg,6.7281
4qvm,4.8903
4qw5,-1.7145
4zpe,11.5813
5ctc,10.7958
4qmm,8.6723
4zg6,10.8889
4qt2,12.2288
5ajy,10.2348
4ufz,9.9128
5ey8,8.446
4wrs,12.3747
4xbd,2.4952
4yv9,9.8431
4y2x,8.9739
4qw7,-0.3288
4qwx,-1.764
4qwk,-1.1618
5a0c,11.1247
4wvs,6.59
4qzx,-1.5383
5ajv,9.0313
4wf6,8.2366
4wq2,5.3394
5c84,8.2083
4qwl,-0.7859
4zro,4.0443
5alo,8.0487
5aki,5.9764
4qw1,4.7233
4z1s,10.9217
4ql8,9.8255
4rcd,14.7843
4udb,15.0791
4xg9,8.0681
4yrs,0.5251
4qvp,6.0776
4ya8,7.4737
5axp,10.2957
5f5i,6.2795
4xkx,15.3787
4qwg,-0.3295
4wy6,9.9418
4xub,8.2485
5ald,9.2331
4rvm,9.9205
5ale,6.8534
5bpe,5.3368
4qwr,-1.4392
4ptc,7.1004
5cf8,10.3024
4qxs,9.2106
4uxh,14.3768
5d1u,7.4827
4qxj,-2.0387
5a5r,8.7308
5a5s,10.0649
4ztl,8.4719
5afx,3.6467
5am0,10.313
4qw6,-1.1956
3wzu,-8.241
4qmu,8.0768
4qr3,7.13
4x47,7.3567
4z2l,9.1174
4xs2,8.4068
5a3w,6.5361
4yax,7.0579
4yrt,1.4444
4z2k,6.773
4qwj,-1.7769
4py4,6.6197
4z9l,11.0022
5auy,8.7683
4rss,9.5256
5d1t,8.8649
4yuw,6.4583
5am5,7.7677
4zsp,9.0155
4rxa,7.1966
4yog,6.9665
4wvu,10.2723
4xg8,8.1023
5c4u,15.2679
5c42,10.5156
4u82,9.3843
4rvt,8.312
5c7e,4.1877
5ap5,8.911
5ap1,9.0509
4uxb,8.4753
4rs0,7.4016
4zlz,10.9606
5a5p,5.7723
4w4x,12.0493
4u2y,9.5759
5c7f,3.1553
4twy,3.0752
4ykn,8.0482
4xsx,8.1965
4zh2,7.5249
5aux,10.0328
4xuc,6.6892
5c3k,6.8043
4wyo,11.859
4y62,9.9527
4w4v,12.4669
4uvx,13.1107
4y46,8.8623
4y8c,9.6734
4qmx,9.1344
5al3,12.4147
4re9,8.4541
4tvj,14.7873
4uiu,11.0174
4uvu,12.7603
5c0k,5.3297
5ci7,5.8629
5ai8,6.8729
4yjn,8.989
4zlo,9.7291
5alt,7.0806
5ap6,9.8521
4rvk,9.1499
5djr,8.4066
4ucv,7.0701
5afk,9.0212
4rx9,8.8117
4y85,13.2027
4yp8,10.3429
4p4b,8.6626
4x7q,8.7998
4yzn,8.924
5cqj,7.5841
4uiv,12.0097
4rn2,7.8428
5aku,12.9549
4y2t,6.5675
4y5h,7.3829
4zsa,11.3898
5bq0,10.7549
5c6v,4.7126
4r6e,9.9881
4wno,8.7637
5aib,5.7099
5dda,8.2808
4p4f,9.8729
4p44,9.2404
4p45,8.7589
5cy3,9.0509
4xg3,9.048
4uuh,13.1987
4y83,12.3087
5abw,11.5133
5ccl,10.0286
5cwa,6.9564
4p4d,7.2797
4p4e,8.0263
4yux,7.0559
4x6y,9.1677
4uiz,5.0989
4uvw,12.5126
4uw1,10.6282
4xe0,9.8695
4ztn,9.5363
5a3n,7.2789
5c7b,5.5141
4xyf,11.6566
4qwf,-1.2536
4wyy,6.6297
4x8g,9.173
5ajz,9.468
4zsq,9.3453
4qz7,-2.4411
4yo6,9.3212
4x6x,11.0457
4zim,12.8387
4uiy,10.3546
5a82,8.9383
5cf5,10.4345
4xsz,9.2106
4yad,5.851
5boy,8.6379
5d6p,6.2844
5dj5,7.5057
5all,5.3548
4xh6,8.2384
5alj,10.5898
4umj,7.7308
5eds,9.45
4ynd,9.3546
4qz6,-1.8645
4yay,11.3403
5ar4,10.1975
5ai0,7.1821
4ttv,9.6287
4v1f,5.6374
4yz9,10.048
5a0a,10.3368
4xum,7.5709
4xg4,8.3551
5c4t,15.9324
4z90,3.9339
4z7h,8.8706
5auu,10.5647
4y2p,6.5648
4x69,-8.7854
4rxe,7.4245
4pv7,6.3219
4rsc,8.2096
5ctb,13.4814
4qna,7.7036
5a1f,4.7082
4wy3,2.5974
4ybi,10.9295
4rn0,10.4783
4ztm,8.6751
4uda,13.2573
5ddd,7.8919
4xm7,5.6679
5ab0,7.9611
4xua,7.2665
4zun,1.924
4x68,-8.321
5av0,9.1364
4x49,7.9153
4uuq,-0.1613
4x7o,15.0653
4xmo,13.2622
4qz3,-1.6308
4qwu,4.9092
4ura,6.7495
4wz5,5.2537
4zs2,8.7604
5alx,5.2321
3wyy,7.6959
3wqh,6.47
5ap2,-1.6417
4d2r,9.2949
4tmf,8.0376
4y6r,8.9989
4qz0,-2.1192
5a09,10.4025
4zly,7.572
4qz1,-2.31
4zk5,11.8425
4xta,7.2029
5c4s,16.2689
4uxj,9.9148
4rxd,9.6836
5al4,10.9446
4xyc,8.6173
5auv,9.4831
4xg7,2.511
5ar7,11.6269
5ak6,5.09
4uvv,13.3
5ai4,4.4472
4w4w,11.6109
5akg,4.4492
4w4y,12.1805
5afn,4.0567
5ap4,5.2985
4p4i,9.5414
4rx8,11.0377
4zsr,10.4116
5al2,11.9139
4x2l,7.2266
4rse,9.1908
5afl,7.4947
5bot,7.1275
4rpv,10.0118
4rx5,15.0283
4yzc,13.3527
4zom,11.0168
4yvz,10.6594
4qvw,4.5053
3wyx,7.1163
4qwi,-0.9032
4y2b,7.9037
5dls,9.0354
4yhf,6.6331
5es1,10.6066
4wvt,9.758
4x6k,9.7294
5a3u,5.2803
4xjr,-10.7625
5ai6,6.3395
4r1y,8.9206
5cf4,8.9151
4zh3,7.9675
4rvl,9.6549
5akw,11.8817
4x7j,13.1962
4x7h,13.0122
5afj,7.4291
5alv,2.4387
4ucu,8.2021
5clm,8.1445
3wpn,9.7272
4yuy,7.1459
4v0i,10.2593
4tn4,8.653
5d1j,8.5295
5aic,6.9907
4zla,7.7745
5c7a,7.2591
4x7k,16.2595
4z3v,12.9635
5ccm,12.4579
5a85,7.8616
4wy1,9.0447
4yzm,9.9763
4qz5,-2.8028
5akz,4.8524
4uvy,11.4577
5ap0,-5.1819
5c7c,7.8254
5d6q,7.9453
4ptg,8.0044
5ahj,-2.8421
4qp7,3.2141
4uix,10.8018
4yfi,8.1143
5ar5,8.7709
4uiw,11.58
5ap7,10.2752
4xxs,11.7409
4y2s,6.9867
5a6n,5.5629
4yv0,9.7533
5al1,11.7244
5cxz,8.9558
4y29,4.3163
4s3f,6.1344
4y2u,6.5614
3wzk,8.3056
4y87,7.9041
5ak4,6.5338
4rx7,9.8275
4xhk,9.0768
5a0b,9.4697
5cxh,9.1147
4qz2,-1.6423
5c4o,15.8668
5aia,7.7712
4qvq,5.4855
4zs3,8.4796
3wzj,-3.3184
4xct,8.4557
5diq,9.588
4tmr,9.5513
4zh4,8.087
4ucs,8.4088
5fdd,4.1557
4tww,4.6689
5dde,8.755
5ddf,8.9143
4x7n,15.9647
4qvv,4.9045
5alw,9.2205
4qzw,-1.8474
4qw0,4.9848
5djp,9.499
4rlp,7.7363
4qms,9.569
4z7i,5.6589
5c7d,7.9175
4qvn,4.9759
5ar8,12.7526
4p4j,9.6597
5afm,5.5734
5al5,11.5589
4xjt,8.0619
4trw,6.5144
4r5w,8.6943
4pte,9.1144
4uct,6.8823
4xjs,9.1261
4s3e,6.3477
5dd9,9.2886
4qt1,8.6776
4qvy,5.0328
4x3u,18.5556
5cf6,8.4171
4z2h,8.8418
5ak3,5.655
4yab,6.6129
5auw,8.895
4y2j,6.3766
4ryc,9.58
5ddb,9.3295
4yv1,8.7401
4xdo,4.0715
5a5z,1.6535
4wnp,8.963
4xy2,10.4302
4yuz,10.0339
4y6s,8.8225
4yat,5.9342
4trz,3.4968
4w4s,7.633
5am2,6.5662
5d1s,8.7091
4xg6,8.1409
4yyl,4.631
4qz4,-2.452
4y32,6.1972
4xm6,7.9227
4y2v,4.2163
5ap3,8.0662
4xm8,8.3999
4ux4,12.2745
5auz,9.2993
5akk,4.6025
4x7l,15.5033
5ece,13.8285
4y2y,6.675
4s2i,-10.0544
4wr7,6.0702
4y8d,7.3113
5bs4,3.2993
5aix,7.2729
4xtx,12.8144
4ww6,7.0639
4ww8,5.5863
5ah2,9.0616
4zzz,7.8269
3wtn,6.6668
3wtl,7.0835
5epl,8.7666
3wtm,6.7167
3wzn,7.574
4odl,4.5868
3wto,6.7574
4zzx,8.7581
4x1s,13.0297
4xtz,13.7123
4wup,4.1302
3wzp,8.3894
4yoz,3.8939
4odn,5.0105
4wmu,9.5662
5agu,11.0556
4xrq,10.0301
4rd0,12.4452
4x8n,3.9871
4xii,9.5027
4zzd,6.8726
5e0a,5.9679
5c7n,7.7631
5cfa,10.7835
3wtk,5.4373
3wtj,6.6407
5agv,11.6917
4xu3,10.3757
5cp9,3.0385
4xu1,14.0065
4yee,12.3735
4z68,4.3763
4rd3,12.1145
4zhl,13.0223
5ai1,7.3887
5c11,5.2054
4ymh,10.6029
4x1n,14.1463
5cvd,7.2096
4zeb,12.5135
5a2k,6.277
4zvi,6.294
4x1r,13.5929
5e0l,7.0858
3wth,7.2383
4rd6,13.0462
4zb6,9.4076
4xtv,14.8796
5ais,7.5639
4xu2,13.4357
3wzq,6.5847
4x13,9.4814
4xty,14.5738
5d9p,-1.4777
5aiv,5.8401
4yv5,9.4217
4rt1,18.1202
4xu0,13.9251
4x34,2.4746
4tqn,8.0765
5c13,5.3538
4x0z,8.5253
5agj,13.5332
4cwb,8.5496
3x00,10.7112
4odm,4.0961
4xk9,19.5484
4xqu,2.7698
4xkb,12.5048
4tkj,5.9305
4xtw,13.3049
4zb8,9.2886
4wri,17.639
4u5v,3.9017
4ris,5.5778
4txs,1.8179
4tjz,4.9981
4rr6,11.0721
4ra1,9.3673
4und,11.6626
4crj,7.0307
4d4d,10.2529
4rme,3.8154
4rxh,5.7362
3wti,4.0705
4x14,7.647
5ct2,5.2809
4y5d,9.3521
5eq0,9.2927
5cyi,4.3154
4zei,8.1701
4xkc,9.9185
4u5u,3.1429
4urx,5.3202
4cst,8.6246
4pxm,10.4926
4yc9,5.722
4x3s,7.2542
4xyn,3.2282
4oex,8.2364
4yz5,4.6845
5a2j,7.4169
5c0m,6.3566
4zec,9.4385
4ycv,8.9953
4urw,7.9537
4yw2,4.975
4wph,3.4116
4ymq,10.3258
4ysl,6.3027
4urv,5.6775
5ea3,9.4974
4zdu,4.4908
5cbr,9.9405
4tkh,5.7619
5epk,8.5801
3wvm,6.2576
4czs,8.4728
4xqa,9.8701
4wv6,5.8502
4x1f,10.3896
4rlt,10.3658
5boj,5.8657
4ucd,5.6591
4x0f,8.7843
4w53,5.9216
5aba,6.5864
4twt,8.0613
4xxh,12.03
5cst,7.2374
4yyn,7.1854
4zmf,7.9907
4rgd,3.1867
4pgd,11.6647
5ea7,7.7209
5ajo,12.3832
5cyv,11.6133
5fjx,3.9274
4y2q,6.6205
4qtl,4.2116
4rh5,8.4368
5aom,6.8034
5e1s,9.5399
4rlw,9.1245
4rra,10.0138
4y3b,5.7336
4zl4,8.6081
4yw7,5.0592
4pgc,9.3607
4xya,9.1486
4wmx,6.8288
5efc,6.6766
5e1b,7.3
5d1r,5.5976
5efa,7.2693
4ym2,4.4291
5acw,-9.2341
4res,10.9081
4x5r,8.6996
4w57,6.7
4rlu,8.7404
5d7e,4.9036
4oew,7.5942
4rrg,8.0512
4odk,4.3955
4qpd,9.5305
2ms4,5.787
4xqb,9.63
4wy7,4.5007
5ahu,7.1579
4q46,9.5841
4pg9,11.0566
4qjw,6.8117
4qxt,6.7379
4wop,7.9508
4z8a,5.8415
4cjn,5.6107
4x50,9.7318
4w5a,4.1522
4x63,9.31
4pvx,11.4233
4w52,5.0865
4pge,12.5318
5csz,8.0434
5a3o,7.2469
4rxz,4.8072
5am6,8.9564
5e1m,7.2524
5cin,4.9547
4nxq,5.2877
4w55,6.7689
5alb,11.9235
4tyb,3.5562
4crl,11.4532
4pvy,13.0375
4u0w,10.3158
4x5q,10.4347
4tky,3.4486
4ycw,9.6184
4zek,7.9065
4xek,3.4899
4ydn,6.0015
4zyf,10.6314
5e8f,7.511
4tkb,5.1487
4qjp,5.7809
4wz6,6.8463
4zzy,11.7127
5afv,4.0558
5a81,7.6344
5azg,6.7039
4z89,4.3534
4q0l,6.5049
4ymg,10.3768
5a5q,6.2755
5aoj,6.684
5dhf,3.7062
4y4v,3.5398
4q06,5.5052
5a46,9.1794
4x5z,9.4965
5dqe,6.4348
4y94,1.0957
4rrf,10.4852
4r73,11.8629
5e4w,4.2058
5e73,8.9021
4yym,6.2365
4qp1,5.4989
4uin,8.3232
4xgz,4.3436
4ynl,5.7564
4x8o,18.2551
5dqf,6.129
3x1k,10.9879
4z2p,5.5702
5cs5,5.0491
4or4,8.6009
4ret,11.1205
4xbo,8.5241
4x3k,7.8908
5a7b,7.5953
4yrd,4.1583
4x3t,9.196
5btx,6.8173
4x2s,4.8932
4ywa,12.845
5dms,4.8181
4z7f,6.1602
5cqu,6.3861
4rwj,10.068
5bnj,9.949
5e8r,6.5813
4zba,9.8988
4urz,8.3391
4u5n,5.7761
4uc5,7.294
4x8p,3.5093
4ycu,10.5875
4qb3,9.0449
4rrq,10.631
4x3e,4.6214
4xcb,13.9776
4css,8.632
4d62,3.3739
4ofb,3.6096
5e1o,6.9846
5ey9,9.5445
4u5o,4.4481
5cbs,9.6381
4u5s,3.5209
2mps,4.5202
5ct1,4.53
4wey,7.5744
4zph,4.758
4z2o,5.3167
3wut,7.572
4v11,4.6214
4ym4,0.824
4pgb,10.0418
5c3p,6.0023
4zji,11.2758
4qp6,3.9945
5dtj,7.0899
5eay,4.7615
5azf,7.8618
4rrr,12.4703
4x21,7.892
4y16,9.7651
4qn9,4.979
5ael,6.5708
5c5h,12.1315
4xy8,8.9326
4wn5,7.4527
5ea6,8.4463
5e74,7.9336
4tya,4.1631
4cl6,8.8705
4u5l,4.8392
4z88,3.4611
5e1d,7.8547
5d21,7.5103
4xc2,6.1623
4yef,10.4061
4r07,8.3403
4or6,7.9477
4omk,9.7827
4qjo,7.3139
5aer,4.1629
5cil,5.5199
4zt8,4.494
4xtt,18.0043
4z93,10.6948
4wyp,5.2153
3wsy,5.8469
4wet,8.108
4xmb,10.036
4u7o,10.228
4cp5,5.9718
4xy9,7.8936
4nxr,5.6836
5agi,14.0305
5ab9,7.3056
5aol,6.9344
4qj0,9.5664
4ucc,6.7052
4u68,5.9268
4z6i,10.2439
5fjw,6.4495
4x1q,10.9262
5e0m,6.9654
4omj,9.1995
5a4c,9.3505
4x6s,8.327
4y59,8.2975
4z7q,5.0934
4q08,7.6978
4qiy,8.1916
5a14,12.939
4wyz,8.0735
4xhv,4.4818
4zme,7.6784
4qjx,5.6957
5cfb,11.1057
4qfo,6.6439
4ryl,9.5646
4r0a,9.7223
4r75,10.4345
4qfp,6.7098
4uil,6.5241
4x3h,7.8586
5dif,4.0126
4unp,7.7031
4pyy,8.4026
5ajp,9.143
5dah,5.2947
4uru,4.8192
4ury,7.2893
4x5p,8.6319
5acy,9.3935
4q09,9.3158
4qjm,7.9014
3wuv,6.0892
5aut,9.0696
5ahw,9.6601
4zud,8.2885
4yy6,4.398
4z6h,8.66
4x1p,9.3035
5am7,8.2513
4qy8,6.3962
4rwk,7.5008
4yyi,6.9332
4uce,5.0462
5bv3,10.0823
4w54,6.1996
5f2k,11.7756
4x11,5.7095
4pdk,7.4571
4qyo,6.6344
4r3s,5.9453
4xcu,6.8161
4xh2,4.8028
5cgj,10.3637
5cs3,4.4515
4qiz,5.2557
4q07,9.3435
3wuu,5.224
5btr,5.9815
5alc,11.4327
4zed,12.1168
5d1w,5.0678
4qfl,7.7331
5ea4,6.8045
4ux9,4.1828
4xt2,11.923
4pyx,8.4075
5dq8,7.6203
5c5t,4.1135
4zow,5.4123
4qfn,6.5981
4d52,6.2407
4wf4,6.9309
4ymx,7.3627
4ycl,11.9082
4qip,4.1524
4oiv,10.4862
4xx9,7.8834
4u54,4.091
5ea5,9.7917
5a2i,5.3467
4ty9,2.7732
4x8t,6.7628
4wci,4.8526
5cc2,8.9696
4yw6,6.6077
4wmy,3.78
4xmr,6.4757
4r74,9.0102
4rwl,9.3717
4z7n,4.8915
4yp1,15.913
4uu5,3.9869
4ty8,4.1179
4x5y,9.6758
4rcg,8.5105
4y7r,3.7774
4zjj,12.7111
4wmv,6.3347
5cso,8.4382
4qp2,5.1484
5aoi,5.9102
5acx,8.3946
5bry,1.2487
4crc,11.9778
4yth,9.9435
5dgu,0.4695
5em6,9.2729
4ytf,10.1812
5dgw,3.2208
4zhm,9.6746
4ytc,8.9094
5em7,8.7514
4crb,11.0177
4yo8,8.242
5dia,12.7988
4rac,10.3895
5ceq,9.0104
4ynb,10.4939
4xuz,7.3158
4y8z,11.1253
4rab,4.6245
4x0u,-2.2072
5bwc,7.2125
4cra,11.9747
4zbf,10.9111
4ran,6.5657
4crd,10.3498
4rad,8.1159
4yik,14.1929
5cep,8.6685
4zo5,10.9165
4yur,7.734
4wkn,9.2516
4raq,7.0313
4oel,-8.7311
4o2p,8.4309
4zip,11.0907
4wkc,10.1176
5em5,8.0568
5cjf,7.0987
4wkp,8.741
4pv5,7.0193
4qhc,3.8322
5dhj,8.3497
4zbi,10.7543
4wko,8.9877
4xj0,9.2314
4r0i,8.2031
4qll,14.5452
4z0k,11.3411
4q99,4.033
4ty1,10.6062
4r3b,-11.1621
4qlk,13.8518
4wr8,10.1319
4crf,11.9419
4q1a,7.9751
5cgc,11.2496
5cgd,12.0974
5brn,5.9098
4ymb,9.1989
4wrb,8.77
5dhh,9.0439
4rhu,5.39
4s1g,11.7061
5bsk,5.7911
5dhg,7.3387
4y8y,11.2278
5aml,7.3859
5dit,7.9888
4zls,9.5995
5avi,11.1353
5em8,8.3219
4rhy,7.1059
5a69,6.7993
3wz6,8.3904
4yvc,7.384
5cas,9.8137
4x6n,12.7017
3wz8,10.4029
5cau,9.3793
5e2p,12.105
4rhx,10.5216
4ykk,4.3418
4yt7,10.3248
5abh,6.4396
3wz7,10.0575
4q1b,7.3247
4x6o,11.3553
4re2,7.5701
4u2w,10.6201
4zz3,7.0672
4riv,5.8491
4yve,7.642
4twp,9.5665
4p6c,5.2941
4r3c,-5.5423
5fl4,8.0884
4xar,8.4931
4x6i,7.3308
5bml,9.1918
4zx0,7.9633
5a6k,8.3226
4rn4,7.4854
4xir,12.1379
4y79,7.586
4yt6,9.8782
4ruy,5.6942
5can,8.0223
4rux,5.7728
4x8v,9.6098
4ufk,5.7642
4re4,5.3249
4x8s,5.0417
4yti,7.2396
4zz1,9.3585
5cnj,9.6016
5dgz,10.5379
4q87,4.5858
5abf,4.7118
4z84,8.9673
5cnm,6.3628
4q1d,7.0556
4xnv,7.892
4x24,10.671
4x6j,1.6
5c1m,12.5687
4z2b,13.7234
4um1,6.1452
4x48,7.4225
5cbm,3.4982
4xnw,7.1768
4u7q,5.2952
4ufm,7.1771
4rao,7.6898
5c2e,8.6381
5dk4,8.2701
5e2o,10.2284
4q9y,4.0055
5c28,6.4621
4ufl,5.9006
4qd6,5.7862
4zqt,6.4435
5egm,11.9626
4re3,7.7642
5caq,8.1783
4wkb,9.6691
4wbg,-6.2992
5amd,7.8654
5ek0,9.8973
5c8k,7.5397
4yih,8.8798
5cav,8.4799
4ygf,4.615
4ps1,4.9567
4yha,3.2144
4x6h,2.4419
4zy4,7.0623
5cal,7.7078
4ruz,5.4556
4q7w,4.2206
4q8y,6.9421
4xip,11.8694
5c91,-0.9703
4wef,-9.4356
4xas,9.3798
4q7v,4.3743
4y63,9.2338
4zy5,6.0743
4q8x,5.7173
4nct,12.6357
5c8n,7.7652
5a0e,8.1443
4um3,6.8633
4zwy,5.2717
4zwz,6.0753
4zwx,4.7893
5edq,8.8874
4q1w,10.5753
4u7v,4.5922
4x8u,5.9074
4zae,10.6632
4rsp,4.4238
4y8x,11.9636
4u6z,5.7848
5byi,7.6315
5edr,8.9875
4qf9,6.5248
4ykj,4.7828
4wa9,11.2833
4ufh,6.3796
5cao,7.5795
4q7s,3.5965
4u3f,9.4159
4yml,9.186
4yx9,-1.6003
4z1k,8.7782
5c2a,8.6092
4u1b,5.2801
4zxy,13.2093
4z83,10.1271
5fl6,6.7517
4xx4,10.8937
5bms,6.6881
4q1y,10.7227
4q7p,4.4274
4y0a,7.6488
4oem,-9.3605
4ryd,9.4409
4rfc,4.5454
4z1e,6.8374
4z1n,8.3307
4x6m,12.9487
4riu,6.1181
5cap,7.9425
4ufj,7.5362
4wcf,5.869
4u69,5.9795
4xit,14.1169
4xx3,10.3841
5e13,9.8154
4x6p,13.072
4zy6,6.7463
5bwb,6.0566
5amg,6.9879
4u71,4.3198
5fl5,6.6387
4u73,5.9746
4z0q,8.1343
5a6a,5.9886
4u6w,5.3723
4ufi,6.4397
5c8m,6.2288
4q83,4.8819
4x3i,7.933
5dwr,12.0929
4q90,3.5554
4qrh,12.8987
4z1j,8.9591
5a6b,8.9526
4cr5,7.1773
4xaq,9.1667
4zx1,6.0244
4wov,8.2987
4yc0,9.785
4xe1,6.9683
4y64,9.3498
4q1x,10.5359
5c2h,10.3387
4wxi,11.0923
4x3r,11.572
5c1w,6.5343
4rfd,4.9083
4cr9,8.1421
5e2r,8.5245
4xiq,13.2461
5c29,6.7932
5abe,6.4543
4zxx,10.3711
4rkx,4.0617
4zz2,9.0728
4u70,6.2722
4yes,10.6597
4u6c,6.1669
4rfm,12.0661
4ps0,6.4474
4q81,3.7487
5abg,8.1385
4yzu,9.9493
5jau,10.2072
5j8x,-6.1863
5k0i,10.1681
5hln,8.3562
5fqc,9.5021
5jyo,9.5617
5e91,9.3683
5jog,7.1583
5k0s,9.1178
5lgo,11.756
5hmh,11.0429
5tkd,9.3038
5ei8,9.8879
5lck,4.5095
5czb,11.5934
5fxs,9.6259
5iha,8.0053
5ftq,13.7556
5hex,10.7909
5ji6,7.5113
5g3n,10.4622
5kjk,11.5602
5fwj,5.8635
5hkm,9.3368
5ihc,8.2335
5kit,12.6669
5tkb,8.2422
5e90,10.5253
5fxq,8.9014
5hmi,11.5786
5iu2,12.8198
5jjr,9.8504
5fp0,10.7032
5kjn,10.1279
5eh0,9.9041
5i2r,7.8376
5lh8,11.8174
5b0x,8.9571
5t68,5.4672
5fun,9.5705
4wnm,8.614
5dri,8.243
5ktx,11.2019
5i89,11.5722
5aeh,12.0755
5fxr,8.9523
5hls,10.5714
5ktw,9.9954
5j1v,9.7566
5byz,11.0857
5g3w,-1.2503
5ei2,8.2867
5jjs,10.8729
5hmk,10.4382
5li3,5.5538
5hlp,8.3153
5eth,9.9203
5kre,-1.0492
5jo0,8.3938
5k4l,5.2417
5hzn,11.611
5kjm,12.1268
5jmp,8.9248
5k0j,8.2062
5dw1,7.7151
5eec,-3.6374
5f3i,7.1347
5bns,12.0317
5byy,8.1603
5ei6,9.9857
5jyp,8.5968
5i8b,9.3749
5f3g,7.4453
5f2f,8.7632
5jbi,8.8088
5lz9,8.1502
5f3e,7.2398
5jic,9.5976
5ee8,6.3784
5he2,10.4989
5hfu,7.2733
5g1c,6.7086
5eud,9.2777
5he0,11.2308
5jc1,8.3198
5kr8,8.7299
5dy5,14.5246
5jmw,9.6015
5a8y,10.5871
5ecv,9.3583
5eue,7.9864
5ih8,7.8946
5enh,4.0255
5j1w,8.6789
5hx8,10.5244
5kzi,11.3391
5ejv,7.9173
5lc0,3.8485
4yqu,-10.1022
5cls,2.1283
5jat,9.9138
5jap,10.7209
5lcj,4.0418
5eob,12.0979
5m55,6.1286
5lma,8.2687
5itd,9.7094
5enf,3.0109
5fbn,16.0337
5jnl,7.1181
5he3,8.536
5he1,12.2211
5jaz,9.3909
5hk9,-31.0672
5lsy,12.4695
5ke0,10.7431
5f2s,6.569
5i5x,9.0453
5fbo,12.1679
5kqf,8.2812
5fq9,6.0564
5toz,3.7648
5hka,6.4407
5c20,0.1554
5k4x,7.4103
5edi,10.6799
5eol,12.4352
5fcw,8.1643
5fqb,3.2135
5t4b,13.7061
5b5b,14.068
5k5e,10.998
5dp8,3.5428
5hm0,10.122
5b4k,9.8613
5f9e,12.4142
5elz,11.5604
4ztq,8.4252
5lss,10.6783
5lyh,8.7541
5a4e,5.7307
5dgm,7.1599
5bnr,8.901
5i86,9.6202
5jiy,8.1795
5fpu,10.1752
4z22,6.8248
5koq,8.9259
5ene,4.7527
5dcz,13.0251
5eak,9.1419
5hmy,8.8625
5ih5,8.4733
5kqd,7.5697
5ktu,8.2905
5m53,8.7362
4wn0,3.4387
4yht,10.5175
5b4l,11.0042
5lxp,6.8862
5enb,3.1662
5ism,11.5597
5a54,7.228
5fah,9.6925
5ehy,7.2574
5dp9,3.7539
5k0f,8.1749
5ivt,12.8977
5a3x,6.4933
5lz8,7.5484
5bqi,6.9907
5i5z,10.3237
5f3c,7.9661
5j4y,8.3023
5k0b,8.4615
5drc,8.8717
5k09,7.1139
5ho8,7.9828
5joh,4.8898
5k0c,7.8431
5t6g,2.5262
5e8z,10.2939
5c1y,-0.5853
5ax3,5.8694
5cuq,6.6522
5lsx,10.6948
5trj,8.0996
5a4t,6.5788
5j4v,7.4488
5kos,10.1767
5lrk,10.4561
5lrg,10.819
5jlz,8.1029
5k0t,8.2699
5ha9,6.8224
5e0g,3.9188
5t6f,3.2558
5c1x,3.0152
5fgk,10.9052
5i7u,12.8018
5f37,5.9341
5jas,9.4629
4xuh,8.5791
5duf,10.5659
5ieg,6.5864
4yqv,-9.1887
5lrj,9.1412
5dlv,9.8266
5lxc,9.6182
5kbq,8.6997
5jim,7.9247
5f2w,6.5939
5jdc,8.2078
5jzn,8.0264
4ufu,12.8772
5ceh,7.968
5dsx,12.8608
5hx6,11.7977
5lj0,11.6723
5t4f,12.4644
5lj2,9.077
5iee,7.2548
5f32,6.9216
5j5t,7.7548
5i59,10.0025
5i58,9.2545
4q15,10.1094
5jgd,9.41
5k05,8.8567
5sxn,9.4709
5sy2,8.4254
5ghv,7.7093
5dxg,3.42
5i12,5.8055
5kkr,10.4038
5axi,5.3863
5hn7,-6.1752
5b1s,6.1628
5dv2,7.3549
5db3,11.0382
5ewm,10.3942
5ehp,11.2045
5m57,8.0957
5i40,7.2501
5ewj,10.8689
5kde,5.1651
4ui3,12.2706
5dtq,11.2712
5emk,10.7566
5jgb,7.0572
5t1a,9.9495
5tt7,10.1592
5ku3,7.4708
5dp6,-0.0513
5ezz,9.5933
5khx,7.8225
5fbe,9.7308
5lyy,8.0191
5lmb,9.2016
5dt2,12.8037
5j75,8.209
5tjx,17.0678
5eko,11.1402
5acb,4.4081
5l72,8.9094
5lg3,6.1636
5bnm,8.8954
5fwa,11.2162
5fqt,10.0312
4ui5,12.3948
5jrq,11.5947
5hvy,10.7049
5bqg,5.9686
5h7h,7.1564
5jid,8.1039
5l4h,4.5598
5lwn,9.9994
5ho7,5.38
5ful,10.6272
5dgj,2.5388
5dp5,2.6427
5a7c,4.1053
5emm,10.317
5i0l,5.5459
5fum,8.3092
5kls,2.7062
5fqp,11.5196
5j3s,5.1967
5m51,7.6358
5eyd,12.2033
5adq,11.8636
5k5s,7.871
5ans,10.4632
5jar,10.3029
5ads,12.1404
5f1z,8.4327
5adt,11.7547
5f4n,8.8126
5g3m,7.4068
5hbe,10.1178
5hbj,10.9176
5jga,11.5852
5bqs,9.3141
4zs0,8.8484
4zsj,9.0172
5adr,12.7186
5jin,8.0386
5e0h,2.2582
5icv,10.0019
5ih6,7.4383
5idn,11.2341
5hkb,7.7254
5eif,3.7248
5hzx,8.9657
5a4q,7.0988
5jr6,7.8453
5ho6,7.9275
5dry,13.3198
5lsc,10.0876
5fus,5.0979
5d7a,8.7719
5di1,10.3294
5f1l,7.5063
5j5d,1.0629
5dpa,2.1546
5jq9,9.2172
5db1,9.7148
5hld,0.8259
5hl9,-9.8771
4xwk,8.2784
4r5y,13.2935
5eml,9.8689
5hlw,9.7802
5l4e,4.5796
5cuh,9.3916
5kmh,3.6881
5f00,8.6631
4ui8,13.2416
4zts,10.8621
5db2,10.7272
5dyt,9.4092
5e7r,-8.3942
5eym,9.4669
5ei4,-23.5624
5gjf,11.4769
5jsm,15.1841
5kbr,9.5065
5fqr,11.1856
4yh3,10.6778
4yh4,9.4323
5dp7,2.3314
5l8t,6.7105
5arg,10.4927
5a8z,10.7718
5izq,9.2669
5lxd,8.2757
5k4i,10.3727
5to8,12.7681
5h8x,5.518
5tr6,10.1604
5lkr,6.0827
5iv4,8.9109
5f94,7.8449
5icp,9.3767
5anq,7.0607
5a4l,5.2924
5lt6,9.5698
4y5i,6.936
5fdp,12.3521
5f20,9.0679
5fi6,7.9803
5i94,7.6484
4yqm,-10.9325
5ety,10.4365
5jt2,16.307
5dv4,7.1885
5emj,10.4785
5tol,9.2656
5f0h,10.1737
5lay,9.8801
5ifu,7.4464
5ehg,4.6101
5f02,3.5865
5kx7,8.099
5i24,-1.5059
5db0,10.4076
4xhl,5.438
5dh3,9.5223
5kx8,9.1309
5jcj,9.1452
5sz9,9.0863
5dxe,4.3027
5dtr,9.1092
5f6u,6.0995
5eyc,13.4293
5eyk,10.9061
5j79,10.1499
5i83,10.1404
5jdi,9.2064
5drt,9.9066
5amn,8.6443
4z16,4.7185
5j47,8.4612
5f1u,7.0624
5iuh,11.7379
5fi7,6.9239
5i3m,6.9041
5l44,7.8337
5e8w,14.1906
5cuu,2.5245
4zcw,8.8008
5f01,9.7639
5t4e,13.512
5d6f,3.4156
5sy3,8.5214
4ui7,12.6961
5ely,8.498
5fqs,10.771
4yxd,8.3726
5jnn,7.6935
5ehi,5.4021
4ui4,11.2215
5idp,9.2947
5k8v,10.2995
5fue,5.4175
5l99,5.5533
5i56,10.0825
5hbh,9.3907
5l98,5.7686
5jrs,12.7642
5laz,11.2503
5jiq,6.2925
5lax,7.9872
5ief,6.6046
5cei,8.4255
5a7i,3.0391
5f6v,5.4103
5kmf,3.9428
5hn9,7.2358
5i23,1.3012
5i4o,6.7102
4uhg,12.3678
5kdf,5.5159
5l6p,-9.9623
5hna,5.8168
4ynk,15.4116
5j7b,11.3903
5jfr,9.4426
5kcv,13.716
4wi1,11.3128
5ivs,11.5127
5e0j,6.4125
5trk,9.3778
5a7j,0.9271
5hg1,10.1289
5a8x,9.2957
5hm3,12.5307
5th7,6.835
5fqv,11.2333
5gjg,10.2422
4za0,7.5897
5dp4,1.7275
5g11,7.1773
5i43,6.0728
5hoa,8.0057
5hor,7.8845
5j6d,13.2416
5l6o,-9.389
4z8d,8.3427
5kqg,10.4808
5kup,14.9707
5enm,10.4059
5fi2,3.866
5i2z,6.6937
5k4j,7.7152
4ufy,11.7869
5i13,6.9905
5trh,7.4585
5dg6,3.4384
5ega,5.995
5i0b,6.2785
5tri,9.1675
5da3,9.9039
5law,9.7142
5lav,9.3028
5lqq,9.9731
4ui6,12.7848
5ezx,8.5015
5ax9,9.6672
5enk,11.0488
5jyy,8.8702
5f39,5.8986
5loh,10.6815
5k1i,7.6667
5t4h,10.237
5ekx,3.1209
5g10,8.6032
5f95,8.1898
5fd2,10.6084
5ddc,10.47
5hng,5.6578
5g2n,7.6752
5d29,8.9957
5hn8,5.8402
5hlb,-5.9996
5eiw,3.4483
5k5n,8.0969
5anu,11.1583
5anv,9.1576
5fnu,12.7233
5ih9,9.3138
5izj,6.6188
5anw,12.5908
5fa7,-8.8671
5fck,10.3755
5j5x,5.8218
4zam,7.9646
5fao,-8.9041
5e89,3.6555
5g1n,9.2781
5fap,-13.5548
5f4l,8.1204
5i22,3.1283
5ive,10.0804
5a2s,9.3559
5el2,5.9837
5e8a,9.4125
5fas,-9.1592
5i8g,11.5949
5ags,13.184
5l7k,8.0493
5ivj,10.4921
5f4p,7.6901
5tbm,10.2905
5isl,7.7072
5izu,7.8092
5hvt,10.0816
5e88,7.8072
5h9p,8.5303
5iw0,9.1014
5hvs,10.4275
5agt,13.6506
5ijp,4.4635
5hva,9.2453
5f4r,5.6584
5f4u,6.8991
5lwe,12.5749
5fat,-9.9793
5cqt,9.0109
5dx4,7.5815
5teg,7.7801
2mwy,1.6004
5ech,4.346
5eci,2.293
5elv,7.8604
2rvn,1.3984
5khi,10.3399
5js3,7.5738
5izf,7.724
5izk,2.4449
5cy9,8.2623
5ggn,7.202
4y24,7.1607
5jt9,5.6305
5i2e,10.3306
5l3j,6.2138
4znx,8.7547
5ejl,16.6697
5t1l,8.9062
5igq,4.38
5j19,6.3128
5l4i,5.6537
5ijj,3.5714
5ggk,6.3662
5e2n,4.0796
4rfr,11.4017
5etr,11.4557
5kau,10.2396
5aqt,7.8343
5j31,7.2757
5jvi,5.9876
5cu4,11.3893
5i2f,6.249
5etq,8.7373
5jss,7.4734
5dbm,8.6729
5ivy,8.259
5aqv,8.2869
5jxn,5.8377
5eom,7.5987
5khk,10.3243
2n8t,3.2407
5d0r,8.1091
5ant,8.5854
5in9,6.7973
5duc,9.6787
5ivv,7.864
5lz5,8.4161
5ewz,5.2911
5kbe,5.3495
5ekm,5.2664
5k8n,5.5945
5gmh,9.1666
5ix1,4.5357
5i3y,11.7142
2n9x,3.0386
5d25,8.1422
5t52,7.5005
4ybj,11.1398
5lz7,8.5245
5t1k,9.7012
5k6s,4.2665
5swf,5.0421
5kbh,3.5533
5h7g,6.7986
5etv,7.2706
5lwd,6.6806
5ett,11.6352
5ggp,5.7635
4zfi,9.2507
5hff,5.7014
5htl,16.4686
5h5r,5.9644
5ee7,6.9988
5svx,5.9657
5fnt,11.1047
5i3w,15.1343
2n0u,7.5662
5j18,2.9179
5ar0,11.0794
5f1c,6.9344
5svy,5.6911
5kax,9.9554
5kbg,4.279
2n0w,6.2306
5etp,8.3579
5ftg,8.7869
5k4z,9.1551
5l0c,2.2631
5d26,8.6196
5e7n,4.7854
5eel,7.8986
5h9r,9.1121
5t54,9.5926
5d3l,8.073
5aqq,5.4677
5ggo,6.5484
5heb,5.446
5egs,6.5107
5k7h,7.8147
5kcb,8.5212
5g2g,8.3589
5hip,6.0758
5aqu,8.1911
5k8o,5.6575
5ekh,5.2856
4xo8,6.5979
5aei,7.3945
5drs,2.007
4yjl,8.8961
5hja,8.1069
5hv0,5.2466
5cp5,9.8197
5ets,10.3797
5lvl,9.0518
5kbf,10.5375
5fb1,6.6048
5fh6,6.0517
5ivc,8.5416
5izm,4.6888
5svz,6.2449
5lwm,10.1771
5lif,7.7168
5eh5,5.8063
5ipj,10.3893
5d3s,8.1673
5fsy,12.977
5fyq,5.441
5l4f,4.0245
5t5g,8.4011
5dw2,7.9463
5aqo,5.6236
5ivn,9.0621
5egu,7.9695
5eng,6.7641
5lso,9.1768
5tb6,7.6731
4z5w,11.5002
5ez0,5.7535
5iay,-0.2147
5aip,7.1522
5eeq,9.1413
5etk,9.0143
5il1,9.194
5t1m,8.2611
5e2q,10.7128
5eta,3.3861
5ih2,3.7599
5aqn,6.0992
4z0f,8.4065
5fsn,6.5754
5izl,5.6182
5dlz,6.3672
5eis,7.832
5fos,4.7266
5h5q,5.1909
5hf1,5.6533
5itf,8.496
5fsx,8.7167
5ikb,8.9018
5j74,6.1747
5du8,10.1282
5ekn,9.6042
5hfc,5.3727
4z07,10.8058
5ehw,3.8285
5fpp,6.6093
5g4n,7.1917
5j3v,4.1408
5jek,3.5017
5c85,5.3823
4yx4,5.4547
5flq,5.7798
5eqy,8.1009
5t6j,3.5164
5fng,5.4346
5icx,9.308
5fou,6.8599
5knj,10.9782
4zv2,6.9755
4zki,6.9671
4yhz,7.6618
2n06,6.7903
4rqi,5.0648
5hbn,3.7658
5ii2,9.6084
5t1i,6.6074
5flt,6.6778
5gjd,13.0877
5i1q,10.1908
5d3t,7.8075
5ezg,10.2142
5f1j,8.0159
5etu,8.1974
5eqe,7.6997
5j0d,9.4006
5iyv,6.1799
5fh7,8.831
5g4m,6.804
5csd,7.7621
5fb7,7.9168
5l3a,5.9219
5f1h,9.4301
4yje,8.098
2ncz,4.1556
5ie1,7.886
5btv,4.8423
4yc8,11.0368
5ewk,7.7605
5f90,5.2728
5eu1,10.0737
5iy4,4.6522
5jeo,4.6606
5exw,13.6093
5htc,10.7262
5hyq,8.7722
5etx,8.1621
4yb7,6.6959
5fov,6.018
2n3k,3.0594
4ybk,9.9117
5i29,10.4963
5d7x,9.5544
5ggl,4.4673
5esq,5.8597
5fbi,5.7475
5etf,4.2633
5aqf,9.4996
5i3v,11.0963
5jq7,7.7872
5ckr,7.1142
5lp6,8.6854
5lne,7.429
5ggj,4.4506
5fwr,6.7306
5id0,8.7899
5fh8,8.4737
5htb,10.1019
5ewh,5.6978
4yhm,9.0664
5er4,5.1621
5klt,6.4125
5hbs,9.9227
5tca,9.3854
4yk0,6.7741
5fv7,7.3168
5khj,11.5204
5i8p,8.736
5ia0,10.0973
4yho,10.6772
5k03,8.009
4yb5,7.02
2ndg,3.4979
5his,3.3927
5l9g,10.0683
5ia2,11.8514
5klr,7.5717
5hjq,3.5678
5aqr,5.9024
5ekj,5.3194
5f0f,8.9679
5f1r,11.0094
4yk6,8.0341
4ysi,8.196
5eld,9.4703
5aqp,5.4723
5a3s,8.2069
5hjb,4.7357
5tcc,9.1716
5ey0,9.78
5epn,12.6114
5hgc,10.3028
5d6y,3.7551
5hey,4.7608
5d0c,8.4504
2n1g,3.4617
5c4l,4.682
5l0h,3.3611
5g46,5.5683
5a3q,6.5393
5eje,17.0298
5khd,14.2416
5d1n,7.5786
5em9,7.1481
5eto,11.321
5i9y,11.05
5svl,5.8572
5dus,13.8121
5sxm,7.9564
5khg,9.9723
5fe9,7.3143
5g43,5.1783
5dkn,5.0162
5a6x,8.0705
5fs5,6.6592
5ixq,6.1593
5lvn,7.5157
5tdw,3.8731
5aqj,5.3585
5l2w,9.0713
5f3t,8.0318
5fog,8.1567
5er5,4.1125
5fol,10.747
4d7b,1.4056
5eq1,6.2575
5awu,4.0601
5klp,8.4168
5kh7,7.0044
5aqk,9.5193
5ji8,5.6953
5ko1,9.3178
5hog,2.5157
5etl,8.2072
5hu9,14.2244
5syn,12.9012
5ezh,10.8478
5fsl,6.3823
5i88,10.0368
5lvr,5.7786
5d2a,3.622
5i8c,9.487
5ia5,13.6137
5ixt,6.216
4xtm,5.8818
5hfb,5.4995
5c4k,6.1445
5iql,5.5051
5evz,12.266
5csh,6.6234
2n7b,5.2283
5jr2,8.885
4zs9,13.9081
5c2o,10.7908
2n27,2.6246
5dts,6.3861
5dva,5.8079
5fpk,6.9899
5b56,4.989
5hes,12.6784
5etb,7.1028
5f3z,7.1056
5iop,8.1049
5tdr,3.9504
4yhp,2.8044
5dlx,7.9051
5elq,6.0477
5lz4,7.5205
4zgk,7.3113
5cks,6.6213
5avf,5.7828
4ze6,3.8977
5svk,5.8308
5aqz,9.7731
5hrw,8.9511
5ii1,9.4726
4y4j,4.3199
5fb0,5.1333
5gu4,6.084
5aqh,5.8847
5b4w,3.2152
5dtw,7.5586
5ave,5.7605
5e3a,8.4516
5tbn,3.1339
5f2u,-294.9289
5agr,12.2937
5etm,8.9538
5awt,4.4247
5eoc,4.8751
5i9x,9.7455
5th2,8.7462
5dtt,3.9993
5kew,2.8911
4yxi,5.6318
5ly3,3.7266
5aqg,9.0197
5l8n,5.2356
5eok,4.0237
5fnd,6.0663
5i25,3.6387
5doh,4.8491
5gic,11.1988
5eh7,3.3448
5fni,5.3646
5a5v,4.2095
5gr9,7.3822
5a7y,6.4662
5jal,6.3807
5eb3,3.0201
5gow,3.5032
5fut,7.3396
5jox,5.0007
5d6j,14.9579
5hed,6.2041
5f2p,6.9973
5i38,3.0969
5g4o,7.9278
5h9q,7.3454
5eps,5.8977
5epy,10.8056
5ihh,3.4041
5dx3,3.9564
4xoc,7.0233
5f08,10.2819
5ixf,4.4059
5tef,7.4512
5chk,9.5114
5kbi,5.4261
5dpw,4.6166
5eou,8.8204
5etn,8.6519
5elf,6.6233
4y3y,3.7824
5edl,7.7267
5l4m,4.7732
2n14,6.5421
5cqx,5.9629
5czm,10.6013
5ehe,2.4908
4yb6,6.8396
5ayy,5.9697
5ks7,15.4502
5h8b,10.3965
5d0j,4.2656
5l2i,10.4311
5d3c,10.4603
5igm,9.3567
5igk,9.3082
5l8o,10.36
4yyt,3.5064
5hfj,6.8518
5igl,7.0393
5hyr,3.5826
5erg,9.1362
5d3x,6.2296
5mf6,5.2251
5hgq,8.6838
5hjc,3.77
5iug,12.0222
5l3f,5.4243
5ia3,10.3736
5ek9,8.446
4zcs,10.7992
5h8g,10.0789
5meh,7.3426
5fe7,6.2948
5khh,11.1595
5i9i,9.534
4y38,5.8121
5csw,12.4483
5ep7,6.8644
5eqp,6.2181
5fns,9.5262
5l9o,8.2756
5hrv,9.3399
5hrx,8.7385
5ect,12.3825
5hwu,8.9503
5faq,-8.267
5kxc,5.6862
5gs9,7.6092
5iq6,6.3126
5du4,8.3651
4zv1,7.3935
5d3j,8.4295
5edd,11.1224
5hjd,4.274
5d24,8.9937
5ema,6.2235
5icz,8.5668
5ejw,7.3894
5g45,6.8999
5dtk,3.0181
5ewy,8.6468
5duw,7.6254
4r06,9.6584
5fnj,4.4517
5i7y,10.5168
5ia4,12.2179
5f2r,12.352
5l4j,6.6185
5dxb,3.8671
5ia1,9.6443
5i7x,10.6246
5f9b,5.9644
5arf,10.2018
4xtp,6.379
5ei3,9.2868
5id1,8.508
4zij,5.0219
5a6i,5.7438
5b2d,8.1193
4yxu,5.4113
5f8y,6.5358
5huw,6.7562
5ad1,7.8597
5ajc,9.4305
5csp,6.9778
5cu2,7.0131
2ndf,2.996
5l3g,4.1407
5e2m,6.2727
5fnr,8.8341
4ztr,11.439
5e80,10.902
4z0e,8.9973
4z0d,9.134
5eyr,10.5911
5dkr,5.8789
5hhx,7.0267
5h8e,10.3577
5emb,6.3457
5g1p,1.8515
5eqq,10.3879
4y3j,4.0887
5fdz,7.3418
5svi,3.0993
5kh3,6.945
5ttf,7.1073
5dyo,11.684
5en3,6.5035
5i80,8.9875
5ljj,9.3005
5cs6,3.4831
5flp,5.0004
2nd0,3.9611
5ha1,9.0009
5l2t,10.3243
5l3e,6.1832
5fox,6.8225
5f41,7.1696
5epp,4.0198
5ito,7.2198
5fot,7.2914
5bw4,8.3827
5fe6,6.5102
5jqb,4.9583
5csx,11.034
5k8s,11.8901
5brz,10.6407
5u4x,9.2648
5kva,11.3874
4ud7,8.0693
5d3p,9.5824
5hda,4.6344
5f74,6.5243
5lbq,4.306
5d3h,6.7377
5e5g,8.2422
5fnf,7.5611
5flo,2.6888
5fpi,5.2326
5ehr,11.819
5lvq,7.0886
5lom,10.5022
5hpm,8.5843
5ey4,6.9283
5bs0,10.2187
5eb2,3.5786
5e6o,6.9282
5gid,12.1876
5dnu,7.0712
5fnc,8.1526
5kat,7.0559
5f1x,12.8347
5l9l,9.1688
5hv1,10.4729
5eh8,6.3043
5hkh,5.8918
5h5s,6.0716
5j32,6.77
5hwv,6.2909
5luu,7.5786
5ehv,5.6098
5dd0,3.8793
5e2v,6.6379
5l2s,10.0176
5icy,6.1515
5h9s,5.2304
5i3x,11.6242
4z7o,4.7926
5kq5,12.8633
5t3n,10.2063
5f25,7.9753
5d3n,8.6532
5huy,7.2937
5ff6,8.791
5iok,5.3753
5du6,9.6138
5fom,11.2191
4ue1,7.7664
4xoe,7.3876
5itp,7.0253
5fls,5.8625
4zsh,8.9572
4yxo,5.6317
5epr,4.983
5e2l,7.2921
5fow,6.6496
5e3d,4.9014
5glu,2.5619
5jan,3.4986
5l9i,10.5517
5cxa,10.3133
5i9z,10.1077
5ld8,6.5443
2n9e,3.3464
5i3a,0.002
4zy1,7.9415
4zy0,8.4131
4zyq,8.3775
4ydg,9.5767
5hz6,12.1701
5edc,9.8421
5hct,8.9824
4zw3,9.3722
5d48,10.7254
4zx9,6.4769
5diu,10.8035
5j7p,-4.1352
5b25,13.5515
4zy2,9.6374
4zx3,8.8477
5l2z,17.8415
4zx4,11.8795
4zx8,7.0754
5k0h,9.3087
5a9u,12.7974
5hz9,8.5196
5d47,7.8549
5d45,10.6953
5l2y,17.1389
5div,9.294
5lxb,7.1078
5ayt,-2.2111
5edb,10.4617
5fho,11.1485
4ufd,11.6125
5dh5,9.9475
5l7e,9.9185
5ew0,5.7135
5dxt,9.6461
5sz4,7.1832
5sz7,6.9836
5kr1,10.7048
5iwg,11.6028
5cgv,8.38
5iub,10.5956
5fdr,8.2972
5aaa,9.2013
5jfp,10.7666
5hz8,13.2793
5ix0,12.2258
5kqy,10.6307
5iu4,10.1529
4zj8,11.5903
5dhu,8.8515
4zx5,10.0801
5eei,6.394
5kr0,9.6936
5l30,16.5723
5cr7,5.0446
5aab,8.868
5trf,13.5879
5eek,6.9675
5sz0,5.725
5l7f,5.9643
5e2s,-34.5426
4uja,9.4891
4zjc,10.6963
5een,7.6964
5iu7,10.0471
4zw8,10.9108
5fhn,13.4448
5hcy,10.1053
5sz1,6.6736
5aac,9.1488
5ef8,6.9954
5hj9,8.3575
5iua,9.489
5kby,11.2188
5d2r,8.236
5k13,15.3459
5jg1,11.5775
4zw6,10.3868
4zyu,6.8846
4ujb,11.0721
5evb,2.1178
5evd,1.3713
5f5b,3.3422
4uff,10.1809
4yv8,-3.6994
5e28,7.4466
5jy3,12.1673
5drq,10.078
5evk,1.3334
5j5r,9.4294
5jf2,5.6785
5kyj,10.4997
5j7w,7.3867
5f1v,3.7216
5dhp,8.5815
5jf8,4.5982
5elw,6.6541
5hi7,10.3359
5k51,4.8047
5hdv,10.5492
5ayf,9.5277
5ewa,2.4378
5j9z,4.2578
5l7g,9.8097
4ycn,10.5006
4zyt,8.374
5kxi,4.7946
5fdi,5.3623
5iu8,9.1824
5j41,9.7029
4ycm,10.5099
4zw7,12.1094
5dxh,9.273
5ef7,5.4662
5hdu,12.5454
5dht,7.501
5cj6,8.7144
5sz2,4.1973
5edu,6.0188
5hu1,11.7745
5ehn,14.3039
5foo,-11.4268
5htz,10.528
5sz3,6.0842
5hk2,8.8579
5d75,10.3901
5he4,12.9644
5sz5,7.6608
5jsq,3.8392
5eg4,12.1166
5dex,8.4488
4zyv,7.5261
5dfp,10.4562
5kz0,8.9474
5fkj,8.306
5el9,6.2688
5eie,9.7023
5exn,11.7584
5dhr,8.5484
5j7q,5.3097
5dro,9.5059
5sym,11.1934
4uj9,12.8148
5hcv,14.4172
5hg5,4.6245
5dhq,8.7265
5ij7,13.5593
5fl1,8.4348
5kr2,12.6601
5drr,10.3645
5kqx,12.8945
5dey,11.3273
5exl,11.0199
4uj1,9.2741
5he5,11.5364
5ehq,14.69
5fdc,5.2329
5efj,8.6268
5fl0,8.4674
5hg9,3.9615
5fdo,8.6627
4zw5,11.0303
5jf3,6.143
5hg8,3.8246
5i4v,10.7601
5hcx,8.8339
5efb,4.5691
5hk1,9.4396
5cdh,3.985
5ime,9.1109
5fky,7.6274
5eef,6.2265
5g53,8.2556
5dqc,11.964
5hdz,10.4428
5eij,6.0136
5hdx,10.4
5dxu,8.2972
5hd0,12.3365
5hg7,3.7773
5j8z,7.0582
5kzq,8.0806
4zx6,6.668
5l7h,14.3896
5j4n,3.8875
5kap,2.8453
5dh4,7.011
5j9y,3.4779
5hu0,10.9226
5j9f,7.9456
5he7,12.976
5kdr,7.9621
5khm,11.8532
5fto,12.8615
5exm,10.9356
5f91,10.226
5aa9,12.0653
5jf6,7.8114
5jf5,8.0144
5fcz,6.8712
5jf1,7.282
5jf4,8.1529
5etj,9.6646
5m1z,8.7429
4zyz,7.1613
4zyw,6.9609
5kya,11.0329
5dhs,6.3095
5ev8,2.6302
4ydf,9.9012
5kam,4.346
4ufe,10.3027
4ufg,10.2906
4zyx,8.9914
5jxq,10.2145
5jfu,10.8215
5aa8,12.3996
5efh,5.5691
4uj2,8.4756
5a6h,6.3133
5e2k,7.7515
5jf7,7.2642
4zz0,6.7327
5sz6,7.1634
4zyy,8.6927
6b8u,13.5739
5tza,12.0938
6bfa,2.2849
5nhv,9.5808
5u00,10.6291
5vgo,14.2239
5nhj,9.4804
5k76,8.6205
5xs2,7.7878
6b4w,11.209
6b8j,9.2615
6bfd,11.4296
5nob,12.5855
5nb7,11.8257
5q0m,12.0715
5q1c,12.684
5q0n,13.8403
5q15,12.0566
5tzc,9.8376
5w5o,8.5137
5wg3,10.6319
5q1a,12.7833
5trs,9.5169
5o83,9.2281
5q16,12.4876
5tzz,11.3196
5trg,9.3578
5try,9.1121
5ts0,9.8088
5tx5,11.8812
5tys,8.0237
5ngb,6.6007
5q0v,13.5601
5q14,13.4043
5lgu,6.4743
5nhp,9.1433
5tho,8.8135
5q0o,15.0785
5uoy,10.6514
5v88,7.3848
5ox6,6.7038
5v1b,9.2271
5ngu,8.515
5ohj,10.7223
5lmk,9.7432
5lyx,8.0396
5q0p,13.7081
5mmp,9.9577
5ukm,9.6776
5pzn,14.2294
5trr,9.0012
5nev,8.257
5q0x,12.7237
5q1b,13.9788
5q19,11.9339
5tzx,10.6976
5n4s,6.9626
5ggz,9.7936
5j7g,6.1164
5j7f,9.3013
5q0w,12.8921
5uwf,10.6493
5naw,13.8243
5nba,12.1163
5q0s,12.359
5wg5,8.4587
5q18,12.9009
5t1u,8.9858
5q1f,12.6556
5t1w,7.8816
5v86,10.7858
5y3n,10.5112
6bfx,10.9085
5lgr,11.277
5lgs,12.3524
5lgq,12.0831
5q13,12.7573
5lgp,10.4511
5m5q,9.5935
6b3e,5.9385
5wg4,10.5933
5ofx,7.4569
5gso,0.3367
5l13,11.6506
5mhq,9.3282
5q1e,12.0113
5y3o,9.4308
5x9p,6.7598
5tz3,10.494
5qc4,9.5946
5q0u,13.8749
5ngs,8.7841
5v3y,11.369
5g0q,-5.5614
5wo4,9.2158
5m0s,11.9122
5v84,11.978
5o11,8.8311
5t90,5.0964
5mz3,13.1067
6bfw,11.5933
5q0j,12.4918
5t37,6.5108
5l6h,5.495
5ugd,8.1595
5v42,10.7927
5yjp,10.4473
5lqf,9.185
5tyr,9.7633
5v3x,11.1101
5jz9,4.8968
5l15,7.1856
5b5p,9.7583
5uiu,10.4999
5kcx,7.9879
5l6j,4.5798
5wys,6.0045
5uyu,14.5519
5lgt,6.9646
5h19,10.426
5nsp,12.6026
5vfd,-9.3983
6eqs,12.8094
6eo0,9.8961
6ax1,-0.2271
5mm9,2.1202
5ugg,9.0699
5lp1,9.8383
5wbz,10.0044
5wre,6.6169
5jzb,5.4823
5vqz,-3.1972
5xqx,6.2848
5qbv,10.671
5uqv,10.4976
5tuq,10.6941
5up0,8.9888
5vqx,-2.8075
5ncy,8.6449
5tex,10.278
5vqv,7.3587
5nar,12.1235
5nb6,11.8354
6ayd,9.9063
5vp1,11.9831
5vqy,7.2772
5odu,5.358
5tyn,-8.406
5jzs,3.3947
5u9d,15.7552
5q1i,11.6447
5mat,14.7892
6aud,9.0234
5l17,7.6253
5u7d,12.0816
5vp0,10.4243
5ukk,10.8268
5uqx,10.9021
5gub,11.2065
5t2m,9.446
5ukl,9.8307
5n1v,12.4637
5tzh,10.9673
5usf,13.3473
5ntw,11.5707
5nqe,9.3457
5v41,9.5187
5t8e,8.9742
5q1d,13.1988
5q0q,12.1155
5t2d,8.6592
5urk,11.2868
5vom,10.9233
5ntp,13.4072
5lub,2.7904
5lyw,8.1857
5m0d,13.3637
5wuu,7.523
5yjk,8.1245
6enx,12.9667
5vlp,3.8771
5jv1,8.4699
5h17,9.2481
5gmp,3.7965
5ncz,9.0495
5vfc,11.0615
5kgn,10.7078
5tzw,11.4695
5y1y,6.0156
5vo6,9.5893
5tur,6.559
5ur1,11.0181
5n4t,6.3172
5gsw,-3.845
5wr7,16.3978
5jv0,8.3125
5pzm,10.0558
5vqr,12.2127
5v8v,9.2482
5vrp,6.5088
5wfj,4.2196
5ngt,10.3178
5oxg,12.1762
5u5h,10.6638
6bfe,10.879
5q0z,13.0857
5wbq,7.7664
5ku9,7.6652
5tx3,8.2705
5j9k,4.0195
5kv9,10.5373
5h15,8.7373
5v40,9.2962
5ta6,11.2377
5tob,9.224
5u3b,8.8623
5tbj,10.6617
5tg1,4.9581
5w5j,8.4619
5k32,10.3141
5vpm,9.0191
5gx6,12.1856
5t23,8.0863
5y5n,9.7205
5xaf,9.3343
5q0y,13.5578
5ni0,3.0092
5vqt,11.5176
5t2p,6.3301
5y9l,8.0988
5twl,10.1848
5le1,10.4653
5usq,10.8949
5gn5,7.8521
5vgi,7.5704
5ul5,8.28
5ml5,8.5413
5w85,8.8653
5h0g,12.5636
5izc,5.0286
5h0b,12.4618
5wqa,9.4003
5ti7,8.5442
5up3,9.2239
5gn6,7.4248
5tq6,9.611
5mli,4.936
5lzj,6.3994
5ly2,9.0766
5mxv,9.9704
5x79,-6.4613
5twz,7.5497
5myd,8.1578
5kj0,9.3436
5h09,11.2295
5ne3,-10.1743
5kv8,9.128
6eks,8.4576
5uis,8.723
5tpg,13.0327
5wej,1.4225
5iaw,3.0145
5m6h,10.1231
5tyl,5.8434
5wbr,7.0827
5t92,12.054
5lcf,10.3437
5t97,12.3212
5mw6,5.6418
5ulg,7.9638
5uuu,11.7585
5gty,5.8705
5lx6,10.2903
5b5o,7.9339
5mwd,9.2136
5u2f,8.1018
5nu1,12.2074
5tl9,11.0109
5t8j,8.4382
5inh,4.1768
5t2i,8.7485
5tw3,12.4134
5vqs,12.6247
5vqw,11.363
5td2,8.411
5tq3,10.2469
5ov9,6.6064
5t2y,7.5912
5nhy,8.6599
5ubt,9.2917
5toe,7.7277
5lhg,7.8879
5ox5,7.5386
5gx7,11.3481
5lgn,4.4013
5lch,9.7723
5xmv,11.7096
5h6v,-7.1637
5mkx,6.268
5mkz,6.9217
5sxk,2.2067
5tq7,10.382
5h0e,10.8153
5u6v,10.1334
5op6,6.8034
5ti6,8.4602
5tyk,-6.5927
5m6f,8.6037
5mja,10.3628
5n9t,14.9641
5lhu,6.3141
5myr,7.0055
5tq8,13.9968
5vex,7.6146
5u2c,5.2567
5xmr,10.7165
5mw3,7.3178
5k5c,8.659
5xkm,10.7449
5m39,6.7102
5ngr,5.6261
5ti2,7.5094
5tc0,7.8958
5typ,4.1666
5xmt,10.6687
5q1g,12.0306
5ual,6.6199
5swh,1.9182
5ti4,7.4085
5wpb,7.6734
5u2e,7.9382
5q0r,13.1443
5teh,0.8367
5ttv,3.3846
5opc,5.362
5q0t,11.5872
5w86,8.7406
5x8i,13.3168
5k1v,6.3966
5m3a,8.7229
5mky,8.5938
5mjb,-7.0275
6b1o,3.8095
5xzr,10.2196
5t28,8.9147
5tg2,1.8745
5jh6,-17.8526
5v8q,9.1568
5t66,-3.6713
5ksx,7.4046
5mym,10.1749
5xmu,11.4973
5orx,5.8666
5twx,8.0938
5myn,8.8233
5mxx,9.8975
5myv,8.6411
5k6a,8.5424
5lca,9.2507
5vnd,3.7704
5ntq,9.1021
5l01,12.5402
5swg,1.753
5j9l,8.1488
6b1e,3.239
5uwm,11.6978
5m7m,9.271
5tyj,5.5953
5mrd,6.1177
5w84,7.9615
5h22,12.2048
5u7j,7.2083
5npd,3.3006
6alz,3.611
6ez6,9.5845
5uah,8.3188
5vlr,9.8034
5juz,8.85
5v5e,7.4189
5tq4,7.7896
5q0l,12.1087
5m6u,8.3073
5k0x,9.792
5llm,9.3473
5q12,12.5037
5uit,10.6091
5nhz,4.952
5dyw,9.6211
5tnt,12.3671
5v24,7.4816
5qby,9.7103
5mri,4.7977
5mar,5.5377
5mxk,8.8447
5ti5,7.6243
5u7l,9.4716
5gvl,10.7886
5xmp,9.7326
5t36,6.413
5ue4,7.7915
5m6m,9.9148
5sys,7.4135
5ti3,6.3151
5v9t,4.0899
5l6i,4.5698
5n49,10.5072
5ttu,3.8632
5mkj,9.9093
5t4u,6.8135
5uox,10.323
5t2b,8.9346
5j8i,1.7986
5ne1,-4.5822
5gnk,7.8789
5urj,13.6454
5urm,5.4512
5vqq,11.9764
5v5d,5.5774
5vlk,4.9931
5q17,11.3128
5v19,4.7621
5ml0,8.403
5j7s,1.8463
5mys,8.1574
5one,9.7258
6eku,9.89
5uiq,6.3699
5q0i,10.4771
5dyy,9.1562
5lvx,4.7028
5tts,4.2736
5tq5,10.8283
5t1t,7.3391
5npf,-10.5044
5o0s,9.9032
5tiu,8.7152
5x5o,12.8503
5tyo,-7.0695
5uvc,8.3237
5q10,11.8422
5uor,9.5258
5t2l,8.8345
5h21,5.1967
5lhh,7.2265
5ubg,11.6595
5v83,9.331
5t4v,8.491
5v3o,10.0462
5v7t,7.1227
5mwo,6.2164
5n20,6.0099
5mrh,4.7274
5mih,7.0598
5u7i,7.8742
5v7i,9.4886
5op8,3.9053
5h0h,13.1685
5hcl,3.3324
5h3q,12.9146
5ksv,7.5083
5vew,6.965
5q11,12.8083
5u7k,9.3903
5jk3,-22.6892
5xms,11.9859
5lm6,7.615
5ogk,6.0094
5lhi,6.0755
5vqu,11.0949
6eyz,1.9265
5q1h,12.8321
5t2g,9.4585
5mts,7.6365
5uir,8.6905
5oy3,8.0448
5v9p,3.8678
5ur5,9.6189
5v7w,-9.1143
5vee,9.0068
5t27,8.0184
5h2u,10.2112
5k00,12.6965
5o4y,4.124
5xg4,1.6387
5jmx,3.1534
5tyh,4.3856
5h14,10.7293
5n2f,11.4116
5ksu,6.7715
5npb,-12.4316
5t1s,7.1468
5ur6,9.3914
5or9,8.06
5mqv,10.005
5w4w,10.8137
6bfn,10.615
5uwl,11.5498
5v5n,8.5989
5ick,3.0114
5ntk,12.4388
5myl,9.3091
5gn7,8.984
5gn9,8.204
5u5k,7.5283
5gvk,11.3314
5o45,8.0593
5xvk,6.286
5xvq,6.6684
5ufr,9.215
5jur,7.0639
5org,8.529
5n1z,11.0106
5ul6,4.3254
5llg,5.8702
5uhi,10.3808
5lyr,9.5043
6euw,11.7956
5h1e,3.0627
5ufo,9.9004
5nmf,11.0064
5n8b,10.2552
5lle,8.2708
5kly,12.3577
5llh,8.3118
5ukj,10.2152
5x4q,2.5835
6axl,7.0559
5nme,9.8595
5m63,5.3496
5km5,8.6217
5m3b,9.9925
5vr8,12.5338
5tyi,8.3629
5m34,9.8553
5h1t,4.5637
5vlh,6.1769
5wa9,10.2474
5na0,8.0152
5yu9,7.6274
5h1v,7.157
5mev,8.0068
6ayi,10.372
5u06,9.3324
5wyx,11.7803
5iz6,7.6049
5nu3,10.3297
5ul1,8.2075
5unj,3.4844
5w10,10.3557
5k48,6.7734
5mb1,9.1596
5wtt,8.0245
5mxf,5.1187
5g1a,8.5205
5nwk,4.6188
5u98,8.2128
5g17,7.6547
6axk,7.5819
5h1u,4.7685
5may,7.5339
5nxq,3.3504
5xg5,6.1368
5mes,10.4226
5vb5,10.0085
5wbl,4.0683
5jop,12.1284
5v79,8.2678
5llc,8.2851
5g60,11.414
5lsh,8.9787
5klz,8.4169
5v7a,6.6302
5vb6,12.661
5vll,6.9967
5u4a,7.818
5u4e,7.6204
5m04,9.6413
5nu5,9.6166
5n8w,8.7997
5u4f,-4.7616
5u48,8.4067
5u4d,5.1141
5llo,9.0839
5g61,6.2659
5uk8,9.4546
5gut,11.264
5t2t,7.6416
6aol,7.2632
5oku,6.3408
5n87,0.224
5vqi,5.9327
5wa8,10.2799
5o0a,4.415
5llp,6.7582
5ybe,4.2565
5gmv,5.5804
5t18,13.4709
5bjt,3.0646
5wqk,9.1097
6awn,9.4411
6aom,7.8866
5u0z,7.2196
5km1,9.5066
5wl0,11.584
5nwi,6.3343
5j20,11.5943
5u49,6.9301
5nkb,11.1629
5vad,11.9864
5nfb,6.7523
5u4g,-5.881
5wxh,5.7919
5fso,5.234
5u0y,6.7622
5n2x,8.5714
5nai,12.2852
5n58,8.9144
5w7j,4.9238
5y5w,3.1191
5n0f,9.6971
5tvn,9.518
5wbk,5.4113
5mmg,8.7516
5u4c,7.0054
5n55,9.9552
5xyf,4.365
5tbe,12.8633
5tpc,5.0461
5v4b,5.8091
5nad,8.6654
5h08,9.7962
5n21,6.2414
5ttw,5.2691
5u1q,8.2839
6eqp,7.8055
5hlm,7.802
5h63,15.0884
5lto,3.661
5u2j,4.8495
6eux,9.7403
5lo5,11.8705
5tqs,5.8014
5ngz,3.7333
5mty,11.0565
5wa4,4.0591
5kk8,6.2505
5tdb,4.9458
5mme,7.7321
5mql,7.7074
5y48,5.8482
5k0m,10.8887
5gg4,4.3309
5oei,7.4395
5n31,7.6527
5mo8,10.698
5hki,2.3992
5ofw,4.6882
5lrq,8.0454
5m9d,3.9852
5nmg,11.6689
5n7v,10.2052
5vsk,10.3113
5n8t,-660.7125
5ota,6.7368
5u4b,7.1078
5wle,5.9637
5lpj,8.4884
5gj9,3.9827
5j82,10.4164
5mgk,4.8893
5vdu,4.1235
5vdv,6.7618
5vdw,6.2766
5t70,9.4639
5vs6,11.4195
5usz,10.7581
5vse,8.2403
5mra,4.3781
5nkk,4.9928
5x54,9.1068
5vc5,10.7015
5w7i,5.5465
5nn4,3.0237
6azl,6.2623
5vcw,8.4416
5j71,10.2779
5v35,5.5816
5m5d,9.0248
5lws,10.7041
5n84,7.5437
5ta2,11.0258
5ioz,8.5292
5xw6,5.1032
5x4m,2.3661
5w6i,6.5169
6b7b,4.0454
5orv,3.2544
5f63,9.8077
5lpl,10.2061
5v5y,12.4488
5vc6,11.767
5ut0,8.8502
5tci,9.073
5mk1,3.4181
5wkf,11.0415
6b7f,8.6002
5wxg,4.9395
5ldm,4.4056
5j6l,10.912
5ml2,10.7907
5ipc,11.5903
5jsg,8.4833
5wyq,10.5298
5vwi,5.6261
5j64,11.4065
5wkh,10.4019
5ku6,4.0873
5mi3,11.5032
5uc1,11.0962
5wuk,8.9717
5u5l,8.6797
5vcv,10.1408
5vfm,-0.6831
5wbf,2.4829
5nk6,10.555
6bnh,3.3832
5kj2,13.6271
5lvf,5.9795
5orl,0.5104
5jn9,5.9547
5uwi,4.1403
5uwp,3.4821
5j8m,9.5921
5gvp,10.8925
5os4,6.7843
5njz,10.473
5j3l,7.5846
5jzi,10.3916
5mtx,12.5406
5oug,3.7031
5mi5,8.8859
5ugh,11.7206
5orr,5.4416
5v8o,6.2142
5x9h,6.4668
6bhh,7.2462
5ntt,9.9467
5ldo,5.2212
5j6n,10.6608
5j9x,10.7917
5j6a,0.0262
5mg2,9.6125
5w5s,7.7488
5iyy,6.3998
5wqd,6.0119
5y62,1.4289
5gmn,9.1048
5lla,6.9534
5j27,10.111
5u7m,11.7031
5os2,3.9346
5nk2,10.8558
5x73,10.1241
5gvm,12.6776
5j2x,10.1862
5y61,2.5538
5otc,5.8323
5kma,10.3986
5wip,3.9411
5o58,10.2581
5nki,10.8978
5nkc,11.1447
6asz,6.5802
5wlg,14.5589
5u66,4.4332
5nk4,10.7124
5mro,10.3123
5ouh,7.4375
5n18,10.0457
5o2d,12.5069
6esj,8.8181
5gv2,7.3386
5n93,8.3547
5g5z,10.468
5x74,13.5064
6azk,9.2869
5lvd,6.755
5n9s,11.6024
6euv,10.451
5tpb,4.5404
5nbw,13.3019
5mgx,5.0274
5n9r,13.2916
5lpm,8.9501
5j6m,12.313
6au5,6.3156
6ayh,8.7216
5n8j,7.5935
5n53,4.2853
5gja,4.1958
5jy0,6.6369
6bw3,4.3968
5szc,5.4269
5uwj,4.0496
5tgc,9.1083
5ml3,11.9018
5h85,7.7791
5ipa,7.2656
5vfj,0.0538
5wbm,6.9048
5vdq,6.879
5nkg,11.1375
5wyz,13.503
5yjm,11.982
5kab,6.4057
5vdt,15.0544
5w99,11.4801
5xvu,8.7309
5w94,1.778
5b6c,5.7258
5m17,9.2595
5nk8,10.6353
5tcy,7.1305
5j1r,7.4826
6ezq,6.3851
5n34,7.3186
5v13,9.0551
5moc,6.3883
6bhe,8.3932
5jq5,9.3247
5jhk,5.6511
5wic,2.53
5ulp,11.3349
5m77,10.7709
5mwj,9.3338
5km3,6.851
5lud,4.4403
5ujv,7.3659
5ta4,11.3455
5jgq,5.2819
5oq4,8.6834
5t9u,7.7538
5ofv,4.9131
5u0g,5.5105
5n7g,3.8487
5t9w,10.5988
5nkh,8.3453
5nkd,10.5411
5ka3,7.302
5k9w,8.2748
5vdk,10.0396
5ovr,8.8497
5cpr,11.3826
5vcy,9.5626
5h5o,7.9308
5os0,5.0757
5w6r,6.091
5w6t,6.0618
5ko5,6.1933
5u0d,6.0257
5hyx,7.1846
5tpx,10.6952
5vcx,9.669
5vd3,10.6108
5vkm,5.1798
5v2l,6.738
6b7e,8.3645
5gmm,8.3606
5myo,7.7823
5ly1,8.4339
5tzy,9.894
5mqt,7.7506
5lpk,7.8553
5mrp,11.1658
5nn6,6.4176
5w1w,10.9409
6bw4,4.6804
5tq1,4.982
5vzy,6.9314
5mn1,5.265
5mnb,5.141
5mnx,4.8734
5mon,5.1113
5jnc,3.9663
5mav,3.7634
5vwk,6.0592
5mnr,7.5748
5u0f,4.8582
5nka,10.1764
5txy,6.0189
5ty8,6.1569
5u13,7.5388
5jjm,2.5937
5mod,4.3784
5vfn,-4.0998
5m2q,10.1027
5jhd,12.1245
5w88,6.8298
5wcl,5.9507
5ovx,8.414
5myg,7.5403
5usy,9.6825
5tya,5.5673
5w6u,6.1726
5vd0,12.205
5isz,13.1202
5wii,2.6764
6b7a,4.7812
5ma7,6.7083
5w4r,11.2963
5ka1,7.7881
5j8u,10.2634
5ndd,7.5501
5o91,9.7757
5ory,4.408
5ml6,11.7645
5f61,10.1665
5b6g,7.8494
5h5f,10.8146
5tus,5.7002
5w1v,9.8936
5os3,4.4517
5x62,9.8844
5kad,6.9067
5tw5,8.8693
5jm4,4.6177
5nk3,9.315
5mk9,23.0298
5km2,7.1592
5ne5,10.3162
5ka9,7.0348
5n70,8.0157
5vi6,9.0127
5j1x,5.9503
5wqj,10.7316
5wrs,5.8647
5mek,13.4362
5fsc,4.4704
5mi9,9.2097
5l26,6.4336
5u11,8.1826
5u14,11.0082
5wp5,10.8658
5n8e,8.1831
5nf9,5.8735
5mlo,4.8928
5n17,8.6821
5mz8,5.1767
5km0,9.4952
5n2z,7.253
5m29,11.5514
5tuz,8.5074
5os5,5.441
5ufp,10.8128
5lny,13.691
5ut4,10.8225
5vc4,9.0199
5orz,4.3724
5f60,8.3444
5t78,5.7401
5vcz,9.7611
5tuy,7.9284
5wbp,6.4409
5n3v,7.6919
5goe,10.2636
5jna,8.4899
5tgy,16.7267
5ka7,7.7706
5yc1,2.1448
5w38,-9.947
5x72,10.0953
5nk7,11.0093
5ttg,7.7206
5mrb,10.9301
5mnc,-5.5286
5mny,4.9983
5moo,5.0511
5ogl,8.0491
5gmu,9.9085
5m28,14.5239
5tw2,7.816
5os1,4.2603
5u9i,5.9331
5mka,23.9957
5ll4,7.7746
5jsj,7.2077
5lsg,7.1786
5mqe,5.3553
5v2p,4.9961
5y59,2.8411
5v2q,4.824
5g5f,3.7017
5ltn,-4.8802
5irr,11.7217
5mxo,5.8989
5twj,8.9341
5j86,11.4395
5b5f,8.8016
5b5g,7.2464
5nfa,5.8139
5xup,4.7783
5m9w,7.1784
5n7x,6.1976
5nzo,4.7572
5w1e,6.2583
5tzo,6.1765
5jn8,5.0353
5mi6,7.3666
5jgi,5.8604
5vsc,7.5473
5mgj,5.465
5t8r,4.5128
5moe,6.0346
6b7d,5.2706
5lo6,11.5004
5mgf,4.4686
6bhi,7.8386
5km9,7.1664
2ndo,2.7109
5uff,7.5907
5ut6,8.6896
5tv1,0.6499
5vsd,7.9071
5u0w,6.2571
5if6,10.2399
6au2,8.0875
5n16,9.7218
5x9o,7.3041
5fsb,3.8538
5ty1,6.8886
5ty9,6.907
5x13,7.5902
5xxk,9.9406
5lu2,5.6298
5tco,12.2268
5nzp,3.9922
5tbp,10.1232
5myx,7.8021
5f62,8.887
5ufc,10.9768
5go2,5.0172
5n99,10.8903
5osd,5.0228
5jcb,10.868
5t6z,9.5958
5ofi,6.8761
5wbo,6.0207
5ot8,7.609
5ijr,5.1763
5t9z,11.2047
5w5u,7.2477
5lt9,4.9294
5vgy,6.6911
5nge,11.1541
5t35,12.1475
5o0b,5.8893
5xn3,5.7663
5gtr,3.2622
5u28,9.5333
5ldk,4.8259
5ldp,7.0176
5ose,2.6016
5n1x,5.2002
5x4n,2.859
5fyx,5.696
6awp,4.4698
5t8q,6.0318
5ioy,8.393
5ja0,8.0113
5gp7,6.9676
6b7c,7.6886
5kww,7.9488
5vsb,12.4002
6f0y,2.8421
5u0e,4.8517
5kej,4.3792
5ngf,6.4899
5szb,5.2137
5ow1,7.0766
5kzp,7.3068
5w4v,12.1077
5njx,4.0489
5aan,6.4308
5nk9,10.6492
5my8,12.3107
5u7o,11.1375
5wir,4.7641
5umz,6.606
5vc3,8.8781
5mi7,8.4466
5mtv,8.041
5vd2,8.5506
5orw,4.4923
5t7s,6.982
5n2t,7.6134
5u12,6.4648
6axp,6.0771
5j7j,4.1248
5gsa,9.0327
5ll9,6.8818
5ot9,6.5988
5gs4,3.5981
5mpz,6.3583
5o4z,12.1182
5f5z,9.63
5jhb,7.7164
5uxf,18.8141
5mge,5.6069
5t6p,7.4187
5x4o,2.3713
5ort,5.0152
5mk3,4.209
5vdp,13.1583
5ml8,11.13
5lyn,5.281
5mlw,4.1792
6ayn,8.9961
5n3y,8.2908
5nzq,5.003
5mrm,7.8943
5wio,2.6651
5x4p,2.7169
6b27,5.415
6bhd,8.0975
5nyz,11.0352
5nz2,7.8847
5gof,12.1204
5ll5,5.5758
5gvn,10.3317
5mob,10.2638
6at0,7.0321
5oui,4.5098
5vsf,8.7297
5xo2,4.9875
5xof,5.3082
5vd1,12.6862
6eww,4.392
5wal,8.646
5mw4,12.473
5vo1,9.3482
5w7u,8.8044
5ult,8.3521
5wlo,10.0047
5oq5,10.9183
5uv5,2.9896
5opb,10.4195
5uov,10.67
5oq6,10.2021
5oot,9.3521
5nee,5.1957
5wb6,14.8805
5xp7,7.9374
5mim,3.5088
5opv,9.1172
5opu,9.4793
5nea,6.726
5we9,5.9258
5mqy,1.8132
5lpd,11.7546
5v82,11.9592
5hz5,11.8297
5iu6,4.5195
5q0f,14.3661
5u6b,9.5166
5h4j,7.9364
5vo2,9.1226
5jzy,12.1202
5w9g,6.4092
5wev,8.1624
5tku,14.7687
5q0g,13.1842
5tdi,4.2559
5op4,8.2635
5vb7,12.1735
5g22,8.3976
5n8v,10.2885
5op5,9.3323
6b97,10.8988
5op2,8.9473
5tqg,14.5928
5jfd,9.5871
5m4q,4.7463
5mby,4.7505
5t8o,10.4055
5oq7,8.8216
5unf,13.5868
5ung,13.6071
6b4l,9.8681
5unh,13.373
5wef,7.0133
5wyr,10.7247
5waf,6.2903
5hh6,0.2816
5ura,11.4285
5hh5,3.7158
5upz,11.5874
5q0e,12.7538
5kns,5.4516
5knx,4.7784
5m7s,6.0491
5ur9,6.5127
5vp9,12.0698
5q0d,14.1457
5wqc,9.2705
5ws3,8.5692
5hh4,6.8062
5m23,6.9823
5t8p,7.5075
5ljt,6.8712
5n24,7.2673
5oq8,9.0906
5x5g,-8.1031
5mlj,9.6524
5uoo,11.1381
5knr,6.8852
5ndf,2.6917
5uex,11.5708
5kyk,-6.5304
5w3i,5.4196
5gwa,-8.8223
5td7,5.8768
5vkc,12.0519
5n1s,6.8455
5v8p,5.1834
6eo8,7.7604
5g2b,11.7631
5wcm,-16.0626
5n1r,6.5393
5uig,7.5909
5gwy,3.3404
6en5,10.257
5qcm,11.324
5vtb,5.0589
5qcl,11.8392
5u8f,11.1494
5l8a,9.7062
5jha,8.8806
5q0h,15.0242
5knv,6.5189
5uwn,9.596
5nih,10.0261
5thj,3.0852
5hvu,8.6388
5m4f,10.9998
5m4i,11.6066
5m56,10.9563
5u8a,9.7867
5ugc,4.272
5m4u,11.4589
5uln,6.495
6b96,11.0053
5vjp,7.2479
5th4,3.5125
5mae,1.7858
5nf5,6.7594
5mhp,11.9337
5k1f,6.3264
5obj,8.3246
5n25,7.0722
5ueu,9.8364
6eo9,5.4225
5wae,7.1512
5uf0,7.7139
5uga,8.5718
5ugb,7.2162
5mte,6.8776
5neb,7.8658
5mkr,8.8368
5mks,8.7057
5nfh,10.5186
5gwz,2.6855
5tqe,15.4954
5tt3,3.9975
5ljq,7.6504
6awo,8.3452
5m4k,7.3973
5uwk,11.1208
5iz8,7.198
5uv1,7.5674
5opr,7.4624
5upf,16.6379
5osk,8.2597
5u6d,9.1052
6esy,5.132
5v4q,-9.6425
5knu,5.4798
5mjn,5.199
5k1d,6.7111
5o4f,8.1542
5y7w,3.4582
5un9,6.9293
6b4u,10.4785
6b98,5.6148
5w13,4.4333
5iez,9.1182
5qck,11.0703
5u6j,13.2012
5vij,9.9922
5thi,0.1968
6b4n,10.3181
5tg6,5.6526
5u8c,11.9689
5tg7,3.2134
5kks,9.1551
5ug8,5.3462
5wei,4.6462
5iza,8.5738
5nx2,9.0884
5tkt,15.2164
5ufs,13.335
5n0d,9.7346
5nn5,6.0931
5tp0,7.0679
5n0e,9.3171
5voj,13.337
5iz9,6.5553
5g57,9.5346
5m7t,8.8712
6f3f,7.5706
5tt8,3.2214
5vih,8.5771
5tuo,4.4283
6b16,5.6551
5t19,9.876
5o07,5.4382
5mfs,11.2965
5mft,11.2695
5maj,3.0766
5nf6,7.2127
5dpx,5.8219
5knt,7.4975
5wac,6.8328
5uv2,7.2088
5ufi,8.3653
5m2v,6.8642
5obr,8.2949
6ep4,4.4355
5g1z,5.5865
5m44,7.4175
5m4c,8.7328
6equ,8.3407
5vt4,8.9204
5w14,4.7716
5tg4,3.2004
5uey,8.1154
5mfr,-25.0937
5vii,10.6531
5wzr,6.8193
5w12,4.9973
5v6u,6.548
5om9,-2.512
5m25,7.1334
5tfx,8.563
5u69,10.1066
5wag,5.2857
5ti0,4.0797
5ofu,8.6907
5u94,9.2165
5wex,6.2857
5v0n,14.8276
5tks,13.273
5m0m,14.1236
5qcn,11.5387
5w8v,7.7589
5v1y,6.8978
5wad,6.3604
5xhr,-7.4817
5nin,6.7643
5ula,7.7683
5kez,9.9229
5two,10.6029
5n6s,6.043
5tv3,4.5599
5l87,10.7277
5ops,8.2274
5vjn,7.6833
5j87,9.5959
5m7u,8.0179
5ug9,5.4867
5lce,11.1582
5vsj,7.8963
5thn,4.6678
5tg5,3.7893
5uez,8.3193
5upe,14.0685
6f22,7.9949
5qil,11.2374
6ccy,11.0442
6f3d,10.0648
5kpk,10.5584
6c6o,6.1485
6c4g,8.3705
6f23,7.9611
5qim,11.5928
6ffn,6.3057
6ba7,7.0281
5xyz,5.307
6do3,8.3082
5ni5,11.0819
6esn,11.9442
5o7e,5.6976
6df7,11.1525
5y6e,6.4603
6ckx,9.7837
6fgq,10.347
5yg3,10.0267
5kpm,8.5214
5nib,11.7595
6do4,7.8131
6f3i,9.1403
6df4,11.0631
5owc,9.702
6hvj,12.754
6bbu,8.2689
6fex,13.6952
5ni8,11.835
5ni7,10.3854
6bfp,8.4701
6f1x,9.5655
6gin,12.9226
6cck,9.8087
6ed6,10.6556
6bir,8.028
6frf,9.2876
6gip,12.4572
5osy,11.9106
5yg4,10.616
6dzq,4.6506
6ft8,11.393
6h1i,12.0861
6hvh,13.5344
5qin,12.5112
6ew3,2.9772
5yso,10.0622
6cco,9.623
5y6d,5.0242
6cz3,9.5937
6mr5,3.7409
6ffs,5.0879
6dcz,2.5363
6do5,6.2933
6f3g,6.6089
6bu1,7.8231
6cje,5.7933
6f3e,9.6846
6h7z,10.5388
6cgp,5.8498
6cz4,12.8833
5wgd,4.5235
6ggn,10.3777
5ux4,11.0556
6f5h,11.4318
5wzu,9.2976
5t31,7.1991
5lh4,11.6517
5ncq,8.2501
5wdj,5.8658
6ft9,11.2254
6q73,7.1763
6bsk,9.6633
6cis,11.7274
6hkz,11.1815
6fqo,10.7098
6ep9,14.1269
6fr0,10.6549
5x02,1.5322
5w8i,7.9939
5mwa,14.9686
6apz,6.463
5y8c,7.9722
6c7d,12.0369
6gi6,10.9127
6etj,11.0696
6hdq,8.938
6ciy,9.9753
5wzv,8.9503
5wzt,9.7806
6biy,8.1324
6giu,9.5687
6ft4,8.9665
5y8w,7.3713
6czv,8.1421
6cmr,11.0695
6c7f,10.6324
6c2y,9.2856
6ccq,7.2543
6g4m,4.8457
6hdo,10.5446
6biz,8.4307
6cw8,8.0448
5wzs,10.0717
6e9w,9.8836
5zh2,9.5428
6g6w,10.1975
6f2n,6.3028
5yzd,8.6885
6c8p,7.3492
6g5j,9.8087
6biv,8.2621
6bix,8.1123
6dqb,3.7646
5z9e,5.0399
5wgq,4.4706
5yve,8.2031
6bx6,5.243
6h7y,10.9406
6dqa,7.8893
6ft3,8.9546
6mx8,8.3424
6hvi,9.2204
6c7i,10.2248
6acb,9.3709
6i8l,8.5862
6eum,-2.2319
5o7n,3.9916
6fkp,4.1501
5ylt,12.6087
5y0z,10.8737
6bin,6.2195
6ffh,8.2548
6czu,1.6187
5x27,8.5468
5l9h,7.4476
6gy1,7.5755
5kpl,7.1945
6bjo,8.5311
5z4o,8.3527
6d4o,10.1568
6ar4,8.2723
6bil,9.0134
6axb,9.2521
5y8z,7.0547
5zun,14.0726
6f5l,8.6946
5zz4,11.3076
6h1h,9.5077
6iil,8.3585
6aak,8.5104
6gop,-11.5394
5wkl,1.7807
6bbv,8.6447
5yqo,12.7518
5o7i,8.2346
6iin,7.8909
6e4f,11.9844
6aum,9.3797
5y86,8.8177
6f8u,8.9925
6bij,9.4861
6e9l,10.8198
5okt,8.4012
5w0e,12.5907
5z4h,8.3664
5nr7,10.5747
6cyb,11.9544
6hkj,10.1082
5xgh,7.8492
6ck6,7.8122
6dl9,8.022
6e99,11.4804
5zwe,9.5508
5zob,6.1285
6au9,9.2397
5wzw,8.9566
5zfi,8.4012
6c7j,11.043
6bkh,14.2871
6hmx,10.5061
6g3y,10.3682
5zz2,9.085
6few,12.4538
6fil,14.3604
6g8n,-9.1042
5w0i,11.9989
6bqa,10.2807
5vil,10.0024
5zeq,6.1025
5yof,1.1479
6c7b,9.2288
6bln,14.4656
6dko,7.9658
6bib,5.9248
5mwg,9.34
6hjj,9.247
5wg8,4.6627
5zwf,3.116
5yjf,6.2093
6cjw,6.1171
6ev0,10.158
5zwh,0.5082
6br2,11.2431
6br3,11.8751
5mxq,-2.5928
6g7f,-10.3369
6h7u,3.2507
6hzp,3.668
5xpn,12.1889
6c0u,10.7593
6c5t,10.5346
5nwd,11.7138
5ows,13.6061
5w0q,8.027
6gn1,7.9203
5nq5,9.4613
5wi1,9.9575
6f34,5.4579
5yfz,10.3243
6bl1,-0.056
6fdq,0.294
5yjy,3.4873
6hsz,5.0008
5xv7,11.9917
6dvl,7.7816
6eqm,11.7334
6fyv,11.5732
6g93,9.1053
6gl3,10.1249
6h3k,9.0741
6fr2,9.0442
6iik,8.918
6e2n,10.952
5wfc,10.173
6fnx,8.5943
6hu0,6.8788
5nra,9.4876
6by8,10.7213
6hu2,5.2798
5nzm,4.8137
5nut,11.717
5wh6,8.9205
6bg3,12.1267
6ful,6.0894
6fo7,10.7545
5w2p,6.7774
5w2q,6.8525
5yg2,11.073
5mzg,9.4899
5olb,9.3607
5xyx,6.2488
6eox,6.9493
6fyp,11.1069
6cyc,10.9682
6dvn,7.0155
6cq4,7.9097
6dxg,8.5047
6as6,8.7098
5nvh,12.5961
5ocj,2.6511
6ez9,8.4029
6bsm,2.8891
5nrf,10.5355
6g2a,10.7137
6cho,10.6423
5nvf,13.3701
5nwb,11.1735
5uz0,10.7476
5w0f,11.768
6f6u,9.3765
6f8v,9.1326
6c2x,6.9131
6fo9,9.9826
5y5u,8.2025
5yz7,6.7557
5nr8,9.8115
5nt4,12.5975
6f8x,7.9081
6c7g,7.8666
6fo8,11.1446
5zmq,5.7
6bmx,10.9758
6di1,4.4511
6cef,6.7465
6gxu,6.0566
6htz,5.6584
5w0l,11.5795
6buv,6.6052
6ht8,5.5854
6hu1,5.8647
6ftn,9.6268
6chm,7.1953
6bqk,9.2361
6bg5,11.7871
6q6y,8.0116
6h9b,11.7634
6ge0,12.774
6bt0,4.2821
6es0,11.2721
5y93,7.4676
6ds0,9.976
6fqu,9.206
5of0,8.965
5zwi,11.7544
6hd4,10.4549
6fdc,8.4428
6g4n,6.0287
6g1u,10.2444
5vio,9.4076
6bic,3.982
6c7e,10.0371
6dlj,6.1872
6bid,6.2967
6ew7,7.4364
6ezg,9.909
5yov,4.6458
6fyi,6.8101
6fdu,1.6421
6gmd,9.438
5xpl,12.4045
5nat,11.0125
5o48,9.8467
6f8r,9.5128
5zh3,8.9167
5y5t,8.447
6fzu,6.0017
5wvd,9.5022
6g9a,9.2864
6bmv,10.423
6e2m,8.9896
6c5q,11.0261
6htt,5.7297
5o1s,-0.8923
6g28,13.2721
5qik,12.5757
5w8h,8.3622
6fob,10.6834
6dxx,11.9987
6ccs,6.4388
5xpm,12.1181
6cjy,5.7919
6f8w,9.4652
5wjj,13.685
5o9h,8.5804
6fgl,8.0846
5oae,4.9822
6ary,-1.6618
5yql,11.913
6gx3,4.53
6dud,2.6111
6hjk,9.516
5wfd,10.1769
6ela,9.8699
6bky,6.6135
6ccl,6.5761
5xst,10.3855
6g07,10.5813
5wg6,9.1157
5nt0,11.131
6fn9,5.4895
6mrg,8.8712
6esm,10.0196
5nwh,6.011
6cyd,12.3815
6g9n,13.8468
5yzc,9.8898
6exm,9.5281
6hm6,7.3487
6ewe,3.2721
5x33,9.6459
6cen,8.5902
6b41,6.0494
5ohi,11.1935
5o4s,9.419
5xag,8.8478
6dcy,2.9693
6b31,8.9349
6cjh,4.4779
6aah,10.7291
6eji,12.2318
6ccn,7.8758
6fu5,8.666
6alc,9.267
6c0r,12.125
6g91,6.2614
6ehh,9.2342
6ek3,8.2716
6gh9,3.2568
6d8e,4.0329
5ye7,9.4087
5ye9,9.9594
5nve,11.2491
6cq0,6.4328
5wi0,10.1411
6ekd,9.2477
5xpp,11.9108
6duh,12.4125
6ce8,6.751
6dvm,8.0764
6fyk,9.9132
5yun,-3.3143
6g9h,11.5966
6g8m,-10.2728
6g9j,12.0801
6g97,9.9176
6c0n,12.97
6g9d,10.2436
6chq,10.0757
6cd4,9.3335
6bke,12.8814
6cqf,8.9381
5zh5,9.4157
6aam,10.095
6enm,10.7707
5nsx,12.7166
6g9k,12.7333
6bkx,0.1657
6bl2,1.0606
5xig,9.9212
6dgt,11.216
6c0t,11.1311
6fer,10.6107
6gxw,4.3197
6gih,8.4741
6da4,2.597
6ck3,6.4302
6cec,6.9716
6arv,8.934
6bq0,-1.2237
6db4,4.9322
5x28,8.5521
6aaj,9.0028
6cn6,14.7134
5yji,6.9551
6ei4,5.8473
6g0w,9.5215
6cj1,9.7727
6anl,12.0795
6dug,12.3863
6f6r,6.8413
6ccm,8.8574
5zms,5.2412
6hdn,6.8197
6hu3,5.8882
5xij,8.6728
6ey7,5.3884
6ekn,9.7405
5w6o,12.4174
6e06,6.2824
6e05,7.6483
6db3,10.3665
6cki,8.3309
6cq5,8.1274
6g1v,11.5387
5w5k,8.2144
5x26,8.8444
5yea,9.8693
5ztn,6.9267
6bkw,14.2145
6cmj,12.3233
6en4,8.8382
5xfj,6.4375
6c42,12.1638
6asu,6.5796
5xff,7.5273
5mxr,0.5724
6f8b,3.4102
5nuu,9.9119
6q74,8.6899
6bik,13.8922
6cj5,5.4463
6dnp,8.5938
5owt,13.6718
6hf5,6.7414
5ow8,9.8162
6b30,10.167
6dvo,5.7466
6bmr,10.3949
6gxa,4.0181
6euz,11.4125
5nvc,11.8028
5wh5,8.3827
6cee,7.1042
5nwg,9.6564
5yjo,-7.767
6ay5,10.4742
6ax4,9.8406
6f4n,5.6302
6fzx,3.453
6fod,10.9718
6g1w,8.7741
5zh4,10.0249
6mvx,4.7216
6duf,11.63
6gz9,4.2942
6b33,11.8612
5wkm,0.3111
6bh8,4.1142
6g9m,11.2226
6mu1,-36.0804
5nwc,11.4575
5nqr,10.338
5xih,10.0264
6afr,5.5749
6fgy,9.4706
6mx3,10.7064
5xii,9.4776
6hth,6.3588
6g92,6.9398
5vm6,9.4887
6hm7,10.2058
6f6d,8.1052
6b5j,8.1039
6dcg,13.6472
6fyl,11.4944
6f8t,8.279
6e0q,3.4696
6ety,8.2286
6bo6,10.1549
6emh,10.0604
5xpo,12.3013
6ffi,10.2045
5w6e,9.5746
5xyy,8.345
6ay3,10.9882
5ygi,9.9134
6i3s,10.7507
6ezh,9.7363
5yqn,11.9225
6hsk,7.4482
6ex0,4.8979
6hti,5.8415
5wf7,9.06
6axq,5.8523
6fs0,17.0011
5mpk,8.4019
6ma3,8.4139
6ma5,8.6574
6ma1,6.4326
6d56,12.3428
6eq8,12.2261
6cus,2.8611
6cks,8.4803
5nlk,10.7087
6eol,9.1677
6fa3,6.9938
6fyz,10.9311
6d55,12.904
6ma4,5.9067
6fa4,7.2526
5ygd,6.4618
6ckr,9.3926
6bh1,9.031
6epz,11.6519
6chp,10.5326
6ht1,7.3109
5mpn,7.703
6as8,7.9474
5ypo,3.9257
6b2c,9.8747
5unp,9.3198
6fs1,12.2273
5yj8,5.7777
6afl,-15.5536
6b1c,10.3236
5ymx,10.4971
6d5h,12.1799
5ywx,8.8428
6h7o,7.7033
6d5e,10.8789
6bgy,9.3502
6ajj,12.0568
6cve,9.5738
5vk0,4.73
6bgv,8.944
6ghh,4.952
5ya5,9.379
6fo5,10.6081
6msy,8.6615
6mub,5.1185
6eq7,9.8987
6b1k,10.7153
6bgw,8.717
6fa2,4.6516
6bh0,9.6859
6cqz,-3.9475
6cqt,-13.718
6fsy,9.5086
5y97,0.439
5z7j,11.3529
6bh5,8.7206
6d5g,11.3539
6dq8,8.622
6df1,6.6017
6gfs,4.853
6f5u,6.0931
6ajh,11.7865
6nao,8.5967
5xhz,4.7883
5yyf,6.765
6epy,14.3121
5w4e,6.5884
5v37,12.9945
5y21,4.4799
5uc4,10.7872
6f7t,5.4521
6ar2,4.3457
5zia,5.9864
6fbv,10.4788
6gf9,5.1244
6bgz,9.0428
5xjm,6.5134
6ghp,8.8972
5ucj,11.8781
5xo7,12.7817
6cvf,9.4842
6d5j,10.2472
6bgx,8.2564
6bny,7.9009
6coj,10.3034
6gvz,9.064
5yf1,4.3086
6afj,1.0409
6bgu,8.4741
5oxl,5.3303
6czi,9.3382
6er3,6.1997
6drx,9.8321
6ce2,14.0867
5vyy,10.0825
5ygf,6.8299
6mwe,14.8516
6afi,-1.7178
6f6i,7.1922
6c91,8.6681
6cv8,3.2369
6gjn,10.5831
6afh,2.1114
6e5x,6.5984
6dkb,11.4897
6mu3,7.8817
6eq3,7.7559
6cdm,8.6683
6ckw,11.5026
6ge7,-3.8864
5y6k,2.4587
5nwz,5.8286
5w5v,7.8525
5muc,5.6831
6afc,-2.4737
6f6n,6.5437
5oht,7.6499
5uch,9.0839
5xwr,4.9818
6cdo,7.875
6f09,5.9507
6epa,7.5393
5ovc,6.8825
5umx,8.7308
6b5i,11.2281
6bu0,3.9634
6ey9,11.3175
5ugm,9.72
6f7c,9.7562
5yvx,5.9148
6fv4,6.4909
6gw4,7.7544
6f6s,5.7529
6fmc,8.0749
6fmf,3.588
5wmt,8.5806
5zk8,8.9325
6f7b,12.67
6mnf,5.9135
5vb9,9.0675
5z68,9.1366
6eq2,6.9566
6bm5,10.2745
6cw4,3.4656
6ey8,11.4977
5owf,5.6292
6mj7,4.6044
6ftp,10.1277
6ced,7.2414
6cms,10.8285
5vm0,10.0511
6eog,8.9177
5y80,7.2189
6cdp,7.0727
6ajg,9.8573
6b5r,7.0756
5un1,7.2477
6czf,7.8099
6dxl,9.8973
6er4,9.4505
5za2,-11.529
5zk3,11.1908
5mwh,8.7859
5om7,14.3141
6avi,3.2613
6b1h,-11.4553
6b1f,-10.804
5mtw,5.5736
6cdg,8.0056
6eyt,11.636
5o3r,9.71
6gnw,5.1535
6aoy,6.2976
6arm,8.4554
6drt,4.6791
6f4x,8.6287
5oxn,6.5753
6ftz,7.9546
6ct7,5.9685
5qap,5.2764
5qam,6.0113
6cvd,4.1074
6bnk,9.4366
6bef,9.6116
5os8,8.676
6fx1,6.3362
5umy,14.5434
5yvt,7.9511
6evq,3.4891
5o22,7.3239
6fkq,2.4425
5zw6,8.1238
5yft,11.1186
5xiw,10.3006
5nap,12.2071
5yz2,8.3864
6b5a,6.1235
5yc2,3.7617
6hmg,8.9262
6hai,14.0902
5yqx,8.8985
6bnl,9.2402
5qa7,4.8041
5qan,4.601
6fgf,4.7389
5o1c,7.0081
5o1g,7.1491
6g9i,6.2273
6chn,10.891
5nn0,3.6108
5yc4,5.3292
5nkn,11.21
5qaa,3.5824
6min,5.1683
6glb,8.9397
6gfx,5.797
5otr,8.6919
5ytu,2.3935
6dq4,9.8736
5o9o,11.0069
6clv,9.3935
6e4u,9.3547
6afg,-2.7272
6gy5,5.625
5yfs,10.4685
6cfd,9.8203
5xgl,4.1333
5nwe,7.8831
5z99,11.2462
6el5,10.1088
6gl9,9.2073
6gji,0.9153
5ylj,9.3734
6gjl,8.7469
6fnf,14.0856
5oha,4.4317
6am8,8.0721
5z7b,6.6049
5yc3,5.2288
6eqa,7.9732
5qat,5.2307
5y6f,14.7974
6fnj,15.1557
5mo2,5.8848
5mnn,6.3179
5mno,6.1818
6csr,5.6594
5qah,7.6619
6f5w,5.2649
5o1h,6.3348
6h2t,6.907
5y7z,7.4728
6bcy,4.8634
5qai,5.8779
6gu7,6.8491
5qb0,3.5837
6aox,7.8251
6eq6,6.1209
6g36,10.4439
5zuj,4.9614
6bd1,5.0822
6czc,6.5603
6fbw,7.6414
5yba,7.1774
5o0j,11.5274
6gu2,9.5258
5qax,7.3274
5mos,6.1391
5y94,7.1689
6g0v,5.7651
5yh8,6.8527
5n7b,5.9783
6cnk,-1.5241
6g35,10.2671
5qa8,4.93
5qar,6.4464
5qa4,5.1439
5qad,4.8617
6fuh,9.7481
5qa6,6.0491
6faa,8.1983
6fa5,8.8281
6fac,8.8816
5o5a,8.6206
5orj,7.5702
5vkf,6.359
6bj3,11.4839
6fgg,5.9904
5nyh,13.4368
5zop,4.2331
5wew,6.2885
5xsu,9.7545
6i8y,8.4917
6gu6,8.5286
6gjr,7.2806
5yhl,6.2359
5ov8,7.9641
6dub,6.4678
6eq5,7.1671
6fse,7.7041
6cd8,6.482
5nne,4.1459
6evn,5.8006
6fba,6.8651
5qas,4.9222
5wa5,9.3673
5odx,10.9673
5z89,4.2267
6bvb,4.4633
6e4w,9.8782
6e49,2.1838
6bed,9.5991
5olk,7.2375
6bdy,10.5661
6mim,5.2425
6hm4,5.055
6aqf,8.5097
6e59,8.0033
6gon,7.2327
6goo,7.8394
6h96,17.9433
5o3q,13.0572
6b5t,6.8862
5zoo,3.9209
6fi4,7.2609
6fhu,4.5332
6dki,12.5537
6gl8,12.4983
5zvw,8.5184
6bh2,9.7787
6c99,10.0734
6eq4,7.8243
6cdc,8.0185
5oua,5.86
6egw,5.3615
6dkg,10.9218
5vzu,4.5966
6chh,13.5176
6faw,7.4455
6f4w,8.2344
6e2o,10.7755
6boe,6.9714
5xsr,10.766
5znp,4.6239
5moq,6.3616
5mng,6.3312
5mnh,6.3634
5mo0,6.1521
6bm6,10.5835
6d28,9.6135
5qag,5.161
6gjj,7.207
5yhe,7.8445
6b3v,10.5169
5os7,9.4548
5o55,7.991
5o1b,5.6714
5qb1,7.3506
6fut,11.6134
5zt1,6.301
5znr,3.1587
6cfc,8.5688
6bbx,11.0509
6hke,5.348
6dk1,8.4697
6g6y,9.0951
6g6z,7.8218
5qak,6.074
6guf,8.5208
6cwn,9.9403
5qab,5.303
5ndb,6.6656
5o1d,6.0948
6bee,11.0915
5qa9,4.2134
5ork,7.9707
6elp,11.7707
6g38,10.179
6gub,10.5318
5uxn,5.8357
6g0q,4.6298
6eq1,13.2593
5qae,4.9286
5qao,4.4276
5oqu,6.5107
5o87,6.6171
6beb,10.746
6f1j,5.5888
5qac,5.3348
6ahi,-1.5136
6css,3.935
6guc,8.8099
5n1p,5.406
6egs,7.0023
6gjm,7.3526
6guh,9.9248
6fnq,5.2881
5ost,8.3509
5oaj,5.5915
5yyb,9.0795
6co4,3.9253
5oax,7.9042
5wj6,4.8753
6gla,8.2267
5oss,5.9272
6gnp,3.6891
6hsh,5.6124
5z95,3.7492
6miq,6.0473
6evp,5.3843
6aji,10.6534
5o0e,5.4569
6em7,6.0873
6ema,5.4719
6eru,5.2489
6esa,6.1697
5nau,12.1846
5qaq,6.1204
6cwi,9.0568
6cwh,8.5034
6cwf,6.8519
6ggv,5.9039
6e83,1.7429
6f9g,3.5737
6hd6,7.9105
6fi5,9.5625
5oa6,13.1045
6hpg,5.1496
6gr7,-0.2335
5zu0,7.5822
5zzw,7.8247
6g14,10.7232
5xvw,6.3904
6afa,-2.917
6af9,-2.6848
6grp,4.7204
6fe1,8.5709
6fhq,3.4248
6h7n,8.5786
6ekq,8.4143
5owa,6.9773
6gnr,7.0614
5uxm,8.4312
6fau,7.7825
5vl2,10.3241
6a6w,3.3512
6afd,-1.9989
5xs8,12.2156
5mqx,6.5736
5yv5,4.7442
6aff,-1.0185
5y20,6.0055
5qa5,5.5443
5o1f,6.0199
5o1a,7.6656
5vh0,7.6916
6ami,8.532
6fhk,12.6703
5yl2,10.6496
5qaf,5.7608
6gbe,1.6884
5yqw,13.4279
6bau,1.6454
6g86,6.3883
5ybi,5.7861
5vqe,-17.4623
5nud,-11.3661
6fe0,6.6233
5qaj,5.4218
6eya,12.4057
6h7b,5.1414
5o1e,6.4336
5ovv,6.9038
5yto,5.1105
6hoy,6.8267
5ogb,9.8757
6ccu,6.1552
6q3q,5.7658
5qal,5.3438
5msb,7.8641
6fui,10.039
6hqy,5.7936
6mdq,8.102
6h8s,8.4547
5w8j,11.5332
5yy4,6.4072
6g9u,8.1013
5osl,9.0448
6ei5,13.0077
6cd9,7.7817
5yij,7.7053
6hk6,6.7676
6csp,5.5151
6f08,5.7282
5o9r,10.2585
5ody,9.9882
6c3u,7.1167
6ma2,5.7703
6eyb,11.2134
5uci,9.2771
6g3a,10.6003
6baw,9.2906
6g15,9.4631
5ol3,5.6322
6erv,5.1669
6erw,5.3219
6cer,3.5492
6ap6,10.717
6afe,-54.8261
6an1,7.2366
5o9y,12.5414
6b5o,6.6563
5y24,8.8717
6g39,10.5654
6ap7,10.2093
6fav,7.4602
6g0z,10.67
6h1u,6.389
5oah,5.7387
6ezi,5.9086
5qaz,4.5571
5qaw,6.1129
6b1x,-6.2618
6b1y,-10.6165
5nze,8.8127
6csq,5.9355
5orh,6.5677
6g37,10.2102
6b22,-9.6666
6b1w,-10.7886
6b1j,-6.9861
6gu3,8.4337
5wep,6.3717
6e4a,8.3319
6h77,13.6086
6h78,11.0475
5w2s,6.5919
6mv3,3.7072
6hly,10.1997
6hlz,10.4062
6hm2,9.8654
5ods,2.0126
6exj,6.3822
6czb,3.2366
6dlx,2.1554
5wij,6.937
6f20,4.4593
5qb3,6.1897
6gue,9.6024
5o1i,-75.5518
6bj2,9.3591
5vnb,7.7294
5yls,9.8367
5tkk,7.759
5xpi,3.5164
6gzh,8.5427
6gzm,9.6785
6bcr,6.0629
6fdp,4.7913
6bw5,9.851
6cpw,14.2291
6et8,16.4228
6b5q,9.2567
6g34,9.6385
5o5m,10.3959
5ot3,9.7414
6ert,8.8509
6bhv,11.8479
6cf6,5.4546
5zla,10.7225
5zku,9.7666
6fdt,4.0329
6fug,5.8158
6fuj,7.4266
6elo,11.5017
5nz4,8.644
6gnm,1.4812
6f1n,8.5577
6bod,5.7485
6mxe,9.5042
6df2,6.5033
6fjm,6.2883
5xmx,8.9178
6fsd,6.5718
6g9b,6.4285
5umw,5.5015
5qay,4.041
5ywy,6.173
5v3h,9.0899
6atv,4.7174
5wmg,10.6644
6d6u,7.4674
6d6t,7.7859
6g85,6.4646
5o9q,11.4005
5zo8,9.5814
5zo9,8.9223
6d1x,8.5704
5zkc,9.705
5yc8,9.5193
6dq5,8.5737
5otz,9.1928
6arn,7.7592
6g47,4.6919
5oxk,5.0558
6mjf,10.1938
6ghj,7.3399
6fjf,6.3045
5ohy,7.0744
6evo,5.6183
5niy,7.9747
5wik,7.7093
6fu4,4.9524
6f8g,5.8092
5yyz,5.1133
5wou,5.8451
6hlx,10.4711
6htg,4.9179
6f55,3.7684
6c28,7.3605
6ckc,11.5543
6fni,14.9229
5y2f,4.2581
5tkj,7.5355
6fap,3.9455
6fi1,3.7683
5mwz,8.2589
6aro,8.817
6gw1,9.3064
5xbt,4.6503
6gzl,5.818
6cnj,4.4987
6gwr,12.2215
6cc9,2.3979
6ccx,-4.3178
5qav,5.6038
5qb2,5.6375
5qau,5.4678
6h0b,6.7616
6g98,7.7149
6guk,10.2995
6cct,5.2377
6fng,14.929
5obg,13.1055
5o8t,10.5552
6cvv,4.2292
6h7f,8.0098
5vrl,11.1272
5om3,12.5722
6c4u,3.6435
5o9p,11.1078
6ap8,8.1223
6e86,2.5405
6dik,4.1766
6dq6,8.972
5ok6,5.6639
6e4t,9.8207
6b67,7.4546
6hpw,8.1683
5w7x,5.3519
6hrq,6.7329
5var,7.2869
5y8y,7.512
6beh,7.8696
6agg,2.8175
5om2,11.3371
6ce6,6.8892
5xhs,6.3694
5oci,11.979
6chl,9.051
5yy9,4.1847
5ovp,6.2095
6fby,6.6476
6emu,9.4684
6fii,6.1737
5oa2,9.6903
6gzd,7.8301
6i8b,9.4085
6eln,10.6966
6h41,4.2814
6cze,5.2229
6fns,5.9208
5win,7.7964
5w4s,4.4247
5yhg,6.9938
6bgg,3.1632
6fam,9.4489
6bec,12.1148
6bxy,9.8659
6bmi,3.3111
6d50,7.2437
6exi,9.3488
6e9a,7.5186
6cdj,6.6361
5xvg,8.8924
6cdl,4.6918
6h5x,10.7111
6h5w,10.297
6dif,-2.6752
5web,7.9582
6gbx,8.4643
5w92,8.0799
6cn5,14.0745
6dj1,11.6682
5xva,8.5418
5wb3,4.9379
5ykp,1.4316
6apv,8.8065
6bbs,5.2949
6czd,9.9628
6bqh,10.4002
6drz,9.9137
6g4z,11.9439
5yr5,1.8982
6dge,-9.1594
5y0g,11.6188
6ebe,6.634
6eda,6.634
6dar,10.0587
5y0f,11.0117
6b8y,12.6631
6aps,9.1403
5vja,7.6644
6ecz,6.4378
6aqq,6.8575
6bu3,9.9122
5wdw,7.2948
6eeh,7.9681
6e7j,10.5626
5w44,7.3507
6bc9,7.1351
6dry,8.9347
6eeo,7.1988
5wfm,7.7295
5wap,7.9305
5n9n,11.5258
5wa6,5.7673
6h36,8.2102
5n9k,11.6113
5yr4,-34.2465
6got,-0.308
5wdc,6.3359
5wa7,7.0466
6f92,9.4879
6cbh,10.9727
6g3o,7.0737
6hh3,9.9493
5y12,8.4869
6h2z,7.7533
6h34,8.0369
6c8x,9.3901
5w73,6.3333
5ou3,6.7154
5laq,9.9258
6eea,5.9219
6ays,9.5206
6apw,9.2983
6h33,8.3182
6eiz,4.5963
5xvf,6.6613
6aqo,5.472
6b4d,6.5793
6bvh,10.7215
6c7q,9.3886
5kw2,9.3208
5ou1,5.2544
6apt,7.9565
5wfw,6.5576
6c4d,13.9205
6b7h,11.9358
6h7l,10.281
6hgz,9.9341
6f7q,9.1469
6f90,8.9378
5mgi,5.6332
5y13,6.7463
6bqg,13.168
5od1,8.3842
6bt6,9.7314
5owh,5.0966
5owl,5.9791
5z1c,4.6115
5nps,10.1811
5yic,10.4904
6dpx,7.9528
6ayt,9.8249
5wf3,7.3103
6g4y,12.6805
5oyd,-5.7518
5nw7,6.7908
6gdg,7.7571
6dj7,-2.0874
5nxp,5.0665
6f9r,9.5694
6dhc,7.0034
5l8c,10.2231
5mwy,12.6369
6eif,8.1233
5zag,9.364
6en6,9.982
6cbg,7.9359
6dh6,9.7622
6ej3,11.9159
6iiu,11.3856
5npr,8.5323
6dh2,9.231
6mvu,6.0707
6apu,7.1525
5ny6,3.7128
6f9t,9.5959
6dh7,9.4561
5za7,9.5306
5oh3,6.0313
6ee3,13.0599
5oh9,4.2386
5va9,4.5674
5wf6,9.4266
6iiv,9.0958
6dh8,9.6695
6g2m,14.8993
6h7m,8.5244
5wlt,5.805
5zae,9.9084
6ej4,8.3541
5n9l,11.4607
5uzj,7.7291
5zaf,10.1104
6eij,8.1227
6euc,7.287
6ewk,7.287
6ej2,12.1844
6f9v,10.346
5nxx,5.9135
5uzk,10.4816
5za9,2.7813
6g46,2.2155
6m9t,8.3827
6ee2,9.44
5g5v,11.9679
5zkb,11.0293
6f28,8.9654
6hx5,-5.1909
5ll7,5.231
6h7j,8.3309
6h29,4.0766
6h37,7.3953
5wg9,7.6769
6fnr,4.8834
5nxg,7.7485
6eip,9.4404
6ee4,11.3526
6gg4,6.5178
5wxo,8.4514
6ee6,12.1617
5nxi,6.4712
6bw2,10.2317
6cvx,11.8083
6fnt,6.1336
5wf5,10.674
6eqw,9.1565
5nzn,8.0656
6cjv,3.286
6gg5,6.6079
5yum,5.0919
6fmp,5.2255
6djc,14.7365
6eqv,8.6179
6fcl,9.0393
5wgp,4.0189
6dh0,9.9593
6eis,11.5071
6fag,7.1611
6ea1,11.9106
6dpz,6.9997
6arj,11.6691
6dh1,9.2415
6g22,13.5539
6f3b,7.3597
6edr,6.6156
6eee,10.1128
6ea2,12.7761
6aqs,2.9177
5oh4,5.6104
5yjb,7.9639
6mi6,4.8145
5wlv,5.4481
5yia,9.9954
6f29,7.0138
5v6y,7.5866
5yib,9.7192
5nxv,7.7227
6d1u,8.9287
6buu,7.3332
6cvy,11.7859
6flg,5.9944
6faf,7.4484
5mwp,11.9422
6fky,5.928
6d9x,6.6718
6dne,6.1798
6eqx,7.8441
5ny3,6.8845
5wxf,9.2137
6c5f,7.506
6c7w,8.3193
6f05,7.2246
6ceh,5.7129
6exs,4.7498
5ny1,7.6242
6eiq,8.1558
5l8y,11.3834
5oh1,8.8563
6c1s,8.4811
5yid,10.7763
6ayr,9.537
6cb5,9.6113
5yr6,2.0604
6das,11.9038
5nxo,7.3066
5nya,5.9216
6m8y,1.0415
5zaj,10.0471
6eab,12.7694
5oh7,5.0792
5wxp,6.2048
6m9d,1.4099
6ex1,7.124
6ayo,10.2587
5yie,9.9177
6isd,7.6996
5za8,9.43
6dm8,8.4484
5zah,7.9674
6hh5,9.0731
6m9c,2.2248
5nxw,-6.1605
6g3q,5.5688
6eir,7.3479
5oh2,4.7782
5v3r,2.6625
6d2o,-0.1336
5oje,10.2097
6d1m,6.6809
6ar9,8.7648
6ayq,10.4032
6hwz,3.5093
5z5f,5.9817
6cbf,8.8227
6m8w,2.2712
5ou2,5.1028
5tig,-22.3135
6c3e,8.4151
6c7x,8.0569
5wa1,3.0804
5wdl,-0.8388
6g2l,12.4701
6m9f,2.7718
6cvw,12.4839
6b95,1.1918
6dak,9.0636
6dj5,2.5882
6f9u,8.552
6d1l,6.0941
6dj2,11.868
6dil,10.5579
5y0x,7.744
6h38,8.1255
6g2n,12.5058
6dpt,7.9559
6b59,7.1363
6evr,8.4352
6dpy,6.714
6eed,13.0146
6eaa,13.0214
6dai,8.1682
5zc5,10.9973
6c0s,11.9444
6fkz,5.274
6g3v,3.7815
5nzf,8.4581
6b2q,6.5242
5nxy,4.0814
6nze,10.3247
6nzh,9.8666
6nzm,13.7811
6ocz,10.8481
6rfj,8.1922
6gva,8.5443
6ocw,10.2363
6ode,10.581
6mjw,9.2409
6mck,7.7725
6qmr,10.3794
6r0k,6.2463
6s90,14.5404
6plg,8.0873
6oir,10.6698
6sfj,13.5326
6g9s,-10.023
6oqn,16.6158
6rmf,6.8152
6uwv,10.762
6k1s,-3.2844
6nzg,-13.998
6h4z,8.358
6ncj,10.9587
6sfi,12.6656
6mju,7.009
6uwp,11.6145
6mdc,14.1458
6rfi,10.443
6h4s,7.3252
6ul8,10.6278
6n0q,13.5373
6o6f,12.6391
6hkn,12.6654
6mhd,1.1544
6mt0,10.8368
6hro,6.2024
6qeg,9.0672
6mdb,12.365
6h52,6.7684
6akw,9.0227
6qef,10.5047
6sfk,12.6451
6qed,11.8302
6h4y,7.2561
6hgx,7.2614
6r8r,9.5322
6qfe,10.3737
6k9u,11.1809
6h4r,7.3806
6st3,6.286
6oim,9.4576
6h4t,10.9562
6pgp,9.3476
6h4p,6.2856
6h4w,8.0471
6o8i,4.6273
6q96,10.2579
6tel,12.8346
6qmt,11.1332
6h4o,7.7806
6d4t,10.502
6oip,11.3809
6r8q,10.4151
6h4x,7.5843
6h51,7.967
6hcw,13.0087
6rrm,1.1354
6p3p,8.467
6q7w,7.8193
6h50,6.174
6npv,8.8117
6qm7,10.0469
6ten,13.314
6h0u,2.5049
6mhb,2.2686
6md7,11.8968
6oko,13.6916
6rj2,10.9501
6t6a,8.8402
6mo2,5.4744
6k4x,4.4684
6p14,9.8648
6rtn,3.9629
6d4v,9.1756
6ind,8.3747
6imt,8.7456
6sal,14.0544
6duk,15.2158
6hkm,10.0839
6ink,8.3743
6oiq,11.4612
6te6,12.1067
6mo1,5.8143
6oio,11.3663
6nzp,9.9823
6p5v,11.4595
6hx1,10.1509
6j6m,9.8056
6ilz,9.8113
6mhc,0.2262
6mo5,9.5461
6nzq,10.0388
6o6g,9.8737
6ovc,5.9458
6rj5,10.5829
6rni,2.2918
6suo,12.5558
6npu,7.6038
6bqd,10.2718
6ohd,12.7434
6iji,10.8233
6ilq,8.2697
6aa4,9.8355
6pz4,10.452
6oa3,7.1759
6rj3,10.8089
6fe5,9.038
6npe,6.9629
6qhb,10.3637
6inm,8.3297
6n83,7.8042
6qs5,8.161
6g9f,-11.4456
6mo0,5.7247
6nzr,10.0049
6h4v,8.2893
6p8y,6.0789
5z1t,8.3483
6imo,8.0969
5y7k,6.3356
6s88,10.8543
6moo,8.1619
6h4u,8.3146
5z1s,8.2764
6gcx,3.3557
6i3u,10.5921
6mod,10.1301
5zhm,9.1735
6dhu,4.9785
6die,5.7008
6sq0,12.0511
6ffe,9.0057
5zxi,9.9264
6n6o,8.8317
6aej,4.1075
6d4q,10.1693
6i0x,-6.96
6gj7,8.9522
6npp,10.0854
6fzm,10.5828
6nzf,9.9755
6k4t,3.5808
6n19,5.7679
6qxd,-0.5595
6uvy,9.178
6d4s,9.4739
6o9x,7.3655
6p11,6.6078
6n17,7.0267
6fv1,4.4813
6oin,11.1518
6p12,9.2576
6rjp,-0.2186
6d4r,9.5244
6htc,-0.8636
6m88,9.4813
6n82,8.4752
6c67,9.4624
6qfh,9.8412
6hx8,7.0431
6q5b,-0.8993
6jjm,11.7312
6i1r,6.6058
6nss,13.8472
5zee,6.8011
6rne,2.1381
6mny,6.1353
6ahs,8.4504
6oah,6.932
6szj,8.711
6j5l,9.2647
6jib,9.6856
5znl,9.015
6jse,12.1179
6qxa,1.5277
6n3n,10.6995
6d4u,8.9798
5z1r,7.7183
6dih,4.6032
5zqr,13.5587
6itj,10.4575
6jwa,5.7122
6njj,12.8195
6nji,9.5229
6oyh,6.2575
6htd,4.7398
6ib2,3.9064
6pyu,8.9943
6udx,13.1453
5zgg,3.1651
6g8l,7.3738
6qh9,8.7197
6nvh,4.9452
6nvl,6.0607
6msn,4.5145
6kzc,14.5105
6ijl,-6.4201
6e6w,6.7763
6npm,8.2977
6f1w,12.8188
6htr,4.1998
6nel,9.3047
6pf5,9.1469
6uhv,4.1872
6e4c,6.4916
6g3c,11.0366
6q6m,7.5424
6nem,9.7482
6q9u,6.5754
6ckl,7.6949
6n5f,6.5774
6hmp,9.4591
6k0j,8.351
6i0k,6.0161
6i0c,9.8146
5ovf,7.6547
6m95,10.8668
6mo8,9.832
6q9q,7.8265
6hmr,7.9729
6qg7,3.807
6f7i,11.9424
6q39,10.3973
6qad,6.8677
6m8e,7.4559
6qri,8.1474
6i8z,12.78
6pya,10.3348
6mo9,9.0172
6irt,-0.6931
6skd,5.0517
6dtn,10.8441
6rn6,1.8251
6hcu,12.6445
6iby,13.6672
6ic6,2.4915
6jz0,5.5225
6iuo,4.0981
6c9n,10.9626
6htp,3.0979
6pi1,5.8293
6ega,13.2205
6ohu,8.4079
6s9d,13.77
6pf4,8.3352
6g8j,-510.6196
6e3z,10.3391
5zef,3.4029
6qmd,8.6651
6e6v,4.0008
6q9s,8.702
6s7s,10.3602
5zqp,14.7383
5y7h,6.5527
6uim,3.525
6oyz,5.623
6nrf,13.3617
6nwc,9.2021
6q8p,8.0341
6pf6,9.6586
6pk7,0.0363
5zqo,12.486
6skb,8.6831
6c9r,10.3132
6f96,7.8856
6qhr,3.7468
6g8q,7.0019
6o1g,10.0894
6ow7,6.1147
6pyr,9.8097
6hrw,5.6938
6qff,10.2766
6h4q,8.4052
6edl,8.4742
6jut,13.1265
6dha,7.0698
6e5b,4.0684
6m8c,9.1865
6s7z,11.0385
6hop,6.1172
6e3m,3.5346
6gcw,8.2447
6c9p,9.0314
6m89,8.9648
6ufn,5.8984
6n3o,11.6374
6r7d,9.8509
6ebw,8.6459
6qcj,5.8186
6jmf,9.4541
6nvi,5.0253
6hys,11.31
6q7v,5.6119
6p8x,6.9747
6peb,13.9831
6hgv,6.9022
6hvw,-2.5204
6n7z,7.144
6kzd,16.5443
6kdz,9.014
6rz6,11.24
6pgo,5.8578
6im6,7.0018
6njh,11.0368
6jsz,9.6146
6e0r,7.7891
6r5f,9.9413
6m7h,5.57
6etg,-16.6239
5zqq,14.6794
6s9b,9.6117
6prt,4.9355
6hvv,-0.7348
5zcu,8.2622
5ovi,8.9583
5qj2,6.1073
6msc,9.7237
6q7h,9.6519
6gjd,15.0097
6ic0,13.2773
6ibz,12.6668
6qaa,8.3701
6iup,10.153
6nyw,7.678
6qw9,0.8535
5qj3,9.0118
6f26,13.4787
6ps9,9.2466
6iar,8.9037
6oa1,7.8194
6n3z,9.0647
6imi,6.7582
6hvu,3.9458
6qwa,1.966
6s9c,9.3005
6huc,3.1768
6nd3,-1.9483
6hmb,12.0553
6hv0,9.9865
6n3l,12.2598
6nri,10.3415
6udy,13.2921
5ovh,9.6527
6knh,5.6035
5z5v,6.513
6ke0,8.7887
6pf3,8.7079
6hwu,5.7573
6q8k,6.7807
6kdx,8.948
6m9l,9.9548
6mhm,-13.9827
6n3k,9.3069
6q6o,8.5925
6ibx,13.8803
6p1l,9.6889
6npi,5.072
6qfg,9.8442
6qae,8.1369
6rpg,11.1933
5zma,9.6746
6hs0,6.5989
6izq,5.3287
6dji,4.5584
6hs4,5.0954
6jsf,11.6451
6q9o,10.9335
6ak4,5.1594
6oag,7.5442
6jsn,9.708
6mso,3.6621
6mum,7.2588
6mzw,4.7803
6mzq,8.8693
6q9l,9.6431
6nkp,8.0156
6hv5,4.697
6hvr,4.4612
6r8p,7.4731
6gcl,5.6886
6ufo,4.9135
6g8k,5.5485
6phz,6.6041
6oht,9.3437
6n5h,12.1937
6a6k,9.1697
6huu,3.8647
6k1q,13.1822
6qft,1.386
6nrj,12.3271
6q9y,8.224
6uii,2.6504
6n5c,6.4254
6f86,8.3304
6s9x,10.5757
6r7j,11.1879
6pht,3.8769
6p1d,10.4914
6hgy,3.0636
6ny4,8.0074
6ow2,6.5976
6pl3,9.6603
6rj6,8.74
6fne,0.1716
6s43,10.049
6e5g,-9.1493
6imr,9.2241
6tld,4.102
6fu1,4.0792
6m8b,8.9343
6dtx,10.5337
6jsg,8.803
6mo4,9.3365
6gcr,5.8236
6oe3,12.974
6hot,7.1336
5ovg,7.2258
6qw8,-9.372
6uhu,5.0025
6ib0,0.9347
6i0p,5.8053
6nk0,8.6113
6pic,4.7654
6keb,4.1443
6pyb,6.3632
6pdj,9.8579
6nsp,8.8068
6q37,9.622
6j10,-0.3005
6e3g,11.1982
6qme,8.8154
6mep,9.5149
6i0r,6.2611
6qw7,-9.4205
6oco,7.5142
6mdd,9.3009
6agt,10.706
6n9p,5.9435
6oyw,11.4347
6qha,9.9574
6jt3,10.0109
6p5w,12.202
6a84,15.0799
6nvj,5.0099
6dtw,10.115
6hzu,10.7323
6m8a,8.2117
6hp9,12.0634
6d4w,9.6478
6oyt,9.8322
6fff,10.487
6r7k,11.1636
6rn7,2.0714
6hy2,5.7947
5y7j,7.0838
6hva,4.0995
6aa5,10.9969
6oz6,6.6212
6hv2,5.225
6hou,6.3188
6nrh,11.5786
6kla,8.0475
6nrg,10.737
6s7k,9.5463
6imb,6.8018
6imd,6.915
6q9w,9.119
6hvs,3.7281
6hv4,-2.617
5z1e,3.9689
5z1d,4.0327
6hcv,10.4323
6q7a,11.1235
6rna,8.9876
6p10,6.5637
6od6,9.5526
6jpj,3.8445
6qab,8.9154
6qac,8.4265
6mul,9.5694
6rln,13.3529
6rn9,2.4313
6qhc,9.0016
6uvv,8.301
6hbn,8.8805
6d5w,9.4189
6ffg,11.0983
6qho,1.2569
6s55,8.558
6oi9,10.6236
6hor,7.074
6hv7,2.6671
6eg9,12.0376
6npt,8.4967
6ijh,10.1725
6hzv,8.1474
6ic5,3.1202
6qxu,14.0091
6dim,5.9999
6djd,5.4105
6m8d,8.2691
6n7y,7.4556
6q9h,8.7756
6hrx,4.4638
6pys,11.0621
6huq,2.9705
6uf0,8.8388
6ic7,4.0931
6jjn,9.3461
6skc,5.6903
6psb,9.383
6a1c,6.0324
6mob,15.2816
6c9q,10.3083
6n4t,4.2023
6jid,9.8439
6fym,9.9365
6s8a,7.9792
6nvg,4.3439
6s89,7.758
6qg4,1.2394
6a3n,9.6668
6uil,5.6536
6djj,6.0849
6sze,8.0058
6hwv,10.878
6moa,11.8217
6msa,7.5009
6f8j,8.2395
6r49,6.1376
6e6j,10.7147
6gjb,7.9851
6hub,3.4246
6nsq,12.0782
6i0b,10.5592
6n4e,9.2109
6qwb,0.2101
6mo7,9.5516
5zr3,12.7948
6f94,8.1923
6n5g,9.281
6i5i,12.0376
6ocu,7.2852
6qgj,2.436
6mqe,9.6744
6r8o,12.4919
6h4d,8.6944
6i8m,10.2617
6qyn,6.8099
6qz8,8.1692
6dyv,9.4301
6dyy,9.1139
6qyo,6.8041
6maj,12.2099
6qmk,12.0403
6dyw,10.0012
6qmj,10.9361
6dyu,9.7299
6jb0,12.0621
6slg,10.6355
5zyj,10.4855
6u5y,9.4633
6qyp,7.66
6nfh,9.2034
6rr0,5.8649
6qsz,4.9398
5zyi,9.806
5zyl,12.2599
6p83,11.9462
6qfq,10.4184
6nfi,9.6093
6pi5,5.7298
6pii,4.7942
6u8l,8.4513
6qr0,10.8665
6fzf,3.4393
6efk,7.3675
6fvl,5.7324
6np2,10.5738
5zyk,11.839
6ai9,8.5652
6qqz,10.4339
5zhl,7.9613
6kdi,7.7483
6e23,11.4684
6iph,7.9285
6idg,8.9612
6fvm,6.8899
6i17,12.8933
6mqm,4.8561
6u8o,8.9352
6fzg,11.2479
6oja,6.037
6n9l,10.7131
6phr,4.3781
6qgk,9.2813
6idz,5.9539
6if0,10.0587
6qz6,8.7959
6qz7,5.1988
6a73,3.709
6np3,10.8275
6ntj,9.0631
6qzb,8.2994
6g2r,9.0975
6qi7,5.4564
6qr3,10.984
6fzp,3.24
6pfj,15.5529
6mom,11.4748
6n7d,11.596
6iez,9.9531
6r4s,6.5548
6c8c,11.9086
6u8b,8.209
6pxc,4.8174
6sy7,10.4081
6fzj,3.7002
6r7r,2.9073
6idb,7.0762
6u5m,8.4734
6j81,10.3151
6op9,8.4983
5zys,4.83
6p3w,4.5337
6o3x,5.2143
6qr4,10.9237
6nad,10.4346
6dyz,9.6461
6r8l,11.4762
6mkq,-10.8727
6md4,6.4948
6hgi,10.6508
6aec,7.7734
6j72,11.6829
6ak5,9.408
6hq7,11.2257
6hq3,10.838
6a87,5.7174
6oie,5.7242
6p7p,27.2372
6dsp,7.7334
6qyl,6.1751
6qz5,8.5228
6htn,7.4292
6mlo,7.5059
6n3f,5.8764
6hm1,11.5319
6dz0,9.4351
6r8i,5.3327
6jbb,11.772
6jb4,12.6521
6mle,7.7514
6qgf,8.6865
6uyx,2.5873
6mbo,9.9842
6mbp,10.3132
6pka,12.3189
6r9x,7.6524
6d9s,10.0577
6o7g,4.6079
6os6,8.7139
6a80,1.511
6md0,4.3805
6mh1,9.5449
6n48,4.2121
6r8w,12.6835
6iyv,-3.9436
6gj8,9.246
6e22,9.3771
6dz3,8.8395
6n0p,13.1671
6k4r,-7.2003
6dz2,10.1905
6e1a,10.1639
6h8c,4.268
6n3w,8.4082
6bs3,10.3943
6i14,11.2318
6n0m,5.3101
6rml,4.1279
6jan,12.87
6aad,9.0102
6ipj,6.3385
6rqk,5.5527
5zhn,8.8788
6stl,5.5581
6inz,11.2004
6mnc,7.8296
6r4v,5.1681
6aan,7.2259
6i8t,10.1709
6aeh,8.3684
5zdb,12.871
5zdd,10.5927
5zde,1.0048
5zdc,11.94
5zym,11.3449
6gge,7.1588
6a9c,3.5324
6d78,11.6787
6mh7,9.8624
6ncp,5.1967
6ipi,8.9812
5zdf,10.7843
6hol,5.912
6uyy,4.276
5zhj,9.7752
6o68,3.83
6p85,9.2278
6jof,8.7892
6haj,12.8013
6kjf,3.951
6haz,9.2675
6ql3,7.9676
6qrd,10.2861
6j3p,10.6878
6rih,7.2702
6ha4,7.2681
6iqg,7.5907
6qrg,6.1921
6pia,4.6586
5zbz,6.2309
6abk,5.6051
6j0o,10.6462
6jaq,8.5313
6fmn,12.0888
6d49,7.17
6d4a,6.7199
6gjw,12.3579
6i77,7.3611
6pg5,6.4275
6nv7,12.1794
6cf7,9.174
6dgr,5.9466
6a05,16.4382
6a30,3.4516
6e7u,9.91
6cjj,10.3159
6e7t,10.5791
6me1,7.119
6pg9,7.0828
6qqv,10.5361
6un1,-6.9784
6jon,7.5303
6mjq,9.2287
6g6x,5.5068
6n55,4.1587
6n53,7.4433
6max,5.1213
6op0,13.6077
6jao,11.4649
6tyz,6.3226
6mt6,11.4242
6klk,5.7497
6dql,1.6277
6i68,5.7919
6jdl,8.0134
6qrc,10.2952
6mja,9.7058
6gga,6.9101
6mjj,9.8931
6jfk,12.7635
6pg8,6.8635
6e7r,9.1344
6qk8,4.3469
6qre,7.3655
6hah,10.0232
6p84,11.0976
6nsv,7.5951
6mt4,10.9639
6q4q,-1160.8349
6e1z,5.2029
6ipl,3.4368
6cd5,10.7427
6pyd,12.0617
6i62,8.0899
6nlj,6.4985
6qlr,9.8717
6jap,11.9415
6kmj,5.355
6qxj,7.4564
6g2b,8.2745
6e3s,9.5464
6g7a,8.2239
6nfz,8.489
6nfy,8.9696
6qts,6.0665
6t1l,5.9483
6om2,4.6942
6n54,5.8606
6g24,6.199
6g2o,10.4139
6e7x,9.6584
6ql2,6.1196
6mkw,5.7958
6qas,9.6887
6t1j,6.3254
6miy,9.497
6n3e,6.0984
6i66,6.0003
6iou,4.8428
6i78,6.7066
6seo,5.2637
6mj4,9.108
6ueg,4.9589
6jbe,8.0311
6qr9,9.6912
6qtq,6.188
6frj,6.3556
5zk7,5.0776
6poh,4.5878
6prg,14.1928
6qqw,10.2562
6quv,8.9414
6r0x,5.1497
6bs5,6.3639
6n8x,9.9804
6qge,9.3702
6iiw,5.6752
6n87,8.6426
6pi6,5.2441
6jjz,7.663
6j0g,6.6508
6j0k,5.9588
6ets,5.2531
6n3v,8.7955
6j3o,7.7485
6cse,1.3757
6h1d,10.8092
6agk,9.7455
6ggd,7.8982
6t1o,8.0337
6ak6,7.8179
6ikm,3.6677
6nfo,8.0304
5zyh,8.7289
6i12,10.7511
6hk4,8.5796
6fvo,5.39
6bs4,12.3159
6sen,4.9662
6mg5,9.6969
6itq,11.7175
6n93,6.3145
6rmm,2.4522
6ocq,7.5111
6mlp,7.024
6pg6,6.3483
6i67,7.2498
5z66,14.2491
6ipm,9.1786
6g6t,7.6036
6nfn,8.0779
6qfx,4.3413
6gj6,8.9219
6iae,8.2689
6p86,9.3547
6p8z,6.4896
6i96,5.8007
6dyr,5.4444
6cq1,7.5798
6ift,10.1731
6nw3,12.2884
6pl1,10.6366
6hq4,10.084
6itp,12.7892
6h9v,4.9819
6nk1,7.1095
6e7m,-10.2864
6v5l,5.924
6nsx,6.0677
6e1y,9.2286
6g2c,8.2148
6ooy,10.5726
6pg7,6.8354
6qln,9.7161
6jno,3.5542
6mmq,10.7115
6i75,7.8495
6qlu,9.1079
6qtr,5.6901
6qto,6.6307
6e91,6.4729
6pge,5.8342
6nj0,11.1074
6mmc,11.5233
6g5l,8.3675
6iso,5.2917
6p87,7.5544
6p8a,8.7759
6j06,6.6225
6q36,5.3017
6pgb,8.1688
6qe0,10.4023
6pg4,4.9522
6poq,6.3673
6np5,11.8729
6nti,9.4904
6o9c,9.0165
6pga,5.8747
6pid,4.0677
6mm5,5.6259
6i11,10.3713
6i10,10.5483
5znc,10.075
6mln,7.7814
5zjf,-2.2166
6o5g,5.7113
6ia7,7.3792
6dgl,9.9153
6dgq,5.746
6qtw,6.7653
6a5e,5.371
6c3n,4.1445
6qr2,11.3624
6dgo,6.0281
5zxk,5.1262
6fgc,7.3882
6a06,21.7584
6gfm,3.2847
6i74,8.9193
6om4,11.1767
6dzx,6.1261
6gdy,4.5949
6t1n,8.7584
6n3y,7.6527
6csf,1.0438
6r1b,5.5792
5zdg,4.9349
6mli,6.2394
6d8v,5.4525
6hgg,10.9707
6ott,4.9762
6mm2,13.3536
6aaq,8.3924
6qzr,5.5401
6p88,9.9792
6sge,15.6661
6g25,8.7555
6e7w,10.3061
6q9t,3.8657
6nco,7.4168
6qdx,8.2513
6nu1,4.2783
6hk3,8.59
6j7l,10.7101
6jag,12.1996
6nyv,6.9694
6qlq,8.0578
6mt5,10.609
6qau,8.4951
6fpu,12.1604
6poi,6.8224
6dn5,6.3259
6hhp,7.5803
6dyo,4.9224
6ql1,7.6102
6e7v,8.247
6qrf,6.0843
6pvz,6.3084
6pyc,10.4302
6q4e,5.8146
6e92,5.1187
6qfu,6.4156
6dkp,11.5627
6e5s,-9.7933
6c3l,5.1005
6np4,11.14
6c5h,9.6713
6m8q,10.5343
6rtw,9.6087
6u80,8.0206
6o3y,4.1046
6j1l,11.2333
6py0,6.2882
6qaf,10.5926
6i65,5.8999
6g5u,6.2834
6qtx,7.2482
6qzh,9.5947
6g2s,9.6007
6ggb,8.4284
6ggf,7.8379
6aee,7.7419
6hzx,3.5583
6olx,9.8829
6n8y,9.8247
5zk5,3.5732
6n0j,12.263
6os5,8.9203
6p7q,12.1358
6pgc,6.0758
6qls,10.9584
6u6w,7.7433
6fvn,5.5284
6qav,10.4153
5zni,8.5694
6dzv,7.9263
6im4,8.6442
6s07,7.0754
6u9v,7.0869
6hgj,8.7205
5zjz,5.2712
6q38,5.6814
6h4a,9.1212
6h75,11.3938
6mla,6.6108
6o5u,11.7052
6k2n,5.1248
6qi4,5.0946
6gj5,8.9735
6q6f,3.7732
6mmo,8.436
6q3z,8.3809
5zk9,5.0832
6hk7,5.8818
5ove,8.9672
6hkx,8.9543
6hky,9.1039
6ajz,8.4264
6qat,8.4734
6gy0,7.7879
6phx,12.3712
6g29,9.4112
6jad,11.9589
6ajr,4.7246
6i64,8.9905
6pg3,5.1987
6oh3,9.9282
6i5p,6.6298
6ior,5.6622
6nzk,4.4048
6qfv,7.0393
6sdd,12.3952
6qqu,9.7623
6d08,6.2397
6mqc,9.8423
6d07,6.3417
6qlp,7.9437
6sfc,8.2457
6ajy,6.2338
6qtm,3.5222
6t1i,6.6367
6a03,15.7537
6a9o,4.7033
6gxg,4.9505
6gxy,3.5796
6iot,4.7217
6pu3,7.5981
6jam,12.3399
6e4v,7.6836
6q4g,7.6979
6mji,8.9582
6ghv,4.0353
6k5r,4.013
6hp5,7.8039
6hks,4.436
6q3y,7.9099
6mlj,7.1286
6i7a,5.9798
6dys,6.2483
6i61,10.1933
6hmy,8.2803
6qc0,3.6597
6k5t,3.5986
6iyw,-10.6377
6nng,1.2162
6qqt,9.6336
6eeb,7.0803
6ml9,7.7804
6ms1,6.5615
6a04,18.3734
6t1m,7.4331
5zyg,9.2234
6iht,4.7511
6oh2,8.0008
6j63,7.288
6nv9,11.8238
5zjy,4.9315
6i97,6.4487
6o2p,6.6594
6g8i,-587.8557
6ipk,8.9186
6qqq,7.8042
6peg,6.8411
6g2f,9.9514
6k3l,9.334
6e8x,6.7869
6mtu,4.2856
6i41,5.9809
6cn8,4.5206
6dyn,3.7367
6pvy,5.7017
6sde,10.7243
6ssy,5.3169
6v1c,8.9798
6dy7,6.4838
6e7s,9.6713
5zdp,8.0896
6cyg,8.3435
6p9e,8.7612
6c5j,5.5625
6c5k,10.2129
6dya,8.0021
6det,6.7071
6nu5,4.5034
6ntb,13.2799
5zqu,9.6307
6n7q,8.2544
6r9s,8.0684
6miv,9.9501
6j9w,12.4081
6r9u,7.6715
6qe5,11.2904
6o3w,4.0471
6i13,10.2769
6aao,7.58
5zml,4.3992
6jdi,9.1771
6hoi,6.1321
6cyh,10.5572
6mku,7.7691
6qr7,10.8592
6n9t,3.0012
6fcj,7.9898
6qra,10.3878
6qcg,4.1426
6g27,9.2469
6qhg,7.5751
6st0,6.0245
6rhe,-164.831
6mtv,4.2648
6nfg,6.8318
6gxq,10.4563
6ios,5.8187
6q92,8.5748
6dn6,8.0355
5oai,8.5472
6n3x,9.8736
6j9y,12.7791
6nnr,4.8508
6i76,8.9787
6qr1,9.81
6n0k,13.4614
6pl2,10.2879
6kqi,10.2987
6qlo,8.564
6agp,7.23
6kjd,9.1361
6pml,6.286
6fh3,4.0465
6i18,12.4058
6nm4,6.1458
6ftf,10.7974
6m87,9.0552
6md6,-3.872
6s57,-19.9281
6s56,8.0537
6ajv,7.5201
6ajx,7.2698
6cyi,9.0707
6j7e,7.3729
6hbm,7.0088
6hgf,12.1285
6p89,9.5531
6g2e,7.8169
6ncn,6.1069
6joe,4.7675
6qpl,8.0234
6hmt,7.6048
6i0z,7.9657
6qlt,7.9989
6hni,7.7279
6i63,9.5873
6njz,7.864
6hay,12.7867
6hhr,9.7926
6rk4,4.4066
6afk,10.8941
6ooz,12.4738
6da1,6.0892
6dat,6.1346
6mlg,7.3549
6oxq,9.733
6ng0,9.4949
6qgh,11.9116
6oxp,9.6749
6o0k,12.2885
5zg1,6.0979
6oxv,10.0444
6oxw,9.542
6ne5,12.1678
6no9,11.4883
6oxr,9.4019
6p3t,12.0685
6oqc,19.3825
6d3x,9.4579
6udv,20.611
6hlb,6.5304
6oy1,9.3423
6oqb,19.562
5zg3,11.0055
6ud2,15.7734
6nzt,14.6356
6ndl,12.8292
6nzv,13.6463
6pvx,5.5762
5zty,10.88
6jn6,5.0907
5zg0,9.7734
6oxu,10.1094
6p3u,9.1787
6p3v,7.9564
6n4b,8.5452
6oxx,9.2105
6oxs,9.7429
6udi,16.3755
6oxt,10.2974
6ps0,9.2464
6o0p,11.8698
6me4,7.0407
6oy2,9.0042
6ps4,8.6746
6d40,9.7453
6q89,12.4913
6oqd,19.3751
6ps3,10.396
6sbt,8.1705
6ixd,4.1016
6h9x,10.7093
6i9a,4.4131
6udt,19.4972
6ps1,7.4917
6ps6,7.7559
6cjs,10.9857
6oxz,9.2683
6n78,10.2604
6n79,9.9917
6jij,3.1355
6saf,8.8733
6d19,9.0541
6oxy,9.6002
6cjr,13.4881
6o5t,3.5216
6ftw,9.1517
6pt3,9.7143
6jki,11.9062
6hoq,7.696
6me3,8.8081
6iql,7.7028
6me2,8.2041
6o0m,11.6253
6pvw,-16.8285
6hle,12.7008
6ibl,9.8032
6hza,10.7314
6oy0,9.2372
6n77,10.2535
6orr,14.6397
6udu,17.4142
6qgg,11.7402
6hld,6.7619
6pgx,6.9362
6ggg,13.1623
6n7c,11.334
6hzd,9.6401
6n7b,10.1235
6j8r,2.7909
6gg8,12.335
6odz,7.0875
6c2r,9.3992
6hzb,10.6188
6fz4,10.2231
6hzc,12.8864
6pit,3.2763
6d3z,9.3792
6oe0,7.4005
6peu,8.2621
6s1s,4.3071
6d18,9.2243
6npf,5.7542
6pvv,5.2697
6nt2,6.272
6me5,6.2282
6jav,8.2354
6mq3,9.6248
6eds,11.1675
6o94,12.8126
6jay,8.4209
6hhj,11.7759
6n92,8.0581
6hr2,14.794
6u26,8.3503
6oac,6.1883
6s4t,14.6999
6rvl,7.4874
6ibs,4.1099
6r0v,8.3764
6c9v,12.3961
6g9x,3.0574
6hzy,6.8014
6d1b,5.1459
6c85,3.0171
6hp0,9.0194
6r11,7.4997
6r18,8.2077
6r1c,6.7744
6i5g,6.2544
6h14,16.2139
6rw1,6.5937
6gf3,10.6195
6iam,5.8037
6ovz,-12.2851
6hb5,12.3418
6hb7,12.3697
6myn,9.8068
6ox0,11.8607
6a8n,13.2071
6d17,9.4842
6u7o,0.149
6gvi,10.0999
6q35,2.4799
6s4n,13.3499
6s4u,10.9945
6hhg,9.4255
6hgs,10.4043
6e6m,9.4274
5qqo,15.4487
6mlw,8.1217
6szp,4.7286
6ugz,6.4513
6n94,7.8764
6d1h,5.5492
6mnp,2.8911
6rfn,8.1219
6gev,12.1903
6nmb,5.2803
6jn4,5.4805
6d3y,9.5105
6jaw,7.9653
6u7p,-0.2757
6mxc,11.0136
6hy7,3.9275
6j8q,3.5001
6o50,8.0129
6ouv,10.547
6qyk,7.4975
6i5y,13.1826
6h12,11.9218
6q8c,9.5802
6nwk,12.5953
6d3g,-11.0069
6r13,7.6348
6mlh,8.7873
6plf,7.7816
6nyh,13.2624
6dd1,6.6714
6o5x,9.1037
6mll,7.1547
5yy6,10.6132
6qs1,10.1031
6a8g,11.9297
6g02,8.1935
6gvx,6.9229
6ugo,6.431
6mia,6.5855
6hax,14.124
6mxb,8.49
6k05,9.433
6ugq,6.6116
6p5o,7.5232
6e5t,9.4551
6gvf,8.8843
6jio,8.002
6q8b,10.2182
6o9d,11.2075
6s0e,7.9412
6oe1,8.1909
6h7d,6.9463
6dd0,6.9033
6o21,6.3216
5qtt,15.3224
6d3q,9.4085
6o4w,13.396
6gbw,9.0213
6ps5,7.9648
6tl2,4.0774
6n96,-18.1987
6otg,5.5093
6rfw,8.7741
6d15,7.257
6d1d,5.4545
6dl2,8.6189
6d1g,4.6383
6hgr,9.2833
6gxb,8.7069
6o0o,10.5641
6ppy,8.9698
6jax,11.5056
6m7i,4.7061
6g01,9.1328
6dzy,9.0599
6q30,3.9579
5qtu,13.7756
6byz,10.9691
6n7a,10.2721
5ywg,6.2405
6of5,1.1454
6pno,-12.3398
6a94,9.1364
6o4x,9.4315
6md8,8.0097
6mnv,8.599
6gwe,8.843
6hb6,12.6386
6rvk,7.8782
6nwl,11.7746
6pve,13.9038
6d1a,5.9229
6r1a,6.8871
6s5k,12.1463
6efj,5.1657
6mey,2.3713
6rot,10.1341
6c9s,12.5461
6r1d,8.2546
6r1w,8.0855
6o95,12.1132
5qqp,16.1175
6o8u,10.5282
6q2y,5.1186
6mxd,7.8269
6ibv,4.8159
6ibk,6.3662
6o57,9.1274
6o5a,8.1898
6qwi,5.0159
6ugr,7.1043
6mlf,7.5516
6d1j,5.1261
6mdu,8.2287
6h13,12.6969
6s9w,8.775
6pvu,4.8352
6pnm,-11.4001
6jn3,5.3763
6hhi,10.3968
6pvs,11.6696
6a93,10.6882
6om8,11.4437
6pnn,-10.5932
6gg3,1.8462
6e5l,9.5913
6hhh,8.5268
6ugp,7.2114
6jn5,5.099
6o0h,10.0472
6abx,6.9857
6n97,8.6325
6n95,7.7007
6cjp,8.5823
6pm9,6.5565
6h3q,0.9565
6rvf,8.1142
6d1k,5.0514
6qxs,7.1614
6o48,8.3402
6ugn,7.0919
6do1,8.2979
6jtc,4.5537
6d16,8.0704
6r4k,6.73
6d1i,4.5006
6uh0,6.3707
6r1k,7.9014
6k04,10.747
6q8a,9.9427
6ic2,5.3978
6gvh,8.6586
6gvg,9.4911
